Date,Month,Campaign,Country,Spend,Revenue,Conversions,Clicks,Impressions,Platform,ROAS
2026-03-01,2026-03,Growify_XYZ LuxuryP_Search_India-12/12/25,India,0.0,0.0,0.0,2.0,2,Google,0.0
2026-03-06,2026-03,Growify_XYZ LuxuryP_Search_India-12/12/25,India,97.433475,0.0,0.0,21.0,37,Google,0.0
2026-03-07,2026-03,Growify_XYZ LuxuryP_Search_India-12/12/25,India,414.235773,0.0,0.0,38.0,67,Google,0.0
2026-03-08,2026-03,Growify_XYZ LuxuryP_Search_India-12/12/25,India,248.294425,0.0,0.0,31.0,50,Google,0.0
2026-03-09,2026-03,Growify_XYZ LuxuryP_Search_India-12/12/25,India,428.02695,0.0,0.0,47.0,67,Google,0.0
2026-03-10,2026-03,Growify_XYZ LuxuryP_Search_India-12/12/25,India,410.271546,0.0,0.0,45.0,73,Google,0.0
2026-03-11,2026-03,Growify_XYZ LuxuryP_Search_India-12/12/25,India,90.001495,0.0,0.0,45.0,70,Google,0.0
2026-03-12,2026-03,Growify_XYZ LuxuryP_Search_India-12/12/25,India,145.47781,0.0,0.0,41.0,75,Google,0.0
2026-03-13,2026-03,Growify | Sales | Shopping | US+Canada | DS,Canada,34.463969,0.0,0.0,2.0,141,Google,0.0
2026-03-13,2026-03,Growify | Sales | Shopping | US+Canada | DS,United States,2.074435,0.0,0.0,1.0,101,Google,0.0
2026-03-13,2026-03,Growify_XYZ LuxuryP_Pmax_India_03-02-2025,India,72.682209,0.0,0.0,73.0,1354,Google,0.0
2026-03-13,2026-03,Growify_XYZ LuxuryP_Search_India-12/12/25,India,103.928013,0.0,0.0,50.0,74,Google,0.0
2026-03-14,2026-03,Growify | Sales | Shopping | US+Canada | DS,Canada,304.214711,0.0,0.0,10.0,111,Google,0.0
2026-03-14,2026-03,Growify | Sales | Shopping | US+Canada | DS,United States,2924.926787,0.0,0.0,13.0,347,Google,0.0
2026-03-14,2026-03,Growify_XYZ LuxuryP_Pmax_India_03-02-2025,India,1898.810482,0.0,0.0,1230.0,16740,Google,0.0
2026-03-14,2026-03,Growify_XYZ LuxuryP_Search_India-12/12/25,India,124.166534,0.0,0.0,22.0,44,Google,0.0
2026-03-15,2026-03,Growify | Sales | Shopping | US+Canada | DS,Canada,1130.917193,0.0,0.0,10.0,231,Google,0.0
2026-03-15,2026-03,Growify | Sales | Shopping | US+Canada | DS,United States,1236.870223,0.0,0.0,13.0,328,Google,0.0
2026-03-15,2026-03,Growify_XYZ LuxuryP_Pmax_India_03-02-2025,India,5055.800891,0.0,0.0,1545.0,28984,Google,0.0
2026-03-15,2026-03,Growify_XYZ LuxuryP_Search_India-12/12/25,India,669.027268,0.0,0.0,32.0,41,Google,0.0
2026-03-16,2026-03,Growify | Sales | Shopping | US+Canada | DS,Canada,310.104035,0.0,0.0,4.0,65,Google,0.0
2026-03-16,2026-03,Growify | Sales | Shopping | US+Canada | DS,United States,1426.249405,0.0,0.0,10.0,188,Google,0.0
2026-03-16,2026-03,Growify_XYZ LuxuryP_Pmax_India_03-02-2025,India,1245.024945,0.0,0.0,120.0,3043,Google,0.0
2026-03-16,2026-03,Growify_XYZ LuxuryP_Search_India-12/12/25,India,340.52,0.0,0.0,40.0,70,Google,0.0
2026-03-17,2026-03,Growify | Sales | Shopping | US+Canada | DS,Canada,47.66,0.0,0.0,2.0,283,Google,0.0
2026-03-17,2026-03,Growify | Sales | Shopping | US+Canada | DS,United States,334.97,0.0,0.0,8.0,594,Google,0.0
2026-03-17,2026-03,Growify_XYZ LuxuryP_Pmax_India_03-02-2025,India,2726.039018,0.0,0.0,165.0,6266,Google,0.0
2026-03-17,2026-03,Growify_XYZ LuxuryP_Search_India-12/12/25,India,74.964783,0.0,0.0,27.0,61,Google,0.0
2026-03-18,2026-03,Growify | Sales | Shopping | US+Canada | DS,Canada,315.51,0.0,0.0,7.0,553,Google,0.0
2026-03-18,2026-03,Growify | Sales | Shopping | US+Canada | DS,United States,1360.93,0.0,0.0,15.0,1066,Google,0.0
2026-03-18,2026-03,Growify_XYZ LuxuryP_Pmax_India_03-02-2025,India,1989.066886,9.7966,0.0,69.0,2072,Google,0.004925224017831243
2026-03-18,2026-03,Growify_XYZ LuxuryP_Search_India-12/12/25,India,0.34,0.0,0.0,1.0,4,Google,0.0
2026-03-19,2026-03,Growify | Sales | Shopping | US+Canada | DS,United States,0.0,0.0,0.0,0.0,2,Google,0.0
2026-03-19,2026-03,Growify_XYZ LuxuryP_Pmax_India_03-02-2025,India,9.375836,0.0,0.0,0.0,52,Google,0.0
2026-03-21,2026-03,Growify | Sales | Shopping | US+Canada | DS,Canada,131.59,0.0,0.0,2.0,767,Google,0.0
2026-03-21,2026-03,Growify | Sales | Shopping | US+Canada | DS,United States,3867.91,0.0,0.0,42.0,3644,Google,0.0
2026-03-21,2026-03,Growify_XYZ LuxuryP_Pmax_India_03-02-2025,India,4947.166545,0.0,0.0,500.0,26617,Google,0.0
2026-03-21,2026-03,Growify_XYZ LuxuryP_Search_India-12/12/25,India,44.345773,0.0,0.0,25.0,35,Google,0.0
2026-03-22,2026-03,Growify | Sales | Shopping | US+Canada | DS,Canada,910.919126,0.0,0.0,18.0,1128,Google,0.0
2026-03-22,2026-03,Growify | Sales | Shopping | US+Canada | DS,United States,2481.42,0.0,0.0,45.0,6234,Google,0.0
2026-03-22,2026-03,Growify_XYZ LuxuryP_Pmax_India_03-02-2025,India,4449.346913,0.0,0.0,771.0,42186,Google,0.0
2026-03-22,2026-03,Growify_XYZ LuxuryP_Search_India-12/12/25,India,245.69,8369.5,1.0,49.0,63,Google,34.065285522406285
2026-03-23,2026-03,Growify | Sales | Shopping | US+Canada | DS,Canada,347.831167,0.0,0.0,10.0,669,Google,0.0
2026-03-23,2026-03,Growify | Sales | Shopping | US+Canada | DS,United States,1998.274059,0.0,0.0,48.0,3938,Google,0.0
2026-03-23,2026-03,Growify_XYZ LuxuryP_Pmax_India_03-02-2025,India,4438.017483,0.0,0.0,890.0,41593,Google,0.0
2026-03-23,2026-03,Growify_XYZ LuxuryP_Search_India-12/12/25,India,73.159048,0.0,0.0,41.0,70,Google,0.0
2026-03-24,2026-03,Growify | Sales | Shopping | US+Canada | DS,Canada,25.26,0.0,0.0,2.0,89,Google,0.0
2026-03-24,2026-03,Growify | Sales | Shopping | US+Canada | DS,United States,94.2,0.0,0.0,3.0,429,Google,0.0
2026-03-24,2026-03,Growify_XYZ LuxuryP_Pmax_India_03-02-2025,India,1360.722398,0.0,0.0,350.0,17622,Google,0.0
2026-03-24,2026-03,Growify_XYZ LuxuryP_Search_India-12/12/25,India,4.93,0.0,0.0,13.0,22,Google,0.0
2026-03-25,2026-03,Growify | Sales | Shopping | US+Canada | DS,United States,0.0,0.0,0.0,0.0,1,Google,0.0
2026-03-25,2026-03,Growify_XYZ LuxuryP_Pmax_India_03-02-2025,India,0.79,0.0,0.0,1.0,25,Google,0.0
2026-03-26,2026-03,Growify_XYZ LuxuryP_Search_India-12/12/25,India,70.22,0.0,0.0,17.0,26,Google,0.0
2026-03-27,2026-03,Growify_XYZ LuxuryP_Pmax_India_03-02-2025,India,1178.31,0.0,0.0,202.0,9297,Google,0.0
2026-03-27,2026-03,Growify_XYZ LuxuryP_Pmax_India_27/03/26,India,1104.32,0.0,0.0,401.0,17756,Google,0.0
2026-03-27,2026-03,Growify_XYZ LuxuryP_Search_India-12/12/25,India,191.289356,351.4355,0.04,29.0,41,Google,1.8371931786941662
2026-03-28,2026-03,Growify_XYZ LuxuryP_Pmax_India_03-02-2025,India,1697.1,0.0,0.0,353.0,17899,Google,0.0
2026-03-28,2026-03,Growify_XYZ LuxuryP_Pmax_India_27/03/26,India,1476.764597,0.0,0.0,896.0,25031,Google,0.0
2026-03-28,2026-03,Growify_XYZ LuxuryP_Search_India-12/12/25,India,424.21695,0.0,0.0,39.0,58,Google,0.0
2026-03-29,2026-03,Growify_XYZ LuxuryP_Pmax_India_03-02-2025,India,1460.74,0.0,0.0,275.0,16220,Google,0.0
2026-03-29,2026-03,Growify_XYZ LuxuryP_Pmax_India_27/03/26,India,2519.843555,0.0,0.0,690.0,37504,Google,0.0
2026-03-29,2026-03,Growify_XYZ LuxuryP_Search_India-12/12/25,India,48.373454,0.0,0.0,28.0,48,Google,0.0
2026-03-30,2026-03,Growify_XYZ LuxuryP_Pmax_India_03-02-2025,India,1603.62,1746.1332,0.87,266.0,16828,Google,1.0888696823436974
2026-03-30,2026-03,Growify_XYZ LuxuryP_Pmax_India_27/03/26,India,1509.534048,0.0,0.0,472.0,26769,Google,0.0
2026-03-30,2026-03,Growify_XYZ LuxuryP_Search_India-12/12/25,India,190.784677,0.0,0.0,41.0,70,Google,0.0
2026-03-31,2026-03,Growify_XYZ LuxuryP_Pmax_India_03-02-2025,India,998.488182,0.0,0.0,189.0,10459,Google,0.0
2026-03-31,2026-03,Growify_XYZ LuxuryP_Pmax_India_27/03/26,India,669.137688,0.0,0.0,155.0,9916,Google,0.0
2026-03-31,2026-03,Growify_XYZ LuxuryP_Search_India-12/12/25,India,405.51,0.0,0.0,58.0,97,Google,0.0
2026-04-01,2026-04,Growify_XYZ LuxuryP_Search_India-12/12/25,India,667.890218,0.0,0.0,58.0,89,Google,0.0
2026-04-02,2026-04,Growify_XYZ LuxuryP_Search_India-12/12/25,India,335.222374,351.4355,0.04,56.0,92,Google,1.0483652860235397
2026-04-03,2026-04,Growify_XYZ LuxuryP_Search_India-12/12/25,India,278.410491,0.0,0.0,32.0,65,Google,0.0
2026-04-04,2026-04,Growify_XYZ LuxuryP_Search_India-12/12/25,India,281.612242,0.0,0.0,48.0,68,Google,0.0
2026-04-05,2026-04,Growify_XYZ LuxuryP_Search_India-12/12/25,India,15.335337,0.0,0.0,24.0,39,Google,0.0
2026-04-06,2026-04,Growify_XYZ LuxuryP_Search_India-12/12/25,India,390.209532,0.0,0.0,80.0,123,Google,0.0
2026-04-07,2026-04,Growify_XYZ LuxuryP_Search_India-12/12/25,India,862.065955,0.0,0.0,127.0,186,Google,0.0
2026-04-08,2026-04,Growify_XYZ LuxuryP_Search_India-12/12/25,India,1041.390873,0.0,0.0,147.0,233,Google,0.0
2026-04-09,2026-04,Growify_XYZ LuxuryP_Search_India-12/12/25,India,648.288552,0.0,0.0,200.0,313,Google,0.0
2026-04-10,2026-04,Growify_XYZ LuxuryP_Search_India-12/12/25,India,882.256371,0.0,0.0,245.0,325,Google,0.0
2026-04-11,2026-04,Growify_XYZ LuxuryP_Search_India-12/12/25,India,437.908889,0.0,0.0,174.0,233,Google,0.0
2026-04-12,2026-04,Growify_XYZ LuxuryP_Search_India-12/12/25,India,364.80941,0.0,0.0,163.0,229,Google,0.0
2026-04-13,2026-04,Growify_XYZ LuxuryP_Search_India-12/12/25,India,676.086258,0.0,0.0,123.0,186,Google,0.0
2026-04-14,2026-04,Growify_XYZ LuxuryP_Search_India-12/12/25,India,246.97152,351.4355,0.04,95.0,135,Google,1.4229798642369775
2026-04-15,2026-04,Growify_XYZ LuxuryP_Search_India-12/12/25,India,111.531099,0.0,0.0,83.0,116,Google,0.0
2026-04-16,2026-04,Growify_XYZ LuxuryP_Search_India-12/12/25,India,191.310971,0.0,0.0,73.0,118,Google,0.0
2026-04-17,2026-04,Growify_XYZ LuxuryP_Search_India-12/12/25,India,214.992089,6600.0,1.0,76.0,108,Google,30.698803991806415
2026-04-18,2026-04,Growify_XYZ LuxuryP_Search_India-12/12/25,India,262.934227,12870.0,1.0,60.0,94,Google,48.94760239791832
2026-04-19,2026-04,Growify_XYZ LuxuryP_Search_India-12/12/25,India,179.67695,0.0,0.0,68.0,122,Google,0.0
2026-04-20,2026-04,Growify_P.max_HP_EOSS_Ind,India,1002.709113,0.0,0.0,590.0,13937,Google,0.0
2026-04-20,2026-04,Growify_XYZ LuxuryP_Search_India-12/12/25,India,325.056004,0.0,0.0,60.0,94,Google,0.0
2026-04-21,2026-04,Growify_P.max_HP_EOSS_Ind,India,973.615681,0.0,0.0,167.0,9195,Google,0.0
2026-04-21,2026-04,Growify_XYZ LuxuryP_Search_India-12/12/25,India,103.997809,0.0,0.0,42.0,86,Google,0.0
2026-04-22,2026-04,Growify_P.max_HP_EOSS_Ind,India,1032.126389,0.0,0.0,119.0,6035,Google,0.0
2026-04-22,2026-04,Growify_XYZ LuxuryP_Search_India-12/12/25,India,81.098233,0.0,0.0,36.0,57,Google,0.0
2026-04-23,2026-04,Growify_P.max_HP_EOSS_Ind,India,1001.419112,0.0,0.0,191.0,6644,Google,0.0
2026-04-23,2026-04,Growify_XYZ LuxuryP_Search_India-12/12/25,India,119.067165,97690.0,7.0,40.0,79,Google,820.461291742354
2026-04-24,2026-04,Growify_P.max_HP_EOSS_Ind,India,1152.403078,220118.4,13.0,275.0,1436,Google,191.0081673697161
2026-04-24,2026-04,Growify_XYZ LuxuryP_Search_India-12/12/25,India,23.240264,29354.5,3.0,39.0,83,Google,1263.0880613060162
2026-04-25,2026-04,Growify_P.max_HP_EOSS_Ind,India,230.994279,0.0,0.0,104.0,4286,Google,0.0
2026-04-25,2026-04,Growify_XYZ LuxuryP_Search_India-12/12/25,India,599.090667,0.0,0.0,52.0,76,Google,0.0
2026-04-26,2026-04,Growify_P.max_HP_EOSS_Ind,India,1611.09291,0.0,0.0,400.0,18465,Google,0.0
2026-04-26,2026-04,Growify_XYZ LuxuryP_Search_India-12/12/25,India,581.095348,0.0,0.0,40.0,74,Google,0.0
2026-04-27,2026-04,Growify_P.max_HP_EOSS_Ind,India,1133.310616,4200.0,1.0,231.0,10986,Google,3.705956637751993
2026-04-27,2026-04,Growify_XYZ LuxuryP_Search_India-12/12/25,India,754.689142,0.0,0.0,66.0,110,Google,0.0
2026-04-28,2026-04,Growify_P.max_HP_EOSS_Ind,India,764.671744,0.0,0.0,237.0,10029,Google,0.0
2026-04-28,2026-04,Growify_XYZ LuxuryP_Search_India-12/12/25,India,393.183551,351.4355,0.04,45.0,72,Google,0.8938204538470125
2026-04-29,2026-04,Growify_P.max_HP_EOSS_Ind,India,1117.78117,0.0,0.0,301.0,12528,Google,0.0
2026-04-29,2026-04,Growify_XYZ LuxuryP_Search_India-12/12/25,India,680.555735,0.0,0.0,37.0,62,Google,0.0
2026-04-30,2026-04,Growify_P.max_HP_EOSS_Ind,India,903.566589,31.206,0.01,356.0,13123,Google,0.03453646956394931
2026-04-30,2026-04,Growify_XYZ LuxuryP_Search_India-12/12/25,India,324.988866,0.0,0.0,43.0,78,Google,0.0
2026-05-01,2026-05,Growify_P.max_HP_EOSS_Ind,India,968.07602,0.0,0.0,311.0,9815,Google,0.0
2026-05-01,2026-05,Growify_XYZ LuxuryP_Search_India-12/12/25,India,109.716909,0.0,0.0,27.0,54,Google,0.0
2026-05-02,2026-05,Growify_P.max_HP_EOSS_Ind,India,884.730798,0.0,0.0,284.0,13486,Google,0.0
2026-05-02,2026-05,Growify_XYZ LuxuryP_Search_India-12/12/25,India,243.774773,351.44395,0.04,51.0,86,Google,1.441674811855942
2026-05-03,2026-05,Growify_P.max_HP_EOSS_Ind,India,1163.832119,0.0,0.0,281.0,11759,Google,0.0
2026-05-03,2026-05,Growify_XYZ LuxuryP_Search_India-12/12/25,India,331.214639,0.0,0.0,40.0,63,Google,0.0
2026-05-04,2026-05,Growify_P.max_HP_EOSS_Ind,India,853.234762,0.0,0.0,297.0,11409,Google,0.0
2026-05-04,2026-05,Growify_XYZ LuxuryP_Search_India-12/12/25,India,291.570107,41300.0,2.0,34.0,64,Google,141.64689386350568
2026-05-05,2026-05,Growify_P.max_HP_EOSS_Ind,India,944.984987,17550.0,1.0,317.0,14473,Google,18.57172361617635
2026-05-05,2026-05,Growify_XYZ LuxuryP_Search_India-12/12/25,India,80.397962,0.0,0.0,37.0,88,Google,0.0
2026-05-06,2026-05,Growify_P.max_HP_EOSS_Ind,India,651.094717,0.0,0.0,219.0,9072,Google,0.0
2026-05-06,2026-05,Growify_XYZ LuxuryP_Search_India-12/12/25,India,171.17989,7700.0,1.0,54.0,120,Google,44.98191931306884
2026-05-07,2026-05,Growify_P.max_HP_EOSS_Ind,India,1466.707345,0.0,0.0,340.0,15002,Google,0.0
2026-05-07,2026-05,Growify_XYZ LuxuryP_Search_India-12/12/25,India,101.228839,0.0,0.0,45.0,80,Google,0.0
2026-05-08,2026-05,Growify_P.max_HP_EOSS_Ind,India,928.031114,0.0,0.0,253.0,14473,Google,0.0
2026-05-08,2026-05,Growify_XYZ LuxuryP_Search_India-12/12/25,India,32.964195,0.0,0.0,36.0,72,Google,0.0
2026-05-09,2026-05,Growify_P.max_HP_EOSS_Ind,India,1261.891239,0.0,0.0,209.0,10786,Google,0.0
2026-05-09,2026-05,Growify_XYZ LuxuryP_Search_India-12/12/25,India,69.783629,0.0,0.0,33.0,70,Google,0.0
2026-05-10,2026-05,Growify_P.max_HP_EOSS_Ind,India,657.458401,0.0,0.0,152.0,7121,Google,0.0
2026-05-10,2026-05,Growify_XYZ LuxuryP_Search_India-12/12/25,India,76.64782,19470.0,1.0,36.0,77,Google,254.01896622761092
2026-05-11,2026-05,Growify_P.max_HP_EOSS_Ind,India,692.018067,18113.7,1.0,104.0,4849,Google,26.17518366034221
2026-05-11,2026-05,Growify_XYZ LuxuryP_Search_India-12/12/25,India,58.530753,19250.0,1.0,42.0,81,Google,328.88693572761656
2026-05-12,2026-05,Growify_P.max_HP_EOSS_Ind,India,673.880229,0.0,0.0,216.0,9893,Google,0.0
2026-05-12,2026-05,Growify_XYZ LuxuryP_Search_India-12/12/25,India,120.200647,0.0,0.0,34.0,67,Google,0.0
2026-05-13,2026-05,Growify_P.max_HP_EOSS_Ind,India,574.568934,0.0,0.0,163.0,9105,Google,0.0
2026-05-13,2026-05,Growify_XYZ LuxuryP_Search_India-12/12/25,India,36.564076,0.0,0.0,39.0,74,Google,0.0
2026-05-14,2026-05,Growify_P.max_HP_EOSS_Ind,India,675.264952,12870.0,1.0,125.0,6175,Google,19.059185526927806
2026-05-14,2026-05,Growify_XYZ LuxuryP_Search_India-12/12/25,India,215.717712,0.0,0.0,36.0,66,Google,0.0
2026-05-15,2026-05,Growify_P.max_HP_EOSS_Ind,India,960.999531,0.0,0.0,152.0,6623,Google,0.0
2026-05-15,2026-05,Growify_XYZ LuxuryP_Search_India-12/12/25,India,14.742523,0.0,0.0,23.0,41,Google,0.0
2026-05-16,2026-05,Growify_P.max_HP_EOSS_Ind,India,510.962503,2036.996716,0.39,181.0,8793,Google,3.9865874776333636
2026-05-16,2026-05,Growify_XYZ LuxuryP_Search_India-12/12/25,India,105.570328,0.0,0.0,21.0,37,Google,0.0
2026-05-17,2026-05,Growify_P.max_HP_EOSS_Ind,India,883.925386,0.0,0.0,162.0,7656,Google,0.0
2026-05-17,2026-05,Growify_XYZ LuxuryP_Search_India-12/12/25,India,153.191088,10527.0,1.0,31.0,55,Google,68.71809670808004
2026-05-18,2026-05,Growify_P.max_HP_EOSS_Ind,India,853.484332,0.0,0.0,32.0,1156,Google,0.0
2026-05-18,2026-05,Growify_XYZ LuxuryP_Search_India-12/12/25,India,178.560263,5500.0,1.0,28.0,50,Google,30.801925958184775
2026-05-19,2026-05,Growify_P.max_HP_EOSS_Ind,India,367.953995,67716.0,1.0,115.0,4508,Google,184.03387630021518
2026-05-19,2026-05,Growify_XYZ LuxuryP_Search_India-12/12/25,India,121.585912,0.0,0.0,29.0,60,Google,0.0
2026-05-20,2026-05,Growify_P.max_HP_EOSS_Ind,India,357.510976,5750.0,1.0,110.0,4322,Google,16.083422289110363
2026-05-20,2026-05,Growify_XYZ LuxuryP_Search_India-12/12/25,India,31.88,6692.81405,0.79,24.0,51,Google,209.93770545796738
2026-05-21,2026-05,Growify_P.max_HP_EOSS_Ind,India,574.199438,0.0,0.0,128.0,4738,Google,0.0
2026-05-21,2026-05,Growify_XYZ LuxuryP_Search_India-12/12/25,India,98.507685,9974.36609,0.47,26.0,41,Google,101.25469997594604
2026-05-22,2026-05,Growify_P.max_HP_EOSS_Ind,India,467.750585,0.0,0.0,172.0,7134,Google,0.0
2026-05-22,2026-05,Growify_XYZ LuxuryP_Search_India-12/12/25,India,130.08352,0.0,0.0,22.0,48,Google,0.0
2026-05-23,2026-05,Growify_P.max_HP_EOSS_Ind,India,591.231938,0.0,0.0,86.0,4531,Google,0.0
2026-05-23,2026-05,Growify_XYZ LuxuryP_Search_India-12/12/25,India,60.756925,0.0,0.0,24.0,61,Google,0.0
2026-05-24,2026-05,Growify_P.max_HP_EOSS_Ind,India,644.350629,0.0,0.0,90.0,5104,Google,0.0
2026-05-24,2026-05,Growify_XYZ LuxuryP_Search_India-12/12/25,India,138.055328,0.0,0.0,37.0,72,Google,0.0
2026-05-25,2026-05,Growify_P.max_HP_EOSS_Ind,India,294.306538,0.0,0.0,102.0,4005,Google,0.0
2026-05-25,2026-05,Growify_XYZ LuxuryP_Search_INT-5/21/26,United States,0.96,0.0,0.0,1.0,2,Google,0.0
2026-05-25,2026-05,Growify_XYZ LuxuryP_Search_India-12/12/25,India,127.923407,0.0,0.0,39.0,75,Google,0.0
2026-05-26,2026-05,Growify_P.max_HP_EOSS_Ind,India,464.262053,0.0,0.0,145.0,7157,Google,0.0
2026-05-26,2026-05,Growify_XYZ LuxuryP_Search_INT-5/21/26,Canada,3.11,0.0,0.0,3.0,7,Google,0.0
2026-05-26,2026-05,Growify_XYZ LuxuryP_Search_INT-5/21/26,United States,2.87,0.0,0.0,2.0,3,Google,0.0
2026-05-26,2026-05,Growify_XYZ LuxuryP_Search_India-12/12/25,India,82.268741,0.0,0.0,26.0,47,Google,0.0
2026-05-27,2026-05,Growify_P.max_HP_EOSS_Ind,India,658.433471,208.072326,0.01,115.0,6657,Google,0.31601116158932324
2026-05-27,2026-05,Growify_XYZ LuxuryP_Search_INT-5/21/26,Canada,8.34,0.0,0.0,6.0,18,Google,0.0
2026-05-27,2026-05,Growify_XYZ LuxuryP_Search_INT-5/21/26,United States,184.332775,0.0,0.0,4.0,8,Google,0.0
2026-05-27,2026-05,Growify_XYZ LuxuryP_Search_India-12/12/25,India,88.463624,0.0,0.0,59.0,85,Google,0.0
2026-05-28,2026-05,Growify | Shopping Ads | All Product | EOSS,India,511.48,0.0,0.0,62.0,3318,Google,0.0
2026-05-28,2026-05,Growify_P.max_HP_EOSS_Ind,India,371.877044,17442.21679,0.98,101.0,4779,Google,46.903182305600986
2026-05-28,2026-05,Growify_XYZ LuxuryP_Search_INT-5/21/26,Canada,321.196464,10560.0,1.0,11.0,28,Google,32.87707426318367
2026-05-28,2026-05,Growify_XYZ LuxuryP_Search_INT-5/21/26,United States,935.145978,0.0,0.0,8.0,14,Google,0.0
2026-05-28,2026-05,Growify_XYZ LuxuryP_Search_India-12/12/25,India,191.591905,74980.0,3.0,60.0,118,Google,391.3526513554944
2026-05-29,2026-05,Growify | Shopping Ads | All Product | EOSS,India,1013.51,0.0,0.0,126.0,7105,Google,0.0
2026-05-29,2026-05,Growify_P.max_HP_EOSS_Ind,India,946.886697,0.0,0.0,142.0,6990,Google,0.0
2026-05-29,2026-05,Growify_XYZ LuxuryP_Search_INT-5/21/26,Canada,145.810641,0.0,0.0,17.0,29,Google,0.0
2026-05-29,2026-05,Growify_XYZ LuxuryP_Search_INT-5/21/26,United States,290.14,0.0,0.0,12.0,16,Google,0.0
2026-05-29,2026-05,Growify_XYZ LuxuryP_Search_India-12/12/25,India,82.6925,29807.0,2.0,56.0,102,Google,360.4559059164979
2026-05-30,2026-05,Growify | Shopping Ads | All Product | EOSS,India,1013.01,0.0,0.0,117.0,7096,Google,0.0
2026-05-30,2026-05,Growify_P.max_HP_EOSS_Ind,India,1617.937648,0.0,0.0,116.0,9973,Google,0.0
2026-05-30,2026-05,Growify_XYZ LuxuryP_Search_INT-5/21/26,Canada,170.608037,0.0,0.0,13.0,27,Google,0.0
2026-05-30,2026-05,Growify_XYZ LuxuryP_Search_INT-5/21/26,United States,26.660025,0.0,0.0,7.0,11,Google,0.0
2026-05-30,2026-05,Growify_XYZ LuxuryP_Search_India-12/12/25,India,346.98438,0.0,0.0,58.0,105,Google,0.0
2026-05-31,2026-05,Growify | Shopping Ads | All Product | EOSS,India,973.43,0.0,0.0,97.0,7845,Google,0.0
2026-05-31,2026-05,Growify_P.max_HP_EOSS_Ind,India,970.14401,61259.9,1.0,113.0,6158,Google,63.14516130445417
2026-05-31,2026-05,Growify_XYZ LuxuryP_Search_INT-5/21/26,Canada,210.856843,0.0,0.0,8.0,23,Google,0.0
2026-05-31,2026-05,Growify_XYZ LuxuryP_Search_INT-5/21/26,United States,1409.873564,11003.91831,0.53,7.0,13,Google,7.804897255311611
2026-05-31,2026-05,Growify_XYZ LuxuryP_Search_India-12/12/25,India,851.299647,0.0,0.0,46.0,170,Google,0.0
2026-06-01,2026-06,Growify | Shopping Ads | All Product | EOSS,India,569.89,0.0,0.0,57.0,4746,Google,0.0
2026-06-01,2026-06,Growify_P.max_HP_EOSS_Ind,India,1040.059,0.0,0.0,103.0,6239,Google,0.0
2026-06-01,2026-06,Growify_XYZ LuxuryP_Search_INT-5/21/26,Canada,15.213875,11000.0,1.0,5.0,17,Google,723.0242130949545
2026-06-01,2026-06,Growify_XYZ LuxuryP_Search_INT-5/21/26,United States,4.900865,0.0,0.0,4.0,11,Google,0.0
2026-06-01,2026-06,Growify_XYZ LuxuryP_Search_India-12/12/25,India,328.607359,1550.59146,0.2,25.0,117,Google,4.718675396432617
2026-06-02,2026-06,Growify | Shopping Ads | All Product | EOSS,India,1506.82,0.0,0.0,168.0,14213,Google,0.0
2026-06-02,2026-06,Growify_P.max_HP_EOSS_Ind,India,2328.956806,0.0,0.0,137.0,12220,Google,0.0
2026-06-02,2026-06,Growify_XYZ LuxuryP_Search_INT-5/21/26,Canada,795.178094,0.0,0.0,5.0,19,Google,0.0
2026-06-02,2026-06,Growify_XYZ LuxuryP_Search_INT-5/21/26,United States,54.748553,0.0,0.0,3.0,6,Google,0.0
2026-06-02,2026-06,Growify_XYZ LuxuryP_Search_India-12/12/25,India,581.473342,0.0,0.0,44.0,169,Google,0.0
2026-06-03,2026-06,Growify | Shopping Ads | All Product | EOSS,India,439.63,0.0,0.0,54.0,6436,Google,0.0
2026-06-03,2026-06,Growify_P.max_HP_EOSS_Ind,India,1005.137646,0.0,0.0,97.0,8911,Google,0.0
2026-06-03,2026-06,Growify_XYZ LuxuryP_Search_INT-5/21/26,Canada,410.929376,91766.4,2.0,17.0,42,Google,223.3142855184926
2026-06-03,2026-06,Growify_XYZ LuxuryP_Search_INT-5/21/26,United States,526.251739,0.0,0.0,10.0,22,Google,0.0
2026-06-03,2026-06,Growify_XYZ LuxuryP_Search_India-12/12/25,India,673.046684,0.0,0.0,63.0,251,Google,0.0
2026-06-04,2026-06,Growify | Shopping Ads | All Product | EOSS,India,43.71,0.0,0.0,8.0,841,Google,0.0
2026-06-04,2026-06,Growify_P.max_HP_EOSS_Ind,India,1013.982498,0.0,0.0,98.0,9634,Google,0.0
2026-06-04,2026-06,Growify_XYZ LuxuryP_Search_INT-5/21/26,Canada,397.070473,0.0,0.0,12.0,37,Google,0.0
2026-06-04,2026-06,Growify_XYZ LuxuryP_Search_INT-5/21/26,United States,69.545578,0.0,0.0,8.0,23,Google,0.0
2026-06-04,2026-06,Growify_XYZ LuxuryP_Search_India-12/12/25,India,447.021381,0.0,0.0,51.0,161,Google,0.0
2026-06-05,2026-06,Growify | Shopping Ads | All Product | EOSS,India,5.33,0.0,0.0,10.0,468,Google,0.0
2026-06-05,2026-06,Growify_P.max_HP_EOSS_Ind,India,796.720666,0.0,0.0,92.0,7977,Google,0.0
2026-06-05,2026-06,Growify_XYZ LuxuryP_Search_INT-5/21/26,Canada,73.893897,6325.0,0.5,11.0,21,Google,85.59570217280597
2026-06-05,2026-06,Growify_XYZ LuxuryP_Search_INT-5/21/26,United States,58.770801,0.0,0.0,8.0,20,Google,0.0
2026-06-05,2026-06,Growify_XYZ LuxuryP_Search_India-12/12/25,India,865.297302,13270.0,1.0,61.0,147,Google,15.33576953184583
2026-06-06,2026-06,Growify | Shopping Ads | All Product | EOSS,India,2.97,0.0,0.0,3.0,277,Google,0.0
2026-06-06,2026-06,Growify_P.max_HP_EOSS_Ind,India,1350.718168,0.0,0.0,51.0,3750,Google,0.0
2026-06-06,2026-06,Growify_XYZ LuxuryP_Search_INT-5/21/26,Canada,43.057805,0.0,0.0,12.0,31,Google,0.0
2026-06-06,2026-06,Growify_XYZ LuxuryP_Search_INT-5/21/26,United States,165.200739,0.0,0.0,7.0,19,Google,0.0
2026-06-06,2026-06,Growify_XYZ LuxuryP_Search_India-12/12/25,India,523.000706,5610.0,1.0,67.0,144,Google,10.726562958024
2026-06-07,2026-06,Growify | Shopping Ads | All Product | EOSS,India,45.25,0.0,0.0,9.0,309,Google,0.0
2026-06-07,2026-06,Growify_P.max_HP_EOSS_Ind,India,992.305385,0.0,0.0,45.0,5428,Google,0.0
2026-06-07,2026-06,Growify_XYZ LuxuryP_Search_INT-5/21/26,Canada,82.039353,37675.0,1.5,16.0,33,Google,459.2308279174264
2026-06-07,2026-06,Growify_XYZ LuxuryP_Search_INT-5/21/26,United States,581.05,4969.8,0.5,1.0,5,Google,8.553136563118493
2026-06-07,2026-06,Growify_XYZ LuxuryP_Search_India-12/12/25,India,805.753608,6357.69094,0.8,67.0,143,Google,7.89036608322578
2026-06-08,2026-06,Growify | Shopping Ads | All Product | EOSS,India,9.25,0.0,0.0,3.0,209,Google,0.0
2026-06-08,2026-06,Growify_P.max_HP_EOSS_Ind,India,1016.396257,0.0,0.0,73.0,5939,Google,0.0
2026-06-08,2026-06,Growify_XYZ LuxuryP_Search_INT-5/21/26,Canada,71.392385,0.0,0.0,9.0,26,Google,0.0
2026-06-08,2026-06,Growify_XYZ LuxuryP_Search_INT-5/21/26,United States,1156.957257,4969.8,0.5,10.0,24,Google,4.295577878898253
2026-06-08,2026-06,Growify_XYZ LuxuryP_Search_India-12/12/25,India,194.237463,0.0,0.0,44.0,196,Google,0.0
2026-06-09,2026-06,Growify | Shopping Ads | All Product | EOSS,India,38.86,0.0,0.0,6.0,570,Google,0.0
2026-06-09,2026-06,Growify_P.max_HP_EOSS_Ind,India,863.474647,3109.114166,0.62,45.0,3464,Google,3.6007011633776433
2026-06-09,2026-06,Growify_XYZ LuxuryP_Search_INT-5/21/26,Canada,104.500543,0.0,0.0,10.0,28,Google,0.0
2026-06-09,2026-06,Growify_XYZ LuxuryP_Search_INT-5/21/26,United States,376.401844,41052.0,1.0,7.0,18,Google,109.06429034391235
2026-06-09,2026-06,Growify_XYZ LuxuryP_Search_India-12/12/25,India,1234.04464,0.0,0.0,90.0,392,Google,0.0
2026-06-10,2026-06,Growify | Shopping Ads | All Product | EOSS,India,63.04,0.0,0.0,16.0,1033,Google,0.0
2026-06-10,2026-06,Growify_P.max_HP_EOSS_Ind,India,709.990253,0.0,0.0,37.0,3195,Google,0.0
2026-06-10,2026-06,Growify_XYZ LuxuryP_Search_INT-5/21/26,Canada,71.995126,0.0,0.0,12.0,27,Google,0.0
2026-06-10,2026-06,Growify_XYZ LuxuryP_Search_INT-5/21/26,United States,277.279554,0.0,0.0,9.0,20,Google,0.0
2026-06-10,2026-06,Growify_XYZ LuxuryP_Search_India-12/12/25,India,1030.940096,0.0,0.0,45.0,264,Google,0.0
2026-06-11,2026-06,Growify | Shopping Ads | All Product | EOSS,India,269.93,0.0,0.0,38.0,2158,Google,0.0
2026-06-11,2026-06,Growify_P.max_HP_EOSS_Ind,India,99.712713,0.0,0.0,12.0,520,Google,0.0
2026-06-11,2026-06,Growify_XYZ LuxuryP_Search_INT-5/21/26,Canada,428.129084,0.0,0.0,16.0,39,Google,0.0
2026-06-11,2026-06,Growify_XYZ LuxuryP_Search_INT-5/21/26,United States,132.555126,45408.0,1.0,5.0,12,Google,342.5593665838317
2026-06-11,2026-06,Growify_XYZ LuxuryP_Search_India-12/12/25,India,189.338428,0.0,0.0,53.0,125,Google,0.0
2026-06-12,2026-06,Growify | Shopping Ads | All Product | EOSS,India,292.66,0.0,0.0,48.0,4112,Google,0.0
2026-06-12,2026-06,Growify_P.max_HP_EOSS_Ind,India,1302.228858,9974.6524,2.47,112.0,6527,Google,7.659676975151169
2026-06-12,2026-06,Growify_XYZ LuxuryP_Search_INT-5/21/26,Canada,803.507706,0.0,0.0,7.0,22,Google,0.0
2026-06-12,2026-06,Growify_XYZ LuxuryP_Search_INT-5/21/26,United States,46.452563,0.0,0.0,5.0,14,Google,0.0
2026-06-12,2026-06,Growify_XYZ LuxuryP_Search_India-12/12/25,India,607.934973,0.0,0.0,62.0,146,Google,0.0
2026-06-13,2026-06,Growify | Shopping Ads | All Product | EOSS,India,999.85,0.0,0.0,79.0,5527,Google,0.0
2026-06-13,2026-06,Growify_P.max_HP_EOSS_Ind,India,815.186691,0.0,0.0,101.0,6553,Google,0.0
2026-06-13,2026-06,Growify_XYZ LuxuryP_Search_INT-5/21/26,Canada,512.983493,0.0,0.0,17.0,35,Google,0.0
2026-06-13,2026-06,Growify_XYZ LuxuryP_Search_INT-5/21/26,United States,440.891277,0.0,0.0,7.0,19,Google,0.0
2026-06-13,2026-06,Growify_XYZ LuxuryP_Search_India-12/12/25,India,163.264253,8731.84,1.0,49.0,119,Google,53.482864984535226
2026-06-14,2026-06,Growify | Shopping Ads | All Product | EOSS,India,720.74,0.0,0.0,89.0,5382,Google,0.0
2026-06-14,2026-06,Growify_P.max_HP_EOSS_Ind,India,649.001082,0.0,0.0,64.0,4227,Google,0.0
2026-06-14,2026-06,Growify_XYZ LuxuryP_Search_INT-5/21/26,Canada,889.033156,10300.0,1.0,16.0,51,Google,11.585619648138298
2026-06-14,2026-06,Growify_XYZ LuxuryP_Search_INT-5/21/26,United States,1800.51,0.0,0.0,4.0,14,Google,0.0
2026-06-14,2026-06,Growify_XYZ LuxuryP_Search_India-12/12/25,India,201.484718,16570.0,1.0,52.0,109,Google,82.23948776105193
2026-06-15,2026-06,Growify | Shopping Ads | All Product | EOSS,India,999.97,0.0,0.0,69.0,5424,Google,0.0
2026-06-15,2026-06,Growify_P.max_HP_EOSS_Ind,India,818.249331,24502.10796,0.75,97.0,5569,Google,29.944549945498217
2026-06-15,2026-06,Growify_XYZ LuxuryP_Search_INT-5/21/26,Canada,473.832699,0.0,0.0,18.0,44,Google,0.0
2026-06-15,2026-06,Growify_XYZ LuxuryP_Search_INT-5/21/26,United States,168.631125,0.0,0.0,7.0,16,Google,0.0
2026-06-15,2026-06,Growify_XYZ LuxuryP_Search_India-12/12/25,India,562.427799,55440.0,1.0,61.0,125,Google,98.5726525228174
2026-06-16,2026-06,Growify | Shopping Ads | All Product | EOSS,India,999.98,128.71188,0.03,136.0,9144,Google,0.1287144542890858
2026-06-16,2026-06,Growify_P.max_HP_EOSS_Ind,India,432.944897,8167.66335,0.25,64.0,6240,Google,18.865364637846742
2026-06-16,2026-06,Growify_XYZ LuxuryP_Search_INT-5/21/26,Canada,535.504415,27720.0,1.0,15.0,50,Google,51.76427910496312
2026-06-16,2026-06,Growify_XYZ LuxuryP_Search_INT-5/21/26,United States,111.78,0.0,0.0,7.0,14,Google,0.0
2026-06-16,2026-06,Growify_XYZ LuxuryP_Search_India-12/12/25,India,663.008463,0.0,0.0,84.0,143,Google,0.0
2026-06-17,2026-06,Growify | Shopping Ads | All Product | EOSS,India,693.13,0.0,0.0,112.0,6873,Google,0.0
2026-06-17,2026-06,Growify_P.max_HP_EOSS_Ind,India,847.590729,0.0,0.0,95.0,6970,Google,0.0
2026-06-17,2026-06,Growify_XYZ LuxuryP_Search_INT-5/21/26,Canada,387.689164,0.0,0.0,22.0,45,Google,0.0
2026-06-17,2026-06,Growify_XYZ LuxuryP_Search_INT-5/21/26,United States,68.11,0.0,0.0,6.0,26,Google,0.0
2026-06-17,2026-06,Growify_XYZ LuxuryP_Search_India-12/12/25,India,616.928198,9700.0,1.0,90.0,194,Google,15.723061502855801
2026-06-18,2026-06,Growify | Shopping Ads | All Product | EOSS,India,999.99,8700.0,1.0,126.0,7505,Google,8.700087000870008
2026-06-18,2026-06,Growify_P.max_HP_EOSS_Ind,India,563.609604,53.70948,0.01,66.0,5252,Google,0.09529553722792843
2026-06-18,2026-06,Growify_XYZ LuxuryP_Search_INT-5/21/26,Canada,48.19,0.0,0.0,13.0,31,Google,0.0
2026-06-18,2026-06,Growify_XYZ LuxuryP_Search_INT-5/21/26,United States,133.26,0.0,0.0,9.0,32,Google,0.0
2026-06-18,2026-06,Growify_XYZ LuxuryP_Search_India-12/12/25,India,331.875319,0.0,0.0,69.0,179,Google,0.0
2026-06-19,2026-06,Growify | Shopping Ads | All Product | EOSS,India,999.83,0.0,0.0,87.0,5233,Google,0.0
2026-06-19,2026-06,Growify_P.max_HP_EOSS_Ind,India,709.924265,0.0,0.0,108.0,8180,Google,0.0
2026-06-19,2026-06,Growify_XYZ LuxuryP_Search_INT-5/21/26,Canada,196.166834,0.0,0.0,12.0,34,Google,0.0
2026-06-19,2026-06,Growify_XYZ LuxuryP_Search_INT-5/21/26,United States,93.45,0.0,0.0,10.0,42,Google,0.0
2026-06-19,2026-06,Growify_XYZ LuxuryP_Search_India-12/12/25,India,317.432641,1320.22869,0.4,69.0,196,Google,4.159082965888187
2026-06-20,2026-06,Growify | Shopping Ads | All Product | EOSS,India,999.1,0.0,0.0,36.0,1840,Google,0.0
2026-06-20,2026-06,Growify_P.max_HP_EOSS_Ind,India,982.470188,0.0,0.0,126.0,7472,Google,0.0
2026-06-20,2026-06,Growify_Performance Max_Listing_IND,India,662.920099,0.0,0.0,154.0,6469,Google,0.0
2026-06-20,2026-06,Growify_Performance Max_Listing_INTL,Australia,0.0,0.0,0.0,0.0,12,Google,0.0
2026-06-20,2026-06,Growify_Performance Max_Listing_INTL,Canada,0.0,0.0,0.0,0.0,14,Google,0.0
2026-06-20,2026-06,Growify_Performance Max_Listing_INTL,United Kingdom,4.81,0.0,0.0,1.0,74,Google,0.0
2026-06-20,2026-06,Growify_Performance Max_Listing_INTL,United States,77.56,0.0,0.0,1.0,60,Google,0.0
2026-06-20,2026-06,Growify_XYZ LuxuryP_Search_INT-5/21/26,Australia,0.0,0.0,0.0,0.0,4,Google,0.0
2026-06-20,2026-06,Growify_XYZ LuxuryP_Search_INT-5/21/26,Canada,1034.223988,0.0,0.0,10.0,27,Google,0.0
2026-06-20,2026-06,Growify_XYZ LuxuryP_Search_INT-5/21/26,United Kingdom,1.25,0.0,0.0,1.0,14,Google,0.0
2026-06-20,2026-06,Growify_XYZ LuxuryP_Search_INT-5/21/26,United States,6.65,0.0,0.0,7.0,24,Google,0.0
2026-06-20,2026-06,Growify_XYZ LuxuryP_Search_India-12/12/25,India,590.37273,0.0,0.0,76.0,184,Google,0.0
2026-06-21,2026-06,Growify_P.max_HP_EOSS_Ind,India,706.941816,11296.6,2.0,133.0,7227,Google,15.979532889875056
2026-06-21,2026-06,Growify_Performance Max_Listing_IND,India,1409.098214,0.0,0.0,215.0,11507,Google,0.0
2026-06-21,2026-06,Growify_Performance Max_Listing_INTL,Australia,16.67,0.0,0.0,4.0,204,Google,0.0
2026-06-21,2026-06,Growify_Performance Max_Listing_INTL,Canada,45.689207,0.0,0.0,3.0,227,Google,0.0
2026-06-21,2026-06,Growify_Performance Max_Listing_INTL,United Kingdom,44.53,0.0,0.0,4.0,382,Google,0.0
2026-06-21,2026-06,Growify_Performance Max_Listing_INTL,United States,339.18,0.0,0.0,9.0,917,Google,0.0
2026-06-21,2026-06,Growify_XYZ LuxuryP_Search_INT-5/21/26,Australia,441.23,0.0,0.0,6.0,12,Google,0.0
2026-06-21,2026-06,Growify_XYZ LuxuryP_Search_INT-5/21/26,Canada,1497.75,0.0,0.0,8.0,34,Google,0.0
2026-06-21,2026-06,Growify_XYZ LuxuryP_Search_INT-5/21/26,United Kingdom,2.84,0.0,0.0,3.0,6,Google,0.0
2026-06-21,2026-06,Growify_XYZ LuxuryP_Search_INT-5/21/26,United States,620.763313,0.0,0.0,13.0,43,Google,0.0
2026-06-21,2026-06,Growify_XYZ LuxuryP_Search_India-12/12/25,India,314.672825,0.0,0.0,81.0,163,Google,0.0
2026-06-22,2026-06,Growify_P.max_HP_EOSS_Ind,India,668.614055,0.0,0.0,106.0,5594,Google,0.0
2026-06-22,2026-06,Growify_Performance Max_Listing_IND,India,1027.385589,0.0,0.0,159.0,7461,Google,0.0
2026-06-22,2026-06,Growify_Performance Max_Listing_INTL,Australia,250.913724,0.0,0.0,4.0,497,Google,0.0
2026-06-22,2026-06,Growify_Performance Max_Listing_INTL,Canada,529.502215,0.0,0.0,14.0,491,Google,0.0
2026-06-22,2026-06,Growify_Performance Max_Listing_INTL,United Kingdom,180.891912,0.0,0.0,6.0,370,Google,0.0
2026-06-22,2026-06,Growify_Performance Max_Listing_INTL,United States,1035.98584,0.0,0.0,17.0,1248,Google,0.0
2026-06-22,2026-06,Growify_XYZ LuxuryP_Search_INT-5/21/26,Australia,1517.04,0.0,0.0,4.0,8,Google,0.0
2026-06-22,2026-06,Growify_XYZ LuxuryP_Search_INT-5/21/26,Canada,404.696663,0.0,0.0,15.0,50,Google,0.0
2026-06-22,2026-06,Growify_XYZ LuxuryP_Search_INT-5/21/26,United Kingdom,23.73,0.0,0.0,2.0,8,Google,0.0
2026-06-22,2026-06,Growify_XYZ LuxuryP_Search_INT-5/21/26,United States,765.02,0.0,0.0,5.0,20,Google,0.0
2026-06-22,2026-06,Growify_XYZ LuxuryP_Search_India-12/12/25,India,938.340875,2200.0,1.0,97.0,185,Google,2.3445637492878055
2026-06-23,2026-06,Growify_P.max_HP_EOSS_Ind,India,616.647857,0.0,0.0,58.0,3441,Google,0.0
2026-06-23,2026-06,Growify_Performance Max_Listing_IND,India,1006.037574,2805.0,1.0,252.0,12025,Google,2.7881662400016882
2026-06-23,2026-06,Growify_Performance Max_Listing_INTL,Australia,56.126324,0.0,0.0,4.0,259,Google,0.0
2026-06-23,2026-06,Growify_Performance Max_Listing_INTL,Canada,142.306876,0.0,0.0,7.0,363,Google,0.0
2026-06-23,2026-06,Growify_Performance Max_Listing_INTL,United Kingdom,247.1936,0.0,0.0,6.0,393,Google,0.0
2026-06-23,2026-06,Growify_Performance Max_Listing_INTL,United States,922.821472,0.0,0.0,26.0,1306,Google,0.0
2026-06-23,2026-06,Growify_XYZ LuxuryP_Search_INT-5/21/26,Australia,3.97,0.0,0.0,3.0,9,Google,0.0
2026-06-23,2026-06,Growify_XYZ LuxuryP_Search_INT-5/21/26,Canada,32.79,0.0,0.0,7.0,26,Google,0.0
2026-06-23,2026-06,Growify_XYZ LuxuryP_Search_INT-5/21/26,United Kingdom,17.54,0.0,0.0,1.0,4,Google,0.0
2026-06-23,2026-06,Growify_XYZ LuxuryP_Search_INT-5/21/26,United States,208.534809,0.0,0.0,11.0,43,Google,0.0
2026-06-23,2026-06,Growify_XYZ LuxuryP_Search_India-12/12/25,India,717.017528,3400.0,1.0,88.0,154,Google,4.741864553135443
2026-06-24,2026-06,Growify_P.max_HP_EOSS_Ind,India,808.213696,0.0,0.0,138.0,7695,Google,0.0
2026-06-24,2026-06,Growify_Performance Max_Listing_IND,India,968.260278,0.0,0.0,230.0,11866,Google,0.0
2026-06-24,2026-06,Growify_Performance Max_Listing_INTL,Australia,49.56,0.0,0.0,3.0,159,Google,0.0
2026-06-24,2026-06,Growify_Performance Max_Listing_INTL,Canada,16.55,0.0,0.0,1.0,204,Google,0.0
2026-06-24,2026-06,Growify_Performance Max_Listing_INTL,United Kingdom,97.31,0.0,0.0,2.0,234,Google,0.0
2026-06-24,2026-06,Growify_Performance Max_Listing_INTL,United States,1139.859829,0.0,0.0,20.0,736,Google,0.0
2026-06-24,2026-06,Growify_XYZ LuxuryP_Search_INT-5/21/26,Australia,7.86,0.0,0.0,6.0,21,Google,0.0
2026-06-24,2026-06,Growify_XYZ LuxuryP_Search_INT-5/21/26,Canada,210.21,13776.2,1.0,10.0,35,Google,65.5354169639884
2026-06-24,2026-06,Growify_XYZ LuxuryP_Search_INT-5/21/26,United Kingdom,1292.998381,0.0,0.0,5.0,19,Google,0.0
2026-06-24,2026-06,Growify_XYZ LuxuryP_Search_INT-5/21/26,United States,54.93,0.0,0.0,7.0,26,Google,0.0
2026-06-24,2026-06,Growify_XYZ LuxuryP_Search_India-12/12/25,India,452.419584,15250.0,1.0,75.0,141,Google,33.70764781040071
2026-06-25,2026-06,Growify_P.max_HP_EOSS_Ind,India,184.766505,0.0,0.0,31.0,1685,Google,0.0
2026-06-25,2026-06,Growify_Performance Max_Listing_IND,India,448.515192,0.0,0.0,54.0,2504,Google,0.0
2026-06-25,2026-06,Growify_Performance Max_Listing_INTL,Australia,8.6,0.0,0.0,2.0,76,Google,0.0
2026-06-25,2026-06,Growify_Performance Max_Listing_INTL,Canada,215.916686,0.0,0.0,6.0,222,Google,0.0
2026-06-25,2026-06,Growify_Performance Max_Listing_INTL,United Kingdom,0.0,0.0,0.0,0.0,82,Google,0.0
2026-06-25,2026-06,Growify_Performance Max_Listing_INTL,United States,292.997184,0.0,0.0,8.0,977,Google,0.0
2026-06-25,2026-06,Growify_XYZ LuxuryP_Search_INT-5/21/26,Australia,126.02,0.0,0.0,6.0,13,Google,0.0
2026-06-25,2026-06,Growify_XYZ LuxuryP_Search_INT-5/21/26,Canada,369.73,0.0,0.0,12.0,32,Google,0.0
2026-06-25,2026-06,Growify_XYZ LuxuryP_Search_INT-5/21/26,United Kingdom,2.5,0.0,0.0,2.0,4,Google,0.0
2026-06-25,2026-06,Growify_XYZ LuxuryP_Search_INT-5/21/26,United States,160.01,0.0,0.0,8.0,35,Google,0.0
2026-06-25,2026-06,Growify_XYZ LuxuryP_Search_India-12/12/25,India,283.043159,0.0,0.0,32.0,52,Google,0.0
2026-06-26,2026-06,Growify_P.max_HP_EOSS_Ind,India,479.991743,0.0,0.0,81.0,4698,Google,0.0
2026-06-26,2026-06,Growify_Performance Max_Listing_IND,India,864.656805,0.0,0.0,155.0,9031,Google,0.0
2026-06-26,2026-06,Growify_Performance Max_Listing_INTL,Australia,0.0,0.0,0.0,0.0,86,Google,0.0
2026-06-26,2026-06,Growify_Performance Max_Listing_INTL,Canada,43.741501,0.0,0.0,3.0,273,Google,0.0
2026-06-26,2026-06,Growify_Performance Max_Listing_INTL,United Kingdom,41.53,0.0,0.0,1.0,164,Google,0.0
2026-06-26,2026-06,Growify_Performance Max_Listing_INTL,United States,205.906751,0.0,0.0,7.0,537,Google,0.0
2026-06-26,2026-06,Growify_XYZ LuxuryP_Search_INT-5/21/26,Canada,36.66,0.0,0.0,11.0,31,Google,0.0
2026-06-26,2026-06,Growify_XYZ LuxuryP_Search_INT-5/21/26,United Kingdom,228.22,0.0,0.0,2.0,6,Google,0.0
2026-06-26,2026-06,Growify_XYZ LuxuryP_Search_INT-5/21/26,United States,2.85,0.0,0.0,3.0,19,Google,0.0
2026-06-26,2026-06,Growify_XYZ LuxuryP_Search_India-12/12/25,India,472.168995,0.0,0.0,88.0,156,Google,0.0
2026-06-27,2026-06,Growify_P.max_HP_EOSS_Ind,India,1231.935516,14675.0,1.0,245.0,12134,Google,11.91214946675829
2026-06-27,2026-06,Growify_Performance Max_Listing_IND,India,1665.380225,0.0,0.0,235.0,11692,Google,0.0
2026-06-27,2026-06,Growify_Performance Max_Listing_INTL,Australia,358.123839,0.0,0.0,13.0,516,Google,0.0
2026-06-27,2026-06,Growify_Performance Max_Listing_INTL,Canada,271.493157,0.0,0.0,10.0,781,Google,0.0
2026-06-27,2026-06,Growify_Performance Max_Listing_INTL,United Kingdom,31.12438,0.0,0.0,2.0,444,Google,0.0
2026-06-27,2026-06,Growify_Performance Max_Listing_INTL,United States,1276.814225,0.0,0.0,21.0,1549,Google,0.0
2026-06-27,2026-06,Growify_XYZ LuxuryP_Search_INT-5/21/26,Australia,48.88,0.0,0.0,8.0,15,Google,0.0
2026-06-27,2026-06,Growify_XYZ LuxuryP_Search_INT-5/21/26,Canada,544.266569,0.0,0.0,12.0,40,Google,0.0
2026-06-27,2026-06,Growify_XYZ LuxuryP_Search_INT-5/21/26,United States,7.16,0.0,0.0,8.0,26,Google,0.0
2026-06-27,2026-06,Growify_XYZ LuxuryP_Search_India-12/12/25,India,797.446041,24797.95,2.0,111.0,172,Google,31.096712159863866
2026-06-28,2026-06,Growify_P.max_HP_EOSS_Ind,India,494.03149,0.0,0.0,85.0,4370,Google,0.0
2026-06-28,2026-06,Growify_Performance Max_Listing_IND,India,920.521078,3472.85808,1.33,235.0,12367,Google,3.7727089178070945
2026-06-28,2026-06,Growify_Performance Max_Listing_INTL,Australia,48.67,0.0,0.0,5.0,198,Google,0.0
2026-06-28,2026-06,Growify_Performance Max_Listing_INTL,Canada,152.289596,0.0,0.0,8.0,514,Google,0.0
2026-06-28,2026-06,Growify_Performance Max_Listing_INTL,United Kingdom,53.94055,0.0,0.0,4.0,365,Google,0.0
2026-06-28,2026-06,Growify_Performance Max_Listing_INTL,United States,697.675784,23100.0,1.0,17.0,1135,Google,33.10993520164948
2026-06-28,2026-06,Growify_XYZ LuxuryP_Search_INT-5/21/26,Australia,3.93,0.0,0.0,3.0,10,Google,0.0
2026-06-28,2026-06,Growify_XYZ LuxuryP_Search_INT-5/21/26,Canada,222.229773,0.0,0.0,8.0,32,Google,0.0
2026-06-28,2026-06,Growify_XYZ LuxuryP_Search_INT-5/21/26,United Kingdom,163.26,0.0,0.0,3.0,6,Google,0.0
2026-06-28,2026-06,Growify_XYZ LuxuryP_Search_INT-5/21/26,United States,2039.13,0.0,0.0,7.0,47,Google,0.0
2026-06-28,2026-06,Growify_XYZ LuxuryP_Search_India-12/12/25,India,528.630818,27790.0,1.0,81.0,159,Google,52.56976902167668
2026-06-29,2026-06,Growify_P.max_HP_EOSS_Ind,India,870.809103,5710.17944,1.94,133.0,8180,Google,6.557326307600622
2026-06-29,2026-06,Growify_Performance Max_Listing_IND,India,953.618612,0.0,0.0,202.0,12258,Google,0.0
2026-06-29,2026-06,Growify_Performance Max_Listing_INTL,Australia,30.954584,0.0,0.0,3.0,478,Google,0.0
2026-06-29,2026-06,Growify_Performance Max_Listing_INTL,Canada,550.750952,0.0,0.0,20.0,611,Google,0.0
2026-06-29,2026-06,Growify_Performance Max_Listing_INTL,United Kingdom,170.360117,0.0,0.0,10.0,688,Google,0.0
2026-06-29,2026-06,Growify_Performance Max_Listing_INTL,United States,482.329658,0.0,0.0,13.0,1361,Google,0.0
2026-06-29,2026-06,Growify_XYZ LuxuryP_Search_INT-5/21/26,Australia,13.08,0.0,0.0,10.0,25,Google,0.0
2026-06-29,2026-06,Growify_XYZ LuxuryP_Search_INT-5/21/26,Canada,323.82,31616.0,1.0,18.0,41,Google,97.6344882959669
2026-06-29,2026-06,Growify_XYZ LuxuryP_Search_INT-5/21/26,United Kingdom,67.17,0.0,0.0,2.0,7,Google,0.0
2026-06-29,2026-06,Growify_XYZ LuxuryP_Search_INT-5/21/26,United States,25.5554,17870.0,1.0,11.0,46,Google,699.2651259616363
2026-06-29,2026-06,Growify_XYZ LuxuryP_Search_India-12/12/25,India,434.209475,64090.0,1.0,95.0,161,Google,147.6015694959213
2026-06-30,2026-06,Growify_P.max_HP_EOSS_Ind,India,708.590846,0.0,0.0,106.0,5548,Google,0.0
2026-06-30,2026-06,Growify_Performance Max_Listing_IND,India,1014.357696,0.0,0.0,249.0,12876,Google,0.0
2026-06-30,2026-06,Growify_Performance Max_Listing_INTL,Australia,43.94,0.0,0.0,3.0,408,Google,0.0
2026-06-30,2026-06,Growify_Performance Max_Listing_INTL,Canada,251.63,0.0,0.0,3.0,421,Google,0.0
2026-06-30,2026-06,Growify_Performance Max_Listing_INTL,United Kingdom,90.35,0.0,0.0,7.0,606,Google,0.0
2026-06-30,2026-06,Growify_Performance Max_Listing_INTL,United States,456.76,0.0,0.0,19.0,1302,Google,0.0
2026-06-30,2026-06,Growify_XYZ LuxuryP_Search_INT-5/21/26,Australia,108.73,0.0,0.0,10.0,27,Google,0.0
2026-06-30,2026-06,Growify_XYZ LuxuryP_Search_INT-5/21/26,Canada,170.9,0.0,0.0,20.0,54,Google,0.0
2026-06-30,2026-06,Growify_XYZ LuxuryP_Search_INT-5/21/26,United Kingdom,1.26,0.0,0.0,1.0,5,Google,0.0
2026-06-30,2026-06,Growify_XYZ LuxuryP_Search_INT-5/21/26,United States,142.8,0.0,0.0,9.0,33,Google,0.0
2026-06-30,2026-06,Growify_XYZ LuxuryP_Search_India-12/12/25,India,498.399497,21190.03052,1.0,75.0,161,Google,42.516155508880864
2026-07-01,2026-07,Growify_P.max_HP_EOSS_Ind,India,578.208673,0.0,0.0,58.0,4182,Google,0.0
2026-07-01,2026-07,Growify_Performance Max_Listing_IND,India,780.21201,0.0,0.0,158.0,8490,Google,0.0
2026-07-01,2026-07,Growify_Performance Max_Listing_INTL,Australia,0.0,0.0,0.0,0.0,49,Google,0.0
2026-07-01,2026-07,Growify_Performance Max_Listing_INTL,Canada,168.195602,0.0,0.0,3.0,388,Google,0.0
2026-07-01,2026-07,Growify_Performance Max_Listing_INTL,United Kingdom,176.99,0.0,0.0,8.0,593,Google,0.0
2026-07-01,2026-07,Growify_Performance Max_Listing_INTL,United States,664.05,0.0,0.0,19.0,1468,Google,0.0
2026-07-01,2026-07,Growify_XYZ LuxuryP_Search_INT-5/21/26,Australia,542.28,0.0,0.0,2.0,6,Google,0.0
2026-07-01,2026-07,Growify_XYZ LuxuryP_Search_INT-5/21/26,Canada,42.4,0.0,0.0,9.0,31,Google,0.0
2026-07-01,2026-07,Growify_XYZ LuxuryP_Search_INT-5/21/26,United Kingdom,20.1,0.0,0.0,1.0,2,Google,0.0
2026-07-01,2026-07,Growify_XYZ LuxuryP_Search_INT-5/21/26,United States,441.972647,0.0,0.0,15.0,33,Google,0.0
2026-07-01,2026-07,Growify_XYZ LuxuryP_Search_India-12/12/25,India,669.148726,7990.0,1.0,73.0,176,Google,11.94054429089655
2026-07-02,2026-07,Growify_P.max_HP_EOSS_Ind,India,0.0,0.0,0.0,0.0,8,Google,0.0
2026-07-02,2026-07,Growify_Performance Max_Listing_IND,India,2.48,0.0,0.0,1.0,118,Google,0.0
2026-07-02,2026-07,Growify_Performance Max_Listing_INTL,United Kingdom,0.0,0.0,0.0,0.0,2,Google,0.0
2026-07-02,2026-07,Growify_Performance Max_Listing_INTL,United States,0.0,0.0,0.0,0.0,7,Google,0.0
2026-07-02,2026-07,Growify_XYZ LuxuryP_Search_India-12/12/25,India,1.73,0.0,0.0,1.0,2,Google,0.0
2026-07-04,2026-07,Growify_P.max_HP_EOSS_Ind,India,1400.090876,2404.41,0.16,62.0,4124,Google,1.717324240315955
2026-07-04,2026-07,Growify_Performance Max_Listing_IND,India,1268.637843,15198.75,0.88,251.0,12557,Google,11.980369404761639
2026-07-04,2026-07,Growify_Performance Max_Listing_INTL,Australia,196.58,0.0,0.0,10.0,892,Google,0.0
2026-07-04,2026-07,Growify_Performance Max_Listing_INTL,Canada,407.69,0.0,0.0,10.0,734,Google,0.0
2026-07-04,2026-07,Growify_Performance Max_Listing_INTL,United Kingdom,97.17,0.0,0.0,4.0,781,Google,0.0
2026-07-04,2026-07,Growify_Performance Max_Listing_INTL,United States,1298.042621,0.0,0.0,27.0,2437,Google,0.0
2026-07-04,2026-07,Growify_XYZ LuxuryP_Search_INT-5/21/26,Australia,32.4,0.0,0.0,3.0,8,Google,0.0
2026-07-04,2026-07,Growify_XYZ LuxuryP_Search_INT-5/21/26,Canada,217.35,0.0,0.0,9.0,31,Google,0.0
2026-07-04,2026-07,Growify_XYZ LuxuryP_Search_INT-5/21/26,United Kingdom,219.95,0.0,0.0,3.0,6,Google,0.0
2026-07-04,2026-07,Growify_XYZ LuxuryP_Search_INT-5/21/26,United States,4.403581,0.0,0.0,5.0,18,Google,0.0
2026-07-04,2026-07,Growify_XYZ LuxuryP_Search_India-12/12/25,India,1052.795208,14200.0,1.0,89.0,214,Google,13.487903337797107
2026-07-05,2026-07,Growify_P.max_HP_EOSS_Ind,India,1183.23239,0.0,0.0,244.0,10550,Google,0.0
2026-07-05,2026-07,Growify_Performance Max_Listing_IND,India,1954.240233,78.8454,0.39,313.0,16395,Google,0.04034580737239381
2026-07-05,2026-07,Growify_Performance Max_Listing_INTL,Australia,118.73,0.0,0.0,5.0,114,Google,0.0
2026-07-05,2026-07,Growify_Performance Max_Listing_INTL,Canada,215.25,0.0,0.0,7.0,420,Google,0.0
2026-07-05,2026-07,Growify_Performance Max_Listing_INTL,United Kingdom,28.97,0.0,0.0,2.0,560,Google,0.0
2026-07-05,2026-07,Growify_Performance Max_Listing_INTL,United States,1722.032859,6600.0,0.5,22.0,2024,Google,3.832679478504655
2026-07-05,2026-07,Growify_XYZ LuxuryP_Search_INT-5/21/26,Australia,8.64,0.0,0.0,6.0,16,Google,0.0
2026-07-05,2026-07,Growify_XYZ LuxuryP_Search_INT-5/21/26,Canada,231.44,21450.0,1.0,10.0,31,Google,92.68060836501901
2026-07-05,2026-07,Growify_XYZ LuxuryP_Search_INT-5/21/26,United Kingdom,43.23,0.0,0.0,1.0,4,Google,0.0
2026-07-05,2026-07,Growify_XYZ LuxuryP_Search_INT-5/21/26,United States,58.14,0.0,0.0,8.0,20,Google,0.0
2026-07-05,2026-07,Growify_XYZ LuxuryP_Search_India-12/12/25,India,1613.448262,0.0,0.0,115.0,533,Google,0.0
2026-07-06,2026-07,Growify_P.max_HP_EOSS_Ind,India,791.080745,0.0,0.0,110.0,5695,Google,0.0
2026-07-06,2026-07,Growify_Performance Max_Listing_IND,India,1595.413013,0.0,0.0,426.0,21507,Google,0.0
2026-07-06,2026-07,Growify_Performance Max_Listing_INTL,Australia,37.76,62546.4,2.0,1.0,234,Google,1656.4194915254238
2026-07-06,2026-07,Growify_Performance Max_Listing_INTL,Canada,54.37,0.0,0.0,4.0,736,Google,0.0
2026-07-06,2026-07,Growify_Performance Max_Listing_INTL,United Kingdom,113.59,0.0,0.0,5.0,292,Google,0.0
2026-07-06,2026-07,Growify_Performance Max_Listing_INTL,United States,994.31,0.0,0.0,17.0,1668,Google,0.0
2026-07-06,2026-07,Growify_XYZ LuxuryP_Search_INT-5/21/26,Australia,6.65,0.0,0.0,5.0,14,Google,0.0
2026-07-06,2026-07,Growify_XYZ LuxuryP_Search_INT-5/21/26,Canada,204.54,0.0,0.0,10.0,29,Google,0.0
2026-07-06,2026-07,Growify_XYZ LuxuryP_Search_INT-5/21/26,United Kingdom,36.95,12931.6,1.0,4.0,12,Google,349.9756427604871
2026-07-06,2026-07,Growify_XYZ LuxuryP_Search_INT-5/21/26,United States,280.54,0.0,0.0,11.0,30,Google,0.0
2026-07-06,2026-07,Growify_XYZ LuxuryP_Search_India-12/12/25,India,842.868894,1320.0,0.4,80.0,415,Google,1.5660798605767507
2026-07-07,2026-07,Growify_P.max_HP_EOSS_Ind,India,646.35622,2000.0,1.0,137.0,6293,Google,3.09426897756163
2026-07-07,2026-07,Growify_Performance Max_Listing_IND,India,1486.356761,0.0,0.0,351.0,18172,Google,0.0
2026-07-07,2026-07,Growify_Performance Max_Listing_INTL,Australia,0.0,0.0,0.0,0.0,75,Google,0.0
2026-07-07,2026-07,Growify_Performance Max_Listing_INTL,Canada,166.07,0.0,0.0,6.0,279,Google,0.0
2026-07-07,2026-07,Growify_Performance Max_Listing_INTL,United Kingdom,10.03,0.0,0.0,1.0,105,Google,0.0
2026-07-07,2026-07,Growify_Performance Max_Listing_INTL,United States,723.54,0.0,0.0,19.0,1287,Google,0.0
2026-07-07,2026-07,Growify_XYZ LuxuryP_Search_INT-5/21/26,Australia,4.859931,23280.0,1.0,4.0,8,Google,4790.191465681303
2026-07-07,2026-07,Growify_XYZ LuxuryP_Search_INT-5/21/26,Canada,225.01,0.0,0.0,9.0,23,Google,0.0
2026-07-07,2026-07,Growify_XYZ LuxuryP_Search_INT-5/21/26,United Kingdom,22.92,0.0,0.0,4.0,6,Google,0.0
2026-07-07,2026-07,Growify_XYZ LuxuryP_Search_INT-5/21/26,United States,5.75,0.0,0.0,6.0,28,Google,0.0
2026-07-07,2026-07,Growify_XYZ LuxuryP_Search_India-12/12/25,India,1136.338996,24450.0,2.0,91.0,364,Google,21.516466552732826
2026-07-08,2026-07,Growify_P.max_HP_EOSS_Ind,India,766.153199,0.0,0.0,125.0,4728,Google,0.0
2026-07-08,2026-07,Growify_Performance Max_Listing_IND,India,680.061339,0.0,0.0,182.0,8791,Google,0.0
2026-07-08,2026-07,Growify_Performance Max_Listing_INTL,Australia,0.0,0.0,0.0,0.0,45,Google,0.0
2026-07-08,2026-07,Growify_Performance Max_Listing_INTL,Canada,179.34,43450.0,1.0,8.0,548,Google,242.2772387643582
2026-07-08,2026-07,Growify_Performance Max_Listing_INTL,United Kingdom,12.32,0.0,0.0,2.0,67,Google,0.0
2026-07-08,2026-07,Growify_Performance Max_Listing_INTL,United States,571.86,6600.0,0.5,13.0,1272,Google,11.541286328821739
2026-07-08,2026-07,Growify_XYZ LuxuryP_Search_INT-5/21/26,Australia,1.33,0.0,0.0,1.0,4,Google,0.0
2026-07-08,2026-07,Growify_XYZ LuxuryP_Search_INT-5/21/26,Canada,42.2,0.0,0.0,7.0,16,Google,0.0
2026-07-08,2026-07,Growify_XYZ LuxuryP_Search_INT-5/21/26,United Kingdom,1.28,0.0,0.0,1.0,4,Google,0.0
2026-07-08,2026-07,Growify_XYZ LuxuryP_Search_INT-5/21/26,United States,136.78,0.0,0.0,7.0,29,Google,0.0
2026-07-08,2026-07,Growify_XYZ LuxuryP_Search_India-12/12/25,India,355.322168,660.0,0.2,56.0,165,Google,1.8574692474577046
2026-07-09,2026-07,Growify_P.max_HP_EOSS_Ind,India,628.731846,2968.794,0.99,88.0,4867,Google,4.721876295733237
2026-07-09,2026-07,Growify_Performance Max_Listing_IND,India,1002.655829,11750.0,1.0,312.0,15001,Google,11.718876667499032
2026-07-09,2026-07,Growify_Performance Max_Listing_INTL,Australia,20.46,0.0,0.0,2.0,51,Google,0.0
2026-07-09,2026-07,Growify_Performance Max_Listing_INTL,Canada,25.9,0.0,0.0,1.0,171,Google,0.0
2026-07-09,2026-07,Growify_Performance Max_Listing_INTL,United Kingdom,39.89,0.0,0.0,3.0,225,Google,0.0
2026-07-09,2026-07,Growify_Performance Max_Listing_INTL,United States,148.88,0.0,0.0,5.0,556,Google,0.0
2026-07-09,2026-07,Growify_XYZ LuxuryP_Search_INT-5/21/26,Australia,1.33,0.0,0.0,1.0,2,Google,0.0
2026-07-09,2026-07,Growify_XYZ LuxuryP_Search_INT-5/21/26,Canada,2.797793,0.0,0.0,3.0,9,Google,0.0
2026-07-09,2026-07,Growify_XYZ LuxuryP_Search_INT-5/21/26,United Kingdom,261.83,0.0,0.0,2.0,6,Google,0.0
2026-07-09,2026-07,Growify_XYZ LuxuryP_Search_INT-5/21/26,United States,1119.4,0.0,0.0,3.0,6,Google,0.0
2026-07-09,2026-07,Growify_XYZ LuxuryP_Search_India-12/12/25,India,593.984835,0.0,0.0,45.0,217,Google,0.0
2026-07-10,2026-07,Growify_P.max_HP_EOSS_Ind,India,696.251802,0.0,0.0,110.0,5292,Google,0.0
2026-07-10,2026-07,Growify_Performance Max_Listing_IND,India,1308.370617,0.0,0.0,382.0,17828,Google,0.0
2026-07-10,2026-07,Growify_Performance Max_Listing_INTL,Australia,0.0,0.0,0.0,0.0,36,Google,0.0
2026-07-10,2026-07,Growify_Performance Max_Listing_INTL,Canada,128.91,0.0,0.0,5.0,166,Google,0.0
2026-07-10,2026-07,Growify_Performance Max_Listing_INTL,United Kingdom,104.91,0.0,0.0,4.0,231,Google,0.0
2026-07-10,2026-07,Growify_Performance Max_Listing_INTL,United States,1325.34,8263.819654,0.12,9.0,1048,Google,6.235245034481719
2026-07-10,2026-07,Growify_XYZ LuxuryP_Search_INT-5/21/26,Australia,82.79792,0.0,0.0,3.0,11,Google,0.0
2026-07-10,2026-07,Growify_XYZ LuxuryP_Search_INT-5/21/26,Canada,877.416144,0.0,0.0,13.0,38,Google,0.0
2026-07-10,2026-07,Growify_XYZ LuxuryP_Search_INT-5/21/26,United Kingdom,145.85,0.0,0.0,7.0,20,Google,0.0
2026-07-10,2026-07,Growify_XYZ LuxuryP_Search_INT-5/21/26,United States,248.0,0.0,0.0,12.0,36,Google,0.0
2026-07-10,2026-07,Growify_XYZ LuxuryP_Search_India-12/12/25,India,1194.785648,2400.0,1.0,66.0,305,Google,2.0087285146230682
2026-07-11,2026-07,Growify_P.max_HP_EOSS_Ind,India,1064.431725,0.0,0.0,204.0,8465,Google,0.0
2026-07-11,2026-07,Growify_Performance Max_Listing_IND,India,1233.655943,0.0,0.0,542.0,23129,Google,0.0
2026-07-11,2026-07,Growify_Performance Max_Listing_INTL,Australia,63.7,0.0,0.0,7.0,141,Google,0.0
2026-07-11,2026-07,Growify_Performance Max_Listing_INTL,Canada,696.413825,0.0,0.0,9.0,260,Google,0.0
2026-07-11,2026-07,Growify_Performance Max_Listing_INTL,United Kingdom,24.88,0.0,0.0,2.0,301,Google,0.0
2026-07-11,2026-07,Growify_Performance Max_Listing_INTL,United States,756.32,0.0,0.0,16.0,1607,Google,0.0
2026-07-11,2026-07,Growify_XYZ LuxuryP_Search_INT-5/21/26,Australia,260.083856,0.0,0.0,5.0,12,Google,0.0
2026-07-11,2026-07,Growify_XYZ LuxuryP_Search_INT-5/21/26,Canada,373.13,0.0,0.0,11.0,27,Google,0.0
2026-07-11,2026-07,Growify_XYZ LuxuryP_Search_INT-5/21/26,United Kingdom,43.46,0.0,0.0,3.0,10,Google,0.0
2026-07-11,2026-07,Growify_XYZ LuxuryP_Search_INT-5/21/26,United States,578.63,0.0,0.0,2.0,14,Google,0.0
2026-07-11,2026-07,Growify_XYZ LuxuryP_Search_India-12/12/25,India,972.367407,0.0,0.0,71.0,249,Google,0.0
2026-07-12,2026-07,Growify_P.max_HP_EOSS_Ind,India,730.942606,6261.75,1.0,68.0,3238,Google,8.566678079236224
2026-07-12,2026-07,Growify_Performance Max_Listing_IND,India,1026.030494,0.0,0.0,566.0,22655,Google,0.0
2026-07-12,2026-07,Growify_Performance Max_Listing_INTL,Australia,0.01,0.0,0.0,1.0,49,Google,0.0
2026-07-12,2026-07,Growify_Performance Max_Listing_INTL,Canada,371.11,0.0,0.0,2.0,399,Google,0.0
2026-07-12,2026-07,Growify_Performance Max_Listing_INTL,United Kingdom,6.5,0.0,0.0,1.0,131,Google,0.0
2026-07-12,2026-07,Growify_Performance Max_Listing_INTL,United States,595.15,0.0,0.0,17.0,1262,Google,0.0
2026-07-12,2026-07,Growify_XYZ LuxuryP_Search_INT-5/21/26,Australia,5.32,0.0,0.0,4.0,9,Google,0.0
2026-07-12,2026-07,Growify_XYZ LuxuryP_Search_INT-5/21/26,Canada,134.74,0.0,0.0,13.0,28,Google,0.0
2026-07-12,2026-07,Growify_XYZ LuxuryP_Search_INT-5/21/26,United Kingdom,2.56,0.0,0.0,2.0,4,Google,0.0
2026-07-12,2026-07,Growify_XYZ LuxuryP_Search_INT-5/21/26,United States,356.141872,0.0,0.0,5.0,16,Google,0.0
2026-07-12,2026-07,Growify_XYZ LuxuryP_Search_India-12/12/25,India,996.622383,0.0,0.0,78.0,293,Google,0.0
2026-07-13,2026-07,Growify_P.max_HP_EOSS_Ind,India,1455.899445,0.0,0.0,18.0,951,Google,0.0
2026-07-13,2026-07,Growify_Performance Max_Listing_IND,India,862.480339,0.0,0.0,341.0,14227,Google,0.0
2026-07-13,2026-07,Growify_Performance Max_Listing_INTL,Australia,7.8,0.0,0.0,1.0,26,Google,0.0
2026-07-13,2026-07,Growify_Performance Max_Listing_INTL,Canada,360.1,0.0,0.0,6.0,167,Google,0.0
2026-07-13,2026-07,Growify_Performance Max_Listing_INTL,United Kingdom,0.0,0.0,0.0,0.0,119,Google,0.0
2026-07-13,2026-07,Growify_Performance Max_Listing_INTL,United States,583.88,0.0,0.0,16.0,936,Google,0.0
2026-07-13,2026-07,Growify_XYZ LuxuryP_Search_INT-5/21/26,Australia,0.0,0.0,0.0,0.0,6,Google,0.0
2026-07-13,2026-07,Growify_XYZ LuxuryP_Search_INT-5/21/26,Canada,11.54,0.0,0.0,9.0,23,Google,0.0
2026-07-13,2026-07,Growify_XYZ LuxuryP_Search_INT-5/21/26,United Kingdom,199.390862,0.0,0.0,5.0,10,Google,0.0
2026-07-13,2026-07,Growify_XYZ LuxuryP_Search_INT-5/21/26,United States,291.11,0.0,0.0,8.0,36,Google,0.0
2026-07-13,2026-07,Growify_XYZ LuxuryP_Search_India-12/12/25,India,815.226796,11631.92,3.0,74.0,237,Google,14.268323927860683
2026-07-14,2026-07,Growify_P.max_HP_EOSS_Ind,India,133.761012,0.0,0.0,40.0,1813,Google,0.0
2026-07-14,2026-07,Growify_Performance Max_Listing_IND,India,435.960616,0.0,0.0,188.0,9480,Google,0.0
2026-07-14,2026-07,Growify_Performance Max_Listing_INTL,Australia,0.0,0.0,0.0,0.0,50,Google,0.0
2026-07-14,2026-07,Growify_Performance Max_Listing_INTL,Canada,12.39,0.0,0.0,1.0,85,Google,0.0
2026-07-14,2026-07,Growify_Performance Max_Listing_INTL,United Kingdom,46.61,0.0,0.0,2.0,156,Google,0.0
2026-07-14,2026-07,Growify_Performance Max_Listing_INTL,United States,214.73,0.0,0.0,6.0,408,Google,0.0
2026-07-14,2026-07,Growify_XYZ LuxuryP_Search_INT-5/21/26,Australia,0.0,0.0,0.0,0.0,2,Google,0.0
2026-07-14,2026-07,Growify_XYZ LuxuryP_Search_INT-5/21/26,Canada,41.235392,0.0,0.0,9.0,24,Google,0.0
2026-07-14,2026-07,Growify_XYZ LuxuryP_Search_INT-5/21/26,United Kingdom,340.087008,0.0,0.0,5.0,18,Google,0.0
2026-07-14,2026-07,Growify_XYZ LuxuryP_Search_INT-5/21/26,United States,782.56,0.0,0.0,9.0,22,Google,0.0
2026-07-14,2026-07,Growify_XYZ LuxuryP_Search_India-12/12/25,India,561.569721,13666.0,1.0,62.0,137,Google,24.33535763941233
2026-07-15,2026-07,Growify_P.max_HP_EOSS_Ind,India,776.05422,392.865825,0.04,86.0,5334,Google,0.5062350218261812
2026-07-15,2026-07,Growify_Performance Max_Listing_IND,India,1470.622629,17820.0,3.0,342.0,16714,Google,12.117316603592124
2026-07-15,2026-07,Growify_Performance Max_Listing_INTL,Australia,8.9,0.0,0.0,2.0,123,Google,0.0
2026-07-15,2026-07,Growify_Performance Max_Listing_INTL,Canada,197.46,0.0,0.0,7.0,495,Google,0.0
2026-07-15,2026-07,Growify_Performance Max_Listing_INTL,United Kingdom,86.273573,0.0,0.0,2.0,389,Google,0.0
2026-07-15,2026-07,Growify_Performance Max_Listing_INTL,United States,551.43,0.0,0.0,16.0,1279,Google,0.0
2026-07-15,2026-07,Growify_XYZ LuxuryP_Search_INT-5/21/26,Australia,4.05,0.0,0.0,3.0,4,Google,0.0
2026-07-15,2026-07,Growify_XYZ LuxuryP_Search_INT-5/21/26,Canada,121.794062,0.0,0.0,8.0,32,Google,0.0
2026-07-15,2026-07,Growify_XYZ LuxuryP_Search_INT-5/21/26,United Kingdom,9.06,0.0,0.0,7.0,17,Google,0.0
2026-07-15,2026-07,Growify_XYZ LuxuryP_Search_INT-5/21/26,United States,232.96,0.0,0.0,7.0,19,Google,0.0
2026-07-15,2026-07,Growify_XYZ LuxuryP_Search_India-12/12/25,India,644.010241,3366.0,1.0,79.0,199,Google,5.226624959835072
2026-07-16,2026-07,Growify_P.max_HP_EOSS_Ind,India,608.258217,0.0,0.0,67.0,2651,Google,0.0
2026-07-16,2026-07,Growify_Performance Max_Listing_IND,India,1106.012147,2878.953,0.32,302.0,15044,Google,2.603003057253041
2026-07-16,2026-07,Growify_Performance Max_Listing_INTL,Australia,25.79,0.0,0.0,3.0,203,Google,0.0
2026-07-16,2026-07,Growify_Performance Max_Listing_INTL,Canada,179.38,0.0,0.0,9.0,670,Google,0.0
2026-07-16,2026-07,Growify_Performance Max_Listing_INTL,United Kingdom,48.161259,0.0,0.0,4.0,273,Google,0.0
2026-07-16,2026-07,Growify_Performance Max_Listing_INTL,United States,300.2,0.0,0.0,13.0,1919,Google,0.0
2026-07-16,2026-07,Growify_XYZ LuxuryP_Search_INT-5/21/26,Australia,9.45,0.0,0.0,2.0,7,Google,0.0
2026-07-16,2026-07,Growify_XYZ LuxuryP_Search_INT-5/21/26,Canada,103.68,0.0,0.0,8.0,18,Google,0.0
2026-07-16,2026-07,Growify_XYZ LuxuryP_Search_INT-5/21/26,United Kingdom,57.28,0.0,0.0,2.0,9,Google,0.0
2026-07-16,2026-07,Growify_XYZ LuxuryP_Search_INT-5/21/26,United States,427.384948,0.0,0.0,8.0,25,Google,0.0
2026-07-16,2026-07,Growify_XYZ LuxuryP_Search_India-12/12/25,India,265.174933,13340.0,2.0,89.0,155,Google,50.306414143602325
2026-07-17,2026-07,Growify_P.max_HP_EOSS_Ind,India,348.708817,0.0,0.0,54.0,2578,Google,0.0
2026-07-17,2026-07,Growify_Performance Max_Listing_IND,India,725.283457,0.0,0.0,176.0,8472,Google,0.0
2026-07-17,2026-07,Growify_Performance Max_Listing_INTL,Australia,120.33,0.0,0.0,5.0,435,Google,0.0
2026-07-17,2026-07,Growify_Performance Max_Listing_INTL,Canada,185.92,0.0,0.0,7.0,691,Google,0.0
2026-07-17,2026-07,Growify_Performance Max_Listing_INTL,United Kingdom,103.52,0.0,0.0,7.0,378,Google,0.0
2026-07-17,2026-07,Growify_Performance Max_Listing_INTL,United States,1590.06,0.0,0.0,43.0,2908,Google,0.0
2026-07-17,2026-07,Growify_XYZ LuxuryP_Search_INT-5/21/26,Australia,11.081074,0.0,0.0,4.0,10,Google,0.0
2026-07-17,2026-07,Growify_XYZ LuxuryP_Search_INT-5/21/26,Canada,87.26845,0.0,0.0,15.0,44,Google,0.0
2026-07-17,2026-07,Growify_XYZ LuxuryP_Search_INT-5/21/26,United Kingdom,322.46,0.0,0.0,6.0,19,Google,0.0
2026-07-17,2026-07,Growify_XYZ LuxuryP_Search_INT-5/21/26,United States,278.37,0.0,0.0,9.0,29,Google,0.0
2026-07-17,2026-07,Growify_XYZ LuxuryP_Search_India-12/12/25,India,471.044355,0.0,0.0,79.0,128,Google,0.0
2026-07-18,2026-07,Growify_P.max_HP_EOSS_Ind,India,580.531523,12.7188,0.0,70.0,3443,Google,0.021908887796950865
2026-07-18,2026-07,Growify_Performance Max_Listing_IND,India,1187.664027,0.0,0.0,483.0,19082,Google,0.0
2026-07-18,2026-07,Growify_Performance Max_Listing_INTL,Australia,325.09,0.0,0.0,16.0,571,Google,0.0
2026-07-18,2026-07,Growify_Performance Max_Listing_INTL,Canada,173.356805,0.0,0.0,6.0,584,Google,0.0
2026-07-18,2026-07,Growify_Performance Max_Listing_INTL,United Kingdom,129.53602,0.0,0.0,5.0,562,Google,0.0
2026-07-18,2026-07,Growify_Performance Max_Listing_INTL,United States,485.83,0.0,0.0,17.0,2053,Google,0.0
2026-07-18,2026-07,Growify_XYZ LuxuryP_Search_INT-5/21/26,Australia,26.054868,0.0,0.0,4.0,11,Google,0.0
2026-07-18,2026-07,Growify_XYZ LuxuryP_Search_INT-5/21/26,Canada,144.29,0.0,0.0,13.0,33,Google,0.0
2026-07-18,2026-07,Growify_XYZ LuxuryP_Search_INT-5/21/26,United Kingdom,79.598557,0.0,0.0,6.0,21,Google,0.0
2026-07-18,2026-07,Growify_XYZ LuxuryP_Search_INT-5/21/26,United States,196.45,0.0,0.0,9.0,30,Google,0.0
2026-07-18,2026-07,Growify_XYZ LuxuryP_Search_India-12/12/25,India,264.579949,0.0,0.0,79.0,150,Google,0.0
2026-07-19,2026-07,Growify_P.max_HP_EOSS_Ind,India,560.374959,5803.181175,0.64,95.0,4094,Google,10.355889537526604
2026-07-19,2026-07,Growify_Performance Max_Listing_IND,India,850.853004,0.0,0.0,125.0,4585,Google,0.0
2026-07-19,2026-07,Growify_Performance Max_Listing_INTL,Australia,3.37,0.0,0.0,1.0,186,Google,0.0
2026-07-19,2026-07,Growify_Performance Max_Listing_INTL,Canada,333.3,0.0,0.0,9.0,400,Google,0.0
2026-07-19,2026-07,Growify_Performance Max_Listing_INTL,United Kingdom,132.63,0.0,0.0,4.0,284,Google,0.0
2026-07-19,2026-07,Growify_Performance Max_Listing_INTL,United States,676.16,0.0,0.0,21.0,1760,Google,0.0
2026-07-19,2026-07,Growify_XYZ LuxuryP_Search_INT-5/21/26,Australia,10.203016,0.0,0.0,2.0,6,Google,0.0
2026-07-19,2026-07,Growify_XYZ LuxuryP_Search_INT-5/21/26,Canada,146.891092,4165.92,1.0,17.0,40,Google,28.36060337818171
2026-07-19,2026-07,Growify_XYZ LuxuryP_Search_INT-5/21/26,United Kingdom,50.53,0.0,0.0,4.0,10,Google,0.0
2026-07-19,2026-07,Growify_XYZ LuxuryP_Search_INT-5/21/26,United States,856.562912,34770.0,1.0,7.0,26,Google,40.592464970045306
2026-07-19,2026-07,Growify_XYZ LuxuryP_Search_India-12/12/25,India,780.568242,0.0,0.0,51.0,89,Google,0.0
2026-07-20,2026-07,Growify_P.max_HP_EOSS_Ind,India,336.465672,3587.2812,1.0,70.0,3497,Google,10.661655849396725
2026-07-20,2026-07,Growify_Performance Max_Listing_IND,India,228.374202,0.0,0.0,181.0,7566,Google,0.0
2026-07-20,2026-07,Growify_Performance Max_Listing_INTL,Australia,149.67,0.0,0.0,7.0,304,Google,0.0
2026-07-20,2026-07,Growify_Performance Max_Listing_INTL,Canada,1459.43,0.0,0.0,8.0,306,Google,0.0
2026-07-20,2026-07,Growify_Performance Max_Listing_INTL,United Kingdom,63.33,0.0,0.0,3.0,302,Google,0.0
2026-07-20,2026-07,Growify_Performance Max_Listing_INTL,United States,164.65,0.0,0.0,9.0,1308,Google,0.0
2026-07-20,2026-07,Growify_XYZ LuxuryP_Search_INT-5/21/26,Australia,2.958184,0.0,0.0,3.0,6,Google,0.0
2026-07-20,2026-07,Growify_XYZ LuxuryP_Search_INT-5/21/26,Canada,648.01,0.0,0.0,12.0,35,Google,0.0
2026-07-20,2026-07,Growify_XYZ LuxuryP_Search_INT-5/21/26,United Kingdom,348.54,0.0,0.0,3.0,18,Google,0.0
2026-07-20,2026-07,Growify_XYZ LuxuryP_Search_INT-5/21/26,United States,182.184315,0.0,0.0,7.0,26,Google,0.0
2026-07-20,2026-07,Growify_XYZ LuxuryP_Search_India-12/12/25,India,353.085765,0.0,0.0,49.0,118,Google,0.0
2026-07-21,2026-07,Growify_P.max_HP_EOSS_Ind,India,89.989331,0.0,0.0,40.0,1580,Google,0.0
2026-07-21,2026-07,Growify_Performance Max_Listing_IND,India,243.915773,0.0,0.0,105.0,4705,Google,0.0
2026-07-21,2026-07,Growify_Performance Max_Listing_INTL,Australia,0.0,0.0,0.0,0.0,17,Google,0.0
2026-07-21,2026-07,Growify_Performance Max_Listing_INTL,Canada,0.0,0.0,0.0,0.0,25,Google,0.0
2026-07-21,2026-07,Growify_Performance Max_Listing_INTL,United Kingdom,25.55,0.0,0.0,1.0,30,Google,0.0
2026-07-21,2026-07,Growify_Performance Max_Listing_INTL,United States,143.0,0.0,0.0,5.0,188,Google,0.0
2026-07-21,2026-07,Growify_XYZ LuxuryP_Search_INT-5/21/26,Canada,270.58815,0.0,0.0,10.0,19,Google,0.0
2026-07-21,2026-07,Growify_XYZ LuxuryP_Search_INT-5/21/26,United States,26.96,0.0,0.0,2.0,6,Google,0.0
2026-07-21,2026-07,Growify_XYZ LuxuryP_Search_India-12/12/25,India,185.585702,0.0,0.0,17.0,29,Google,0.0
2026-07-22,2026-07,Growify_P.max_HP_EOSS_Ind,India,951.432744,0.0,0.0,199.0,7891,Google,0.0
2026-07-22,2026-07,Growify_Performance Max_Listing_IND,India,752.583249,0.0,0.0,307.0,13376,Google,0.0
2026-07-22,2026-07,Growify_Performance Max_Listing_INTL,Australia,81.42,0.0,0.0,3.0,179,Google,0.0
2026-07-22,2026-07,Growify_Performance Max_Listing_INTL,Canada,19.329695,0.0,0.0,4.0,161,Google,0.0
2026-07-22,2026-07,Growify_Performance Max_Listing_INTL,United Kingdom,48.32,0.0,0.0,4.0,163,Google,0.0
2026-07-22,2026-07,Growify_Performance Max_Listing_INTL,United States,426.52,0.0,0.0,10.0,1028,Google,0.0
2026-07-22,2026-07,Growify_XYZ LuxuryP_Search_INT-5/21/26,Australia,4.138751,0.0,0.0,4.0,6,Google,0.0
2026-07-22,2026-07,Growify_XYZ LuxuryP_Search_INT-5/21/26,Canada,221.5,0.0,0.0,11.0,26,Google,0.0
2026-07-22,2026-07,Growify_XYZ LuxuryP_Search_INT-5/21/26,United Kingdom,91.449839,0.0,0.0,5.0,9,Google,0.0
2026-07-22,2026-07,Growify_XYZ LuxuryP_Search_INT-5/21/26,United States,11.776452,0.0,0.0,8.0,22,Google,0.0
2026-07-22,2026-07,Growify_XYZ LuxuryP_Search_India-12/12/25,India,329.240499,0.0,0.0,64.0,107,Google,0.0
2026-07-23,2026-07,Growify_P.max_HP_EOSS_Ind,India,664.990223,0.0,0.0,152.0,6334,Google,0.0
2026-07-23,2026-07,Growify_Performance Max_Listing_IND,India,832.191588,0.0,0.0,305.0,14143,Google,0.0
2026-07-23,2026-07,Growify_Performance Max_Listing_INTL,Australia,33.42,0.0,0.0,6.0,298,Google,0.0
2026-07-23,2026-07,Growify_Performance Max_Listing_INTL,Canada,66.287989,0.0,0.0,2.0,159,Google,0.0
2026-07-23,2026-07,Growify_Performance Max_Listing_INTL,United Kingdom,21.02,0.0,0.0,2.0,242,Google,0.0
2026-07-23,2026-07,Growify_Performance Max_Listing_INTL,United States,721.74,0.0,0.0,14.0,830,Google,0.0
2026-07-23,2026-07,Growify_XYZ LuxuryP_Search_INT-5/21/26,Australia,20.10799,0.0,0.0,4.0,9,Google,0.0
2026-07-23,2026-07,Growify_XYZ LuxuryP_Search_INT-5/21/26,Canada,6.647312,0.0,0.0,5.0,9,Google,0.0
2026-07-23,2026-07,Growify_XYZ LuxuryP_Search_INT-5/21/26,United Kingdom,12.840979,0.0,0.0,3.0,5,Google,0.0
2026-07-23,2026-07,Growify_XYZ LuxuryP_Search_INT-5/21/26,United States,9.807034,4320.0,1.0,9.0,20,Google,440.50015529669827
2026-07-23,2026-07,Growify_XYZ LuxuryP_Search_India-12/12/25,India,499.248482,20682.96,2.5,49.0,66,Google,41.42818805806604
2026-07-24,2026-07,Growify_P.max_HP_EOSS_Ind,India,570.202407,0.0,0.0,86.0,4128,Google,0.0
2026-07-24,2026-07,Growify_Performance Max_Listing_IND,India,516.518718,0.0,0.0,122.0,5044,Google,0.0
2026-07-24,2026-07,Growify_Performance Max_Listing_INTL,Australia,148.27,0.0,0.0,6.0,362,Google,0.0
2026-07-24,2026-07,Growify_Performance Max_Listing_INTL,Canada,63.395815,0.0,0.0,3.0,407,Google,0.0
2026-07-24,2026-07,Growify_Performance Max_Listing_INTL,United Kingdom,56.77,0.0,0.0,3.0,423,Google,0.0
2026-07-24,2026-07,Growify_Performance Max_Listing_INTL,United States,1073.2,0.0,0.0,12.0,1350,Google,0.0
2026-07-24,2026-07,Growify_XYZ LuxuryP_Search_INT-5/21/26,Australia,1.35,0.0,0.0,1.0,3,Google,0.0
2026-07-24,2026-07,Growify_XYZ LuxuryP_Search_INT-5/21/26,Canada,37.82,0.0,0.0,13.0,21,Google,0.0
2026-07-24,2026-07,Growify_XYZ LuxuryP_Search_INT-5/21/26,United Kingdom,15.43,0.0,0.0,3.0,5,Google,0.0
2026-07-24,2026-07,Growify_XYZ LuxuryP_Search_INT-5/21/26,United States,5.82,4165.92,1.0,6.0,12,Google,715.7938144329896
2026-07-24,2026-07,Growify_XYZ LuxuryP_Search_India-12/12/25,India,886.723521,0.0,0.0,92.0,151,Google,0.0
2026-07-25,2026-07,Growify_P.max_HP_EOSS_Ind,India,519.663686,0.0,0.0,51.0,3029,Google,0.0
2026-07-25,2026-07,Growify_Performance Max_Listing_IND,India,356.935856,0.0,0.0,106.0,5034,Google,0.0
2026-07-25,2026-07,Growify_Performance Max_Listing_INTL,Australia,0.0,0.0,0.0,0.0,27,Google,0.0
2026-07-25,2026-07,Growify_Performance Max_Listing_INTL,Canada,0.0,0.0,0.0,0.0,71,Google,0.0
2026-07-25,2026-07,Growify_Performance Max_Listing_INTL,United Kingdom,30.72,0.0,0.0,3.0,90,Google,0.0
2026-07-25,2026-07,Growify_Performance Max_Listing_INTL,United States,1319.43,57874.78035,0.88,6.0,390,Google,43.86347161274186
2026-07-25,2026-07,Growify_XYZ LuxuryP_Search_INT-5/21/26,Australia,1.35,0.0,0.0,1.0,1,Google,0.0
2026-07-25,2026-07,Growify_XYZ LuxuryP_Search_INT-5/21/26,Canada,39.042337,0.0,0.0,14.0,28,Google,0.0
2026-07-25,2026-07,Growify_XYZ LuxuryP_Search_INT-5/21/26,United Kingdom,29.28548,0.0,0.0,6.0,10,Google,0.0
2026-07-25,2026-07,Growify_XYZ LuxuryP_Search_INT-5/21/26,United States,273.33,0.0,0.0,10.0,18,Google,0.0
2026-07-25,2026-07,Growify_XYZ LuxuryP_Search_India-12/12/25,India,621.490784,3782.96,0.5,60.0,115,Google,6.086912464980334
2026-07-26,2026-07,Growify_P.max_HP_EOSS_Ind,India,337.797734,357.26823,0.1,84.0,3813,Google,1.0576395103941107
2026-07-26,2026-07,Growify_Performance Max_Listing_IND,India,346.983792,0.0,0.0,168.0,7377,Google,0.0
2026-07-26,2026-07,Growify_Performance Max_Listing_INTL,Australia,50.16,0.0,0.0,3.0,110,Google,0.0
2026-07-26,2026-07,Growify_Performance Max_Listing_INTL,Canada,194.736575,1552.0626,0.16,6.0,163,Google,7.970062121098721
2026-07-26,2026-07,Growify_Performance Max_Listing_INTL,United Kingdom,68.69,0.0,0.0,2.0,152,Google,0.0
2026-07-26,2026-07,Growify_Performance Max_Listing_INTL,United States,212.81,0.0,0.0,10.0,436,Google,0.0
2026-07-26,2026-07,Growify_XYZ LuxuryP_Search_INT-5/21/26,Australia,13.862105,0.0,0.0,5.0,11,Google,0.0
2026-07-26,2026-07,Growify_XYZ LuxuryP_Search_INT-5/21/26,Canada,89.13,0.0,0.0,8.0,24,Google,0.0
2026-07-26,2026-07,Growify_XYZ LuxuryP_Search_INT-5/21/26,United Kingdom,66.093013,0.0,0.0,7.0,12,Google,0.0
2026-07-26,2026-07,Growify_XYZ LuxuryP_Search_INT-5/21/26,United States,44.46,0.0,0.0,8.0,18,Google,0.0
2026-07-26,2026-07,Growify_XYZ LuxuryP_Search_India-12/12/25,India,1830.666151,5200.0,1.0,72.0,119,Google,2.840496065959107
2026-07-27,2026-07,Growify_P.max_HP_EOSS_Ind,India,567.587492,0.0,0.0,145.0,4924,Google,0.0
2026-07-27,2026-07,Growify_Performance Max_Listing_IND,India,677.516033,4999.0,1.0,261.0,10791,Google,7.3784231760017995
2026-07-27,2026-07,Growify_Performance Max_Listing_INTL,Australia,134.7,0.0,0.0,7.0,190,Google,0.0
2026-07-27,2026-07,Growify_Performance Max_Listing_INTL,Canada,10.395615,1552.0626,0.16,1.0,118,Google,149.2997383993155
2026-07-27,2026-07,Growify_Performance Max_Listing_INTL,United Kingdom,38.74,0.0,0.0,6.0,192,Google,0.0
2026-07-27,2026-07,Growify_Performance Max_Listing_INTL,United States,110.06,0.0,0.0,6.0,676,Google,0.0
2026-07-27,2026-07,Growify_XYZ LuxuryP_Search_INT-5/21/26,Australia,18.88,0.0,0.0,3.0,8,Google,0.0
2026-07-27,2026-07,Growify_XYZ LuxuryP_Search_INT-5/21/26,Canada,296.357083,0.0,0.0,3.0,13,Google,0.0
2026-07-27,2026-07,Growify_XYZ LuxuryP_Search_INT-5/21/26,United Kingdom,35.99,0.0,0.0,3.0,5,Google,0.0
2026-07-27,2026-07,Growify_XYZ LuxuryP_Search_INT-5/21/26,United States,3.87,0.0,0.0,2.0,6,Google,0.0
2026-07-27,2026-07,Growify_XYZ LuxuryP_Search_India-12/12/25,India,364.998853,0.0,0.0,37.0,76,Google,0.0
2026-07-28,2026-07,Growify_P.max_HP_EOSS_Ind,India,502.157692,7334.54704,2.01,131.0,4212,Google,14.606063308097252
2026-07-28,2026-07,Growify_Performance Max_Listing_IND,India,441.181148,0.0,0.0,180.0,8220,Google,0.0
2026-07-28,2026-07,Growify_Performance Max_Listing_INTL,Australia,5.34,0.0,0.0,1.0,181,Google,0.0
2026-07-28,2026-07,Growify_Performance Max_Listing_INTL,Canada,79.623683,1552.07217,0.16,4.0,164,Google,19.49259455883245
2026-07-28,2026-07,Growify_Performance Max_Listing_INTL,United Kingdom,123.22,0.0,0.0,4.0,220,Google,0.0
2026-07-28,2026-07,Growify_Performance Max_Listing_INTL,United States,527.59,0.0,0.0,13.0,683,Google,0.0
2026-07-28,2026-07,Growify_XYZ LuxuryP_Search_INT-5/21/26,Australia,412.81,0.0,0.0,4.0,7,Google,0.0
2026-07-28,2026-07,Growify_XYZ LuxuryP_Search_INT-5/21/26,Canada,52.3,0.0,0.0,5.0,14,Google,0.0
2026-07-28,2026-07,Growify_XYZ LuxuryP_Search_INT-5/21/26,United Kingdom,11.47,0.0,0.0,3.0,6,Google,0.0
2026-07-28,2026-07,Growify_XYZ LuxuryP_Search_INT-5/21/26,United States,3.84,0.0,0.0,2.0,12,Google,0.0
2026-07-28,2026-07,Growify_XYZ LuxuryP_Search_India-12/12/25,India,316.493793,3400.0,1.0,58.0,91,Google,10.742706729796753
2026-07-29,2026-07,Growify_P.max_HP_EOSS_Ind,India,646.945417,0.0,0.0,82.0,4202,Google,0.0
2026-07-29,2026-07,Growify_Performance Max_Listing_IND,India,506.818298,77.715,0.02,122.0,6504,Google,0.15333897830184498
2026-07-29,2026-07,Growify_Performance Max_Listing_INTL,Australia,0.0,0.0,0.0,0.0,201,Google,0.0
2026-07-29,2026-07,Growify_Performance Max_Listing_INTL,Canada,366.658165,0.0,0.0,9.0,415,Google,0.0
2026-07-29,2026-07,Growify_Performance Max_Listing_INTL,United Kingdom,0.0,0.0,0.0,0.0,240,Google,0.0
2026-07-29,2026-07,Growify_Performance Max_Listing_INTL,United States,229.938006,0.0,0.0,14.0,813,Google,0.0
2026-07-29,2026-07,Growify_XYZ LuxuryP_Search_INT-5/21/26,Australia,71.06,0.0,0.0,6.0,12,Google,0.0
2026-07-29,2026-07,Growify_XYZ LuxuryP_Search_INT-5/21/26,Canada,208.88,4913.80263,0.51,16.0,41,Google,23.52452427230946
2026-07-29,2026-07,Growify_XYZ LuxuryP_Search_INT-5/21/26,United Kingdom,45.090318,0.0,0.0,5.0,14,Google,0.0
2026-07-29,2026-07,Growify_XYZ LuxuryP_Search_INT-5/21/26,United States,3.84,0.0,0.0,4.0,12,Google,0.0
2026-07-29,2026-07,Growify_XYZ LuxuryP_Search_India-12/12/25,India,701.631287,21850.0,1.0,92.0,176,Google,31.141712755463253
2026-07-30,2026-07,Growify_P.max_HP_EOSS_Ind,India,175.193985,3964.31046,1.0,40.0,1453,Google,22.628119681163714
2026-07-30,2026-07,Growify_Performance Max_Listing_IND,India,459.939882,116.5875,0.02,99.0,3775,Google,0.25348421513922986
2026-07-30,2026-07,Growify_Performance Max_Listing_INTL,Australia,0.0,0.0,0.0,0.0,189,Google,0.0
2026-07-30,2026-07,Growify_Performance Max_Listing_INTL,Canada,65.91,0.0,0.0,4.0,245,Google,0.0
2026-07-30,2026-07,Growify_Performance Max_Listing_INTL,United Kingdom,50.65,0.0,0.0,3.0,138,Google,0.0
2026-07-30,2026-07,Growify_Performance Max_Listing_INTL,United States,80.539459,0.0,0.0,5.0,476,Google,0.0
2026-07-30,2026-07,Growify_XYZ LuxuryP_Search_INT-5/21/26,Australia,18.02,0.0,0.0,4.0,9,Google,0.0
2026-07-30,2026-07,Growify_XYZ LuxuryP_Search_INT-5/21/26,Canada,211.78,0.0,0.0,9.0,18,Google,0.0
2026-07-30,2026-07,Growify_XYZ LuxuryP_Search_INT-5/21/26,United Kingdom,2.56,0.0,0.0,1.0,2,Google,0.0
2026-07-30,2026-07,Growify_XYZ LuxuryP_Search_INT-5/21/26,United States,0.0,0.0,0.0,0.0,5,Google,0.0
2026-07-30,2026-07,Growify_XYZ LuxuryP_Search_India-12/12/25,India,382.523178,0.0,0.0,46.0,74,Google,0.0
2026-08-01,2026-08,Growify_P.max_HP_EOSS_Ind,India,0.01,0.0,0.0,0.0,1,Google,0.0
2026-08-04,2026-08,Growify_P.max_HP_EOSS_Ind,India,0.027801,0.0,0.0,0.0,2,Google,0.0
2026-08-04,2026-08,Growify_Performance Max_Listing_IND,India,0.830048,0.0,0.0,0.0,17,Google,0.0
2026-08-04,2026-08,Growify_XYZ LuxuryP_Search_India-12/12/25,India,0.0,0.0,0.0,0.0,1,Google,0.0
2026-08-05,2026-08,Growify_P.max_HP_EOSS_Ind,India,950.67281,0.0,0.0,212.0,7004,Google,0.0
2026-08-05,2026-08,Growify_Performance Max_Listing_IND,India,999.215236,0.0,0.0,237.0,10674,Google,0.0
2026-08-05,2026-08,Growify_Performance Max_Listing_INTL,Australia,4.83,0.0,0.0,1.0,94,Google,0.0
2026-08-05,2026-08,Growify_Performance Max_Listing_INTL,Canada,4.006612,0.0,0.0,0.0,54,Google,0.0
2026-08-05,2026-08,Growify_Performance Max_Listing_INTL,United Kingdom,24.790986,0.0,0.0,1.0,64,Google,0.0
2026-08-05,2026-08,Growify_Performance Max_Listing_INTL,United States,0.012409,0.0,0.0,2.0,238,Google,0.0
2026-08-05,2026-08,Growify_XYZ LuxuryP_Search_INT-5/21/26,Australia,337.76,20500.0,1.0,3.0,6,Google,60.693983893889154
2026-08-05,2026-08,Growify_XYZ LuxuryP_Search_INT-5/21/26,Canada,34.540442,0.0,0.0,4.0,14,Google,0.0
2026-08-05,2026-08,Growify_XYZ LuxuryP_Search_INT-5/21/26,United Kingdom,1.29,0.0,0.0,1.0,4,Google,0.0
2026-08-05,2026-08,Growify_XYZ LuxuryP_Search_INT-5/21/26,United States,108.46,0.0,0.0,2.0,4,Google,0.0
2026-08-05,2026-08,Growify_XYZ LuxuryP_Search_India-12/12/25,India,331.582098,0.0,0.0,45.0,88,Google,0.0
2026-08-06,2026-08,Growify_P.max_HP_EOSS_Ind,India,951.17633,0.0,0.0,159.0,6980,Google,0.0
2026-08-06,2026-08,Growify_Performance Max_Listing_IND,India,898.684651,0.0,0.0,250.0,11871,Google,0.0
2026-08-06,2026-08,Growify_Performance Max_Listing_INTL,Australia,53.34,0.0,0.0,3.0,140,Google,0.0
2026-08-06,2026-08,Growify_Performance Max_Listing_INTL,Canada,70.462142,0.0,0.0,2.0,114,Google,0.0
2026-08-06,2026-08,Growify_Performance Max_Listing_INTL,United Kingdom,22.81,0.0,0.0,2.0,177,Google,0.0
2026-08-06,2026-08,Growify_Performance Max_Listing_INTL,United States,214.047036,0.0,0.0,8.0,784,Google,0.0
2026-08-06,2026-08,Growify_XYZ LuxuryP_Search_INT-5/21/26,Australia,125.55,0.0,0.0,2.0,5,Google,0.0
2026-08-06,2026-08,Growify_XYZ LuxuryP_Search_INT-5/21/26,Canada,50.94,0.0,0.0,7.0,21,Google,0.0
2026-08-06,2026-08,Growify_XYZ LuxuryP_Search_INT-5/21/26,United Kingdom,267.93,0.0,0.0,5.0,9,Google,0.0
2026-08-06,2026-08,Growify_XYZ LuxuryP_Search_INT-5/21/26,United States,0.0,0.0,0.0,0.0,9,Google,0.0
2026-08-06,2026-08,Growify_XYZ LuxuryP_Search_India-12/12/25,India,387.322255,0.0,0.0,64.0,122,Google,0.0
2026-08-07,2026-08,Growify_P.max_HP_EOSS_Ind,India,983.026744,357.26823,0.1,232.0,8309,Google,0.36343693819178535
2026-08-07,2026-08,Growify_Performance Max_Listing_IND,India,849.326074,23499.956,1.5,317.0,13436,Google,27.668944495397653
2026-08-07,2026-08,Growify_Performance Max_Listing_INTL,Australia,108.18,0.0,0.0,5.0,107,Google,0.0
2026-08-07,2026-08,Growify_Performance Max_Listing_INTL,Canada,110.039281,0.0,0.0,1.0,76,Google,0.0
2026-08-07,2026-08,Growify_Performance Max_Listing_INTL,United Kingdom,60.2,0.0,0.0,3.0,136,Google,0.0
2026-08-07,2026-08,Growify_Performance Max_Listing_INTL,United States,519.350897,0.0,0.0,16.0,619,Google,0.0
2026-08-07,2026-08,Growify_XYZ LuxuryP_Search_INT-5/21/26,Australia,10.72,0.0,0.0,1.0,1,Google,0.0
2026-08-07,2026-08,Growify_XYZ LuxuryP_Search_INT-5/21/26,Canada,3.4,0.0,0.0,2.0,7,Google,0.0
2026-08-07,2026-08,Growify_XYZ LuxuryP_Search_INT-5/21/26,United Kingdom,2.58,0.0,0.0,2.0,7,Google,0.0
2026-08-07,2026-08,Growify_XYZ LuxuryP_Search_INT-5/21/26,United States,2.88,0.0,0.0,3.0,15,Google,0.0
2026-08-07,2026-08,Growify_XYZ LuxuryP_Search_India-12/12/25,India,421.189749,7914.1,1.0,75.0,155,Google,18.789868506510114
2026-08-08,2026-08,Growify_P.max_HP_EOSS_Ind,India,1006.045322,750.0,0.25,240.0,8437,Google,0.7454932532353646
2026-08-08,2026-08,Growify_Performance Max_Listing_IND,India,874.173801,750.0,0.25,386.0,16238,Google,0.857952959859981
2026-08-08,2026-08,Growify_Performance Max_Listing_INTL,Australia,4.82,0.0,0.0,1.0,132,Google,0.0
2026-08-08,2026-08,Growify_Performance Max_Listing_INTL,Canada,66.980101,0.0,0.0,2.0,185,Google,0.0
2026-08-08,2026-08,Growify_Performance Max_Listing_INTL,United Kingdom,36.54,0.0,0.0,3.0,176,Google,0.0
2026-08-08,2026-08,Growify_Performance Max_Listing_INTL,United States,103.332358,0.0,0.0,8.0,823,Google,0.0
2026-08-08,2026-08,Growify_XYZ LuxuryP_Search_INT-5/21/26,Australia,2.7,0.0,0.0,2.0,7,Google,0.0
2026-08-08,2026-08,Growify_XYZ LuxuryP_Search_INT-5/21/26,Canada,133.93,0.0,0.0,11.0,31,Google,0.0
2026-08-08,2026-08,Growify_XYZ LuxuryP_Search_INT-5/21/26,United Kingdom,2.58,0.0,0.0,2.0,3,Google,0.0
2026-08-08,2026-08,Growify_XYZ LuxuryP_Search_INT-5/21/26,United States,222.938596,0.0,0.0,3.0,9,Google,0.0
2026-08-08,2026-08,Growify_XYZ LuxuryP_Search_India-12/12/25,India,1192.510177,0.0448,0.0,83.0,159,Google,3.756781356172862e-05
2026-08-09,2026-08,Growify_P.max_HP_EOSS_Ind,India,762.889453,0.0,0.0,136.0,5402,Google,0.0
2026-08-09,2026-08,Growify_Performance Max_Listing_IND,India,905.302647,36.88344,0.01,365.0,18862,Google,0.04074155766828328
2026-08-09,2026-08,Growify_Performance Max_Listing_INTL,Australia,44.5,0.0,0.0,2.0,146,Google,0.0
2026-08-09,2026-08,Growify_Performance Max_Listing_INTL,Canada,122.839306,0.0,0.0,4.0,229,Google,0.0
2026-08-09,2026-08,Growify_Performance Max_Listing_INTL,United Kingdom,30.01,0.0,0.0,5.0,153,Google,0.0
2026-08-09,2026-08,Growify_Performance Max_Listing_INTL,United States,447.71,0.0,0.0,13.0,785,Google,0.0
2026-08-09,2026-08,Growify_XYZ LuxuryP_Search_INT-5/21/26,Australia,0.120496,0.0,0.0,1.0,5,Google,0.0
2026-08-09,2026-08,Growify_XYZ LuxuryP_Search_INT-5/21/26,Canada,165.713025,0.0,0.0,10.0,25,Google,0.0
2026-08-09,2026-08,Growify_XYZ LuxuryP_Search_INT-5/21/26,United Kingdom,132.34,0.0,0.0,6.0,11,Google,0.0
2026-08-09,2026-08,Growify_XYZ LuxuryP_Search_INT-5/21/26,United States,225.7,0.0,0.0,10.0,28,Google,0.0
2026-08-09,2026-08,Growify_XYZ LuxuryP_Search_India-12/12/25,India,1053.206254,17880.1,1.0,88.0,139,Google,16.976826649189267
2026-08-10,2026-08,Growify_P.max_HP_EOSS_Ind,India,498.081217,0.0,0.0,81.0,3784,Google,0.0
2026-08-10,2026-08,Growify_Performance Max_Listing_IND,India,544.838017,11114.1,1.0,188.0,7747,Google,20.39890692869914
2026-08-10,2026-08,Growify_Performance Max_Listing_INTL,Australia,99.03,0.0,0.0,4.0,188,Google,0.0
2026-08-10,2026-08,Growify_Performance Max_Listing_INTL,Canada,54.31,0.0,0.0,3.0,180,Google,0.0
2026-08-10,2026-08,Growify_Performance Max_Listing_INTL,United Kingdom,44.89,0.0,0.0,6.0,203,Google,0.0
2026-08-10,2026-08,Growify_Performance Max_Listing_INTL,United States,583.81,0.0,0.0,24.0,1367,Google,0.0
2026-08-10,2026-08,Growify_XYZ LuxuryP_Search_INT-5/21/26,Australia,243.53,0.0,0.0,2.0,8,Google,0.0
2026-08-10,2026-08,Growify_XYZ LuxuryP_Search_INT-5/21/26,Canada,227.69,0.0,0.0,15.0,39,Google,0.0
2026-08-10,2026-08,Growify_XYZ LuxuryP_Search_INT-5/21/26,United Kingdom,200.75,0.0,0.0,4.0,8,Google,0.0
2026-08-10,2026-08,Growify_XYZ LuxuryP_Search_INT-5/21/26,United States,8.870762,0.0,0.0,10.0,22,Google,0.0
2026-08-10,2026-08,Growify_XYZ LuxuryP_Search_India-12/12/25,India,652.043343,0.0,0.0,58.0,104,Google,0.0
2026-08-11,2026-08,Growify_P.max_HP_EOSS_Ind,India,1009.559846,0.0,0.0,34.0,1158,Google,0.0
2026-08-11,2026-08,Growify_Performance Max_Listing_IND,India,426.432708,6000.0,1.0,173.0,7894,Google,14.070215270635385
2026-08-11,2026-08,Growify_Performance Max_Listing_INTL,Australia,21.67,0.0,0.0,2.0,126,Google,0.0
2026-08-11,2026-08,Growify_Performance Max_Listing_INTL,Canada,34.54,0.0,0.0,3.0,174,Google,0.0
2026-08-11,2026-08,Growify_Performance Max_Listing_INTL,United Kingdom,0.0,0.0,0.0,0.0,172,Google,0.0
2026-08-11,2026-08,Growify_Performance Max_Listing_INTL,United States,929.88,0.0,0.0,21.0,1287,Google,0.0
2026-08-11,2026-08,Growify_XYZ LuxuryP_Search_INT-5/21/26,Australia,8.08,0.0,0.0,1.0,3,Google,0.0
2026-08-11,2026-08,Growify_XYZ LuxuryP_Search_INT-5/21/26,Canada,215.048472,0.0,0.0,15.0,33,Google,0.0
2026-08-11,2026-08,Growify_XYZ LuxuryP_Search_INT-5/21/26,United Kingdom,471.77,0.0,0.0,3.0,10,Google,0.0
2026-08-11,2026-08,Growify_XYZ LuxuryP_Search_INT-5/21/26,United States,161.33,0.0,0.0,5.0,18,Google,0.0
2026-08-11,2026-08,Growify_XYZ LuxuryP_Search_India-12/12/25,India,818.503185,0.0,0.0,58.0,94,Google,0.0
2026-08-12,2026-08,Growify_P.max_HP_EOSS_Ind,India,164.733589,9085.92,1.0,37.0,1312,Google,55.15523613098723
2026-08-12,2026-08,Growify_Performance Max_Listing_IND,India,191.506754,0.0,0.0,107.0,5224,Google,0.0
2026-08-12,2026-08,Growify_Performance Max_Listing_INTL,Australia,0.0,0.0,0.0,0.0,73,Google,0.0
2026-08-12,2026-08,Growify_Performance Max_Listing_INTL,Canada,0.01,0.0,0.0,1.0,61,Google,0.0
2026-08-12,2026-08,Growify_Performance Max_Listing_INTL,United Kingdom,74.56,0.0,0.0,2.0,61,Google,0.0
2026-08-12,2026-08,Growify_Performance Max_Listing_INTL,United States,160.57,0.0,0.0,5.0,446,Google,0.0
2026-08-12,2026-08,Growify_XYZ LuxuryP_Search_INT-5/21/26,Australia,0.0,0.0,0.0,0.0,4,Google,0.0
2026-08-12,2026-08,Growify_XYZ LuxuryP_Search_INT-5/21/26,Canada,105.039491,0.0,0.0,10.0,21,Google,0.0
2026-08-12,2026-08,Growify_XYZ LuxuryP_Search_INT-5/21/26,United Kingdom,69.59,0.0,0.0,3.0,8,Google,0.0
2026-08-12,2026-08,Growify_XYZ LuxuryP_Search_INT-5/21/26,United States,67.78,0.0,0.0,2.0,6,Google,0.0
2026-08-12,2026-08,Growify_XYZ LuxuryP_Search_India-12/12/25,India,938.592603,5320.0,1.0,42.0,78,Google,5.668060863675909
2026-08-13,2026-08,Growify_P.max_HP_EOSS_Ind,India,331.457389,0.0,0.0,57.0,3361,Google,0.0
2026-08-13,2026-08,Growify_Performance Max_Listing_IND,India,791.169947,0.0,0.0,262.0,15235,Google,0.0
2026-08-13,2026-08,Growify_Performance Max_Listing_INTL,Australia,20.506643,0.0,0.0,0.0,65,Google,0.0
2026-08-13,2026-08,Growify_Performance Max_Listing_INTL,Canada,18.14,0.0,0.0,2.0,49,Google,0.0
2026-08-13,2026-08,Growify_Performance Max_Listing_INTL,United Kingdom,0.0,0.0,0.0,0.0,27,Google,0.0
2026-08-13,2026-08,Growify_Performance Max_Listing_INTL,United States,226.45,0.0,0.0,1.0,111,Google,0.0
2026-08-13,2026-08,Growify_XYZ LuxuryP_Search_INT-5/21/26,Australia,2.7,0.0,0.0,2.0,5,Google,0.0
2026-08-13,2026-08,Growify_XYZ LuxuryP_Search_INT-5/21/26,Canada,44.49,0.0,0.0,4.0,10,Google,0.0
2026-08-13,2026-08,Growify_XYZ LuxuryP_Search_INT-5/21/26,United Kingdom,2.58,0.0,0.0,2.0,6,Google,0.0
2026-08-13,2026-08,Growify_XYZ LuxuryP_Search_INT-5/21/26,United States,65.83,0.0,0.0,4.0,12,Google,0.0
2026-08-13,2026-08,Growify_XYZ LuxuryP_Search_India-12/12/25,India,436.924048,0.0,0.0,55.0,118,Google,0.0
2026-08-14,2026-08,Growify_P.max_HP_EOSS_Ind,India,592.620989,9355.2174,1.96,98.0,3771,Google,15.786172905867158
2026-08-14,2026-08,Growify_Performance Max_Listing_IND,India,533.806083,0.0,0.0,185.0,10123,Google,0.0
2026-08-14,2026-08,Growify_Performance Max_Listing_INTL,Australia,13.66,0.0,0.0,1.0,69,Google,0.0
2026-08-14,2026-08,Growify_Performance Max_Listing_INTL,Canada,21.48,0.0,0.0,1.0,79,Google,0.0
2026-08-14,2026-08,Growify_Performance Max_Listing_INTL,United Kingdom,13.36879,0.0,0.0,2.0,87,Google,0.0
2026-08-14,2026-08,Growify_Performance Max_Listing_INTL,United States,746.65,0.0,0.0,14.0,469,Google,0.0
2026-08-14,2026-08,Growify_XYZ LuxuryP_Search_INT-5/21/26,Australia,95.844866,0.0,0.0,6.0,19,Google,0.0
2026-08-14,2026-08,Growify_XYZ LuxuryP_Search_INT-5/21/26,Canada,640.888202,0.0,0.0,17.0,34,Google,0.0
2026-08-14,2026-08,Growify_XYZ LuxuryP_Search_INT-5/21/26,United Kingdom,139.15,0.0,0.0,3.0,8,Google,0.0
2026-08-14,2026-08,Growify_XYZ LuxuryP_Search_INT-5/21/26,United States,124.11,0.0,0.0,7.0,20,Google,0.0
2026-08-14,2026-08,Growify_XYZ LuxuryP_Search_India-12/12/25,India,398.600621,0.0,0.0,58.0,128,Google,0.0
2026-08-15,2026-08,Growify_P.max_HP_EOSS_Ind,India,422.852082,4637.65302,1.19,58.0,2263,Google,10.967553944785827
2026-08-15,2026-08,Growify_Performance Max_Listing_IND,India,563.518698,0.0,0.0,214.0,10037,Google,0.0
2026-08-15,2026-08,Growify_Performance Max_Listing_INTL,Australia,0.0,0.0,0.0,0.0,51,Google,0.0
2026-08-15,2026-08,Growify_Performance Max_Listing_INTL,Canada,4.08,0.0,0.0,1.0,47,Google,0.0
2026-08-15,2026-08,Growify_Performance Max_Listing_INTL,United Kingdom,0.0,0.0,0.0,0.0,106,Google,0.0
2026-08-15,2026-08,Growify_Performance Max_Listing_INTL,United States,37.460795,0.0,0.0,4.0,283,Google,0.0
2026-08-15,2026-08,Growify_XYZ LuxuryP_Search_INT-5/21/26,Australia,180.55,0.0,0.0,6.0,13,Google,0.0
2026-08-15,2026-08,Growify_XYZ LuxuryP_Search_INT-5/21/26,Canada,104.55,0.0,0.0,9.0,25,Google,0.0
2026-08-15,2026-08,Growify_XYZ LuxuryP_Search_INT-5/21/26,United Kingdom,155.094514,0.0,0.0,4.0,9,Google,0.0
2026-08-15,2026-08,Growify_XYZ LuxuryP_Search_INT-5/21/26,United States,559.804379,0.0,0.0,7.0,15,Google,0.0
2026-08-15,2026-08,Growify_XYZ LuxuryP_Search_India-12/12/25,India,1288.196539,3400.0,1.0,92.0,191,Google,2.639348808248894
2026-08-16,2026-08,Growify_P.max_HP_EOSS_Ind,India,547.338601,3516.8325,0.47,48.0,1720,Google,6.425332497241501
2026-08-16,2026-08,Growify_Performance Max_Listing_IND,India,526.298292,3516.8475,0.47,164.0,7396,Google,6.682232402152656
2026-08-16,2026-08,Growify_Performance Max_Listing_INTL,Australia,16.536329,0.0,0.0,1.0,72,Google,0.0
2026-08-16,2026-08,Growify_Performance Max_Listing_INTL,Canada,0.0,0.0,0.0,0.0,34,Google,0.0
2026-08-16,2026-08,Growify_Performance Max_Listing_INTL,United Kingdom,19.32792,0.0,0.0,0.0,86,Google,0.0
2026-08-16,2026-08,Growify_Performance Max_Listing_INTL,United States,14.05,0.0,0.0,3.0,341,Google,0.0
2026-08-16,2026-08,Growify_XYZ LuxuryP_Search_INT-5/21/26,Australia,2.72,0.0,0.0,2.0,10,Google,0.0
2026-08-16,2026-08,Growify_XYZ LuxuryP_Search_INT-5/21/26,Canada,177.575961,0.0,0.0,6.0,17,Google,0.0
2026-08-16,2026-08,Growify_XYZ LuxuryP_Search_INT-5/21/26,United Kingdom,67.743273,0.0,0.0,3.0,14,Google,0.0
2026-08-16,2026-08,Growify_XYZ LuxuryP_Search_INT-5/21/26,United States,212.015657,25080.0,1.0,8.0,39,Google,118.29315039690677
2026-08-16,2026-08,Growify_XYZ LuxuryP_Search_India-12/12/25,India,366.179258,1500.0,1.0,67.0,179,Google,4.096354359863824
2026-08-17,2026-08,Growify_P.max_HP_EOSS_Ind,India,445.663987,5940.0,1.0,70.0,3425,Google,13.328427185659047
2026-08-17,2026-08,Growify_Performance Max_Listing_IND,India,486.084324,3960.0,1.0,212.0,10372,Google,8.146734639399726
2026-08-17,2026-08,Growify_Performance Max_Listing_INTL,Australia,59.149804,0.0,0.0,4.0,87,Google,0.0
2026-08-17,2026-08,Growify_Performance Max_Listing_INTL,Canada,1.556013,0.0,0.0,2.0,83,Google,0.0
2026-08-17,2026-08,Growify_Performance Max_Listing_INTL,United Kingdom,0.0,0.0,0.0,0.0,85,Google,0.0
2026-08-17,2026-08,Growify_Performance Max_Listing_INTL,United States,41.508256,0.0,0.0,1.0,358,Google,0.0
2026-08-17,2026-08,Growify_XYZ LuxuryP_Search_INT-5/21/26,Australia,10.84,0.0,0.0,1.0,10,Google,0.0
2026-08-17,2026-08,Growify_XYZ LuxuryP_Search_INT-5/21/26,Canada,563.085961,0.0,0.0,10.0,27,Google,0.0
2026-08-17,2026-08,Growify_XYZ LuxuryP_Search_INT-5/21/26,United Kingdom,197.11,0.0,0.0,3.0,8,Google,0.0
2026-08-17,2026-08,Growify_XYZ LuxuryP_Search_INT-5/21/26,United States,228.96,0.0,0.0,6.0,17,Google,0.0
2026-08-17,2026-08,Growify_XYZ LuxuryP_Search_India-12/12/25,India,430.232634,0.0,0.0,73.0,179,Google,0.0
2026-08-18,2026-08,Growify_P.max_HP_EOSS_Ind,India,407.95147,0.0,0.0,59.0,3008,Google,0.0
2026-08-18,2026-08,Growify_Performance Max_Listing_IND,India,460.885361,0.0,0.0,154.0,6538,Google,0.0
2026-08-18,2026-08,Growify_Performance Max_Listing_INTL,Australia,22.32,0.0,0.0,3.0,143,Google,0.0
2026-08-18,2026-08,Growify_Performance Max_Listing_INTL,Canada,29.242907,0.0,0.0,1.0,115,Google,0.0
2026-08-18,2026-08,Growify_Performance Max_Listing_INTL,United Kingdom,50.718334,0.0,0.0,3.0,213,Google,0.0
2026-08-18,2026-08,Growify_Performance Max_Listing_INTL,United States,106.79931,0.0,0.0,10.0,764,Google,0.0
2026-08-18,2026-08,Growify_XYZ LuxuryP_Search_INT-5/21/26,Australia,442.92,0.0,0.0,2.0,6,Google,0.0
2026-08-18,2026-08,Growify_XYZ LuxuryP_Search_INT-5/21/26,Canada,318.38,0.0,0.0,9.0,21,Google,0.0
2026-08-18,2026-08,Growify_XYZ LuxuryP_Search_INT-5/21/26,United Kingdom,100.97,0.0,0.0,4.0,7,Google,0.0
2026-08-18,2026-08,Growify_XYZ LuxuryP_Search_INT-5/21/26,United States,16.3,0.0,0.0,9.0,22,Google,0.0
2026-08-18,2026-08,Growify_XYZ LuxuryP_Search_India-12/12/25,India,1005.60874,0.0,0.0,82.0,147,Google,0.0
2026-08-19,2026-08,Growify_P.max_HP_EOSS_Ind,India,484.404667,0.0,0.0,61.0,2070,Google,0.0
2026-08-19,2026-08,Growify_Performance Max_Listing_IND,India,587.64271,0.0,0.0,226.0,9106,Google,0.0
2026-08-19,2026-08,Growify_Performance Max_Listing_INTL,Australia,63.288014,0.0,0.0,5.0,514,Google,0.0
2026-08-19,2026-08,Growify_Performance Max_Listing_INTL,Canada,117.020605,0.0,0.0,6.0,461,Google,0.0
2026-08-19,2026-08,Growify_Performance Max_Listing_INTL,United Kingdom,285.149935,0.0,0.0,9.0,518,Google,0.0
2026-08-19,2026-08,Growify_Performance Max_Listing_INTL,United States,1421.281152,0.0,0.0,31.0,2027,Google,0.0
2026-08-19,2026-08,Growify_XYZ LuxuryP_Search_INT-5/21/26,Australia,69.15,0.0,0.0,4.0,13,Google,0.0
2026-08-19,2026-08,Growify_XYZ LuxuryP_Search_INT-5/21/26,Canada,232.87,0.0,0.0,10.0,31,Google,0.0
2026-08-19,2026-08,Growify_XYZ LuxuryP_Search_INT-5/21/26,United Kingdom,6.5,0.0,0.0,2.0,7,Google,0.0
2026-08-19,2026-08,Growify_XYZ LuxuryP_Search_INT-5/21/26,United States,53.59,0.0,0.0,2.0,4,Google,0.0
2026-08-19,2026-08,Growify_XYZ LuxuryP_Search_India-12/12/25,India,1114.945075,12040.0,2.0,90.0,231,Google,10.798738224840358
2026-08-20,2026-08,Growify_P.max_HP_EOSS_Ind,India,495.392584,0.0,0.0,100.0,3077,Google,0.0
2026-08-20,2026-08,Growify_Performance Max_Listing_IND,India,435.438367,0.0,0.0,226.0,8852,Google,0.0
2026-08-20,2026-08,Growify_Performance Max_Listing_INTL,Australia,437.371614,0.0,0.0,6.0,268,Google,0.0
2026-08-20,2026-08,Growify_Performance Max_Listing_INTL,Canada,295.148674,0.0,0.0,5.0,296,Google,0.0
2026-08-20,2026-08,Growify_Performance Max_Listing_INTL,United Kingdom,171.906605,0.0,0.0,7.0,454,Google,0.0
2026-08-20,2026-08,Growify_Performance Max_Listing_INTL,United States,546.704698,0.0,0.0,16.0,1226,Google,0.0
2026-08-20,2026-08,Growify_XYZ LuxuryP_Search_INT-5/21/26,Australia,1.37,0.0,0.0,1.0,3,Google,0.0
2026-08-20,2026-08,Growify_XYZ LuxuryP_Search_INT-5/21/26,Canada,183.82,0.0,0.0,7.0,22,Google,0.0
2026-08-20,2026-08,Growify_XYZ LuxuryP_Search_INT-5/21/26,United Kingdom,32.59,0.0,0.0,2.0,6,Google,0.0
2026-08-20,2026-08,Growify_XYZ LuxuryP_Search_INT-5/21/26,United States,618.42,0.0,0.0,7.0,18,Google,0.0
2026-08-20,2026-08,Growify_XYZ LuxuryP_Search_India-12/12/25,India,253.672165,4999.0,1.0,64.0,152,Google,19.70653737275432
2026-08-21,2026-08,Growify_P.max_HP_EOSS_Ind,India,518.024643,0.0,0.0,104.0,3378,Google,0.0
2026-08-21,2026-08,Growify_Performance Max_Listing_IND,India,422.845041,0.0,0.0,188.0,7799,Google,0.0
2026-08-21,2026-08,Growify_Performance Max_Listing_INTL,Australia,202.437522,0.0,0.0,3.0,134,Google,0.0
2026-08-21,2026-08,Growify_Performance Max_Listing_INTL,Canada,115.537242,0.0,0.0,3.0,162,Google,0.0
2026-08-21,2026-08,Growify_Performance Max_Listing_INTL,United Kingdom,256.067947,0.0,0.0,7.0,500,Google,0.0
2026-08-21,2026-08,Growify_Performance Max_Listing_INTL,United States,366.687286,0.0,0.0,11.0,681,Google,0.0
2026-08-21,2026-08,Growify_XYZ LuxuryP_Search_INT-5/21/26,Australia,129.35,0.0,0.0,1.0,1,Google,0.0
2026-08-21,2026-08,Growify_XYZ LuxuryP_Search_INT-5/21/26,Canada,47.91,0.0,0.0,2.0,7,Google,0.0
2026-08-21,2026-08,Growify_XYZ LuxuryP_Search_INT-5/21/26,United Kingdom,0.0,0.0,0.0,0.0,2,Google,0.0
2026-08-21,2026-08,Growify_XYZ LuxuryP_Search_INT-5/21/26,United States,471.87,0.0,0.0,2.0,9,Google,0.0
2026-08-21,2026-08,Growify_XYZ LuxuryP_Search_India-12/12/25,India,151.353488,0.0,0.0,38.0,103,Google,0.0
2026-08-22,2026-08,Growify_P.max_HP_EOSS_Ind,India,483.290978,0.0,0.0,74.0,3183,Google,0.0
2026-08-22,2026-08,Growify_Performance Max_Listing_IND,India,340.39269,0.0,0.0,175.0,6749,Google,0.0
2026-08-22,2026-08,Growify_Performance Max_Listing_INTL,Australia,143.176349,0.0,0.0,6.0,165,Google,0.0
2026-08-22,2026-08,Growify_Performance Max_Listing_INTL,Canada,83.979039,0.0,0.0,5.0,66,Google,0.0
2026-08-22,2026-08,Growify_Performance Max_Listing_INTL,United Kingdom,258.5021,0.0,0.0,5.0,288,Google,0.0
2026-08-22,2026-08,Growify_Performance Max_Listing_INTL,United States,538.029113,0.0,0.0,9.0,930,Google,0.0
2026-08-22,2026-08,Growify_XYZ LuxuryP_Search_INT-5/21/26,Australia,368.56,0.0,0.0,2.0,6,Google,0.0
2026-08-22,2026-08,Growify_XYZ LuxuryP_Search_INT-5/21/26,Canada,21.61,0.0,0.0,6.0,10,Google,0.0
2026-08-22,2026-08,Growify_XYZ LuxuryP_Search_INT-5/21/26,United Kingdom,160.72,0.0,0.0,2.0,14,Google,0.0
2026-08-22,2026-08,Growify_XYZ LuxuryP_Search_INT-5/21/26,United States,180.133912,0.0,0.0,6.0,16,Google,0.0
2026-08-22,2026-08,Growify_XYZ LuxuryP_Search_India-12/12/25,India,798.382813,0.0,0.0,63.0,136,Google,0.0
2026-08-23,2026-08,Growify_P.max_HP_EOSS_Ind,India,529.358434,0.0,0.0,32.0,811,Google,0.0
2026-08-23,2026-08,Growify_Performance Max_Listing_IND,India,696.406178,4999.0,1.0,325.0,14417,Google,7.178282097319361
2026-08-23,2026-08,Growify_Performance Max_Listing_INTL,Australia,191.307668,0.0,0.0,4.0,337,Google,0.0
2026-08-23,2026-08,Growify_Performance Max_Listing_INTL,Canada,71.27972,0.0,0.0,4.0,123,Google,0.0
2026-08-23,2026-08,Growify_Performance Max_Listing_INTL,United Kingdom,186.201265,0.0,0.0,13.0,546,Google,0.0
2026-08-23,2026-08,Growify_Performance Max_Listing_INTL,United States,629.679023,0.0,0.0,17.0,1270,Google,0.0
2026-08-23,2026-08,Growify_XYZ LuxuryP_Search_INT-5/21/26,Australia,16.48,0.0,0.0,2.0,11,Google,0.0
2026-08-23,2026-08,Growify_XYZ LuxuryP_Search_INT-5/21/26,Canada,107.85,0.0,0.0,6.0,20,Google,0.0
2026-08-23,2026-08,Growify_XYZ LuxuryP_Search_INT-5/21/26,United Kingdom,0.0,0.0,0.0,0.0,7,Google,0.0
2026-08-23,2026-08,Growify_XYZ LuxuryP_Search_INT-5/21/26,United States,471.87,21500.0,1.0,7.0,28,Google,45.56339669824316
2026-08-23,2026-08,Growify_XYZ LuxuryP_Search_India-12/12/25,India,591.480174,5320.0,1.0,80.0,206,Google,8.994384315576399
2026-08-24,2026-08,Growify_P.max_HP_EOSS_Ind,India,325.268316,0.0,0.0,98.0,3853,Google,0.0
2026-08-24,2026-08,Growify_Performance Max_Listing_IND,India,394.676552,2200.92708,0.61,222.0,8761,Google,5.576533667497936
2026-08-24,2026-08,Growify_Performance Max_Listing_INTL,Australia,0.0,0.0,0.0,0.0,43,Google,0.0
2026-08-24,2026-08,Growify_Performance Max_Listing_INTL,Canada,135.09977,0.0,0.0,8.0,90,Google,0.0
2026-08-24,2026-08,Growify_Performance Max_Listing_INTL,United Kingdom,117.26,0.0,0.0,3.0,168,Google,0.0
2026-08-24,2026-08,Growify_Performance Max_Listing_INTL,United States,566.13,0.0,0.0,16.0,760,Google,0.0
2026-08-24,2026-08,Growify_XYZ LuxuryP_Search_INT-5/21/26,Australia,18.54,0.0,0.0,2.0,6,Google,0.0
2026-08-24,2026-08,Growify_XYZ LuxuryP_Search_INT-5/21/26,Canada,70.031318,0.0,0.0,10.0,31,Google,0.0
2026-08-24,2026-08,Growify_XYZ LuxuryP_Search_INT-5/21/26,United Kingdom,16.98,0.0,0.0,1.0,6,Google,0.0
2026-08-24,2026-08,Growify_XYZ LuxuryP_Search_INT-5/21/26,United States,196.22,0.0,0.0,4.0,19,Google,0.0
2026-08-24,2026-08,Growify_XYZ LuxuryP_Search_India-12/12/25,India,414.822637,0.0,0.0,59.0,128,Google,0.0
2026-08-25,2026-08,Growify_P.max_HP_EOSS_Ind,India,278.863773,0.0,0.0,55.0,2383,Google,0.0
2026-08-25,2026-08,Growify_Performance Max_Listing_IND,India,370.37862,0.0,0.0,206.0,7743,Google,0.0
2026-08-25,2026-08,Growify_Performance Max_Listing_INTL,Australia,0.0,0.0,0.0,0.0,6,Google,0.0
2026-08-25,2026-08,Growify_Performance Max_Listing_INTL,Canada,498.32129,0.0,0.0,9.0,79,Google,0.0
2026-08-25,2026-08,Growify_Performance Max_Listing_INTL,United Kingdom,33.87,0.0,0.0,2.0,48,Google,0.0
2026-08-25,2026-08,Growify_Performance Max_Listing_INTL,United States,65.18,0.0,0.0,3.0,140,Google,0.0
2026-08-25,2026-08,Growify_XYZ LuxuryP_Search_INT-5/21/26,Australia,1.37,0.0,0.0,1.0,4,Google,0.0
2026-08-25,2026-08,Growify_XYZ LuxuryP_Search_INT-5/21/26,Canada,2.78,0.0,0.0,2.0,5,Google,0.0
2026-08-25,2026-08,Growify_XYZ LuxuryP_Search_INT-5/21/26,United Kingdom,2.27,0.0,0.0,2.0,3,Google,0.0
2026-08-25,2026-08,Growify_XYZ LuxuryP_Search_INT-5/21/26,United States,350.44,0.0,0.0,5.0,7,Google,0.0
2026-08-25,2026-08,Growify_XYZ LuxuryP_Search_India-12/12/25,India,338.918279,0.0,0.0,67.0,167,Google,0.0
2026-08-26,2026-08,Growify_P.max_HP_EOSS_Ind,India,299.075302,9174.0,1.0,55.0,2861,Google,30.67454898030998
2026-08-26,2026-08,Growify_Performance Max_Listing_IND,India,634.919295,0.0,0.0,243.0,10395,Google,0.0
2026-08-26,2026-08,Growify_Performance Max_Listing_INTL,Australia,9.0,0.0,0.0,1.0,62,Google,0.0
2026-08-26,2026-08,Growify_Performance Max_Listing_INTL,Canada,15.85,0.0,0.0,4.0,25,Google,0.0
2026-08-26,2026-08,Growify_Performance Max_Listing_INTL,United Kingdom,12.489347,0.0,0.0,2.0,102,Google,0.0
2026-08-26,2026-08,Growify_Performance Max_Listing_INTL,United States,172.93,0.0,0.0,8.0,182,Google,0.0
2026-08-26,2026-08,Growify_XYZ LuxuryP_Search_INT-5/21/26,Australia,24.515468,0.0,0.0,1.0,6,Google,0.0
2026-08-26,2026-08,Growify_XYZ LuxuryP_Search_INT-5/21/26,Canada,5.52,0.0,0.0,4.0,7,Google,0.0
2026-08-26,2026-08,Growify_XYZ LuxuryP_Search_INT-5/21/26,United Kingdom,7.82,0.0,0.0,2.0,3,Google,0.0
2026-08-26,2026-08,Growify_XYZ LuxuryP_Search_INT-5/21/26,United States,539.12,0.0,0.0,6.0,13,Google,0.0
2026-08-26,2026-08,Growify_XYZ LuxuryP_Search_India-12/12/25,India,274.681032,0.0,0.0,58.0,185,Google,0.0
2026-08-27,2026-08,Growify_P.max_HP_EOSS_Ind,India,220.662175,0.0,0.0,46.0,1508,Google,0.0
2026-08-27,2026-08,Growify_Performance Max_Listing_IND,India,355.772309,0.0,0.0,107.0,5724,Google,0.0
2026-08-27,2026-08,Growify_Performance Max_Listing_INTL,Australia,0.0,0.0,0.0,0.0,2,Google,0.0
2026-08-27,2026-08,Growify_Performance Max_Listing_INTL,Canada,0.0,0.0,0.0,0.0,17,Google,0.0
2026-08-27,2026-08,Growify_Performance Max_Listing_INTL,United Kingdom,3.48,0.0,0.0,3.0,56,Google,0.0
2026-08-27,2026-08,Growify_Performance Max_Listing_INTL,United States,408.33,0.0,0.0,3.0,45,Google,0.0
2026-08-27,2026-08,Growify_XYZ LuxuryP_Search_INT-5/21/26,Australia,95.2,0.0,0.0,4.0,9,Google,0.0
2026-08-27,2026-08,Growify_XYZ LuxuryP_Search_INT-5/21/26,Canada,1.38,0.0,0.0,1.0,2,Google,0.0
2026-08-27,2026-08,Growify_XYZ LuxuryP_Search_INT-5/21/26,United Kingdom,1.3,0.0,0.0,1.0,3,Google,0.0
2026-08-27,2026-08,Growify_XYZ LuxuryP_Search_INT-5/21/26,United States,99.23,0.0,0.0,2.0,4,Google,0.0
2026-08-27,2026-08,Growify_XYZ LuxuryP_Search_India-12/12/25,India,261.145327,0.0,0.0,33.0,96,Google,0.0
2026-03-01,2026-03,Conv | Tof | Multi Category | Ind | Direct | Growify | LAL,IN,1142.96,0.0,0.0,1125.0,11542,Meta,0.0
2026-03-01,2026-03,Growfiy | Tof | Traffic | Canada + US,IN,930.01,0.0,0.0,2540.0,50151,Meta,0.0
2026-03-01,2026-03,Growify | Engagement | India,IN,2318.3799989999998,0.0,0.0,237.0,13290,Meta,0.0
2026-03-01,2026-03,Growify | MOF & BOF | Sale | India +intl,IN,2754.36,78300.0,1.0,5662.0,100031,Meta,28.42765651548817
2026-03-01,2026-03,Growify | MOF | Sale | India,IN,1278.78,0.0,0.0,644.0,54832,Meta,0.0
2026-03-01,2026-03,Growify | TOF | Sale | India,IN,7718.389999,0.0,0.0,9448.0,237865,Meta,0.0
2026-03-01,2026-03,Growify | TOF | Sale | US,CA,2960.61792,0.0,0.0,193.0,3104,Meta,0.0
2026-03-01,2026-03,Growify | TOF | Sale | US,US,1029.63208,0.0,0.0,35.0,704,Meta,0.0
2026-03-02,2026-03,Conv | Tof | Multi Category | Ind | Direct | Growify | LAL,IN,1787.0900000000001,0.0,0.0,1168.0,14103,Meta,0.0
2026-03-02,2026-03,Growfiy | Tof | Traffic | Canada + US,IN,518.59,0.0,0.0,1338.0,29508,Meta,0.0
2026-03-02,2026-03,Growify | Engagement | India,IN,2456.0,0.0,0.0,260.0,15402,Meta,0.0
2026-03-02,2026-03,Growify | MOF & BOF | Sale | India +intl,IN,2678.38,7650.0,1.0,7736.0,131343,Meta,2.856204123388018
2026-03-02,2026-03,Growify | MOF & BOF | Sale | India +intl,unknown,0.0,0.0,0.0,0.0,0,Meta,0.0
2026-03-02,2026-03,Growify | MOF | Sale | India,IN,1291.23,0.0,0.0,710.0,65022,Meta,0.0
2026-03-02,2026-03,Growify | TOF | Sale | India,IN,8605.37,59231.0,2.0,11751.0,285750,Meta,6.883027690848853
2026-03-02,2026-03,Growify | TOF | Sale | US,CA,2358.51,4900.0,1.0,133.0,2478,Meta,2.077582880717063
2026-03-02,2026-03,Growify | TOF | Sale | US,US,931.78,0.0,0.0,31.0,639,Meta,0.0
2026-03-02,2026-03,Growify | TOF | Sales | India,IN,542.2,0.0,0.0,1468.0,24010,Meta,0.0
2026-03-03,2026-03,Conv | Tof | Multi Category | Ind | Direct | Growify | LAL,IN,1512.17,0.0,0.0,760.0,9036,Meta,0.0
2026-03-03,2026-03,Growfiy | Tof | Traffic | Canada + US,IN,0.0,0.0,0.0,0.0,0,Meta,0.0
2026-03-03,2026-03,Growify | Engagement | India,IN,2106.69,0.0,0.0,203.0,11986,Meta,0.0
2026-03-03,2026-03,Growify | MOF & BOF | Sale | India +intl,IN,2519.34,0.0,0.0,7254.0,152503,Meta,0.0
2026-03-03,2026-03,Growify | MOF & BOF | Sale | India +intl,unknown,0.0,0.0,0.0,0.0,0,Meta,0.0
2026-03-03,2026-03,Growify | MOF | Sale | India,IN,744.09,0.0,0.0,479.0,51681,Meta,0.0
2026-03-03,2026-03,Growify | TOF | Sale | India,IN,9203.41,0.0,0.0,13038.0,259967,Meta,0.0
2026-03-03,2026-03,Growify | TOF | Sale | US,CA,2244.432469,0.0,0.0,132.0,1777,Meta,0.0
2026-03-03,2026-03,Growify | TOF | Sale | US,US,847.347531,0.0,0.0,14.0,465,Meta,0.0
2026-03-03,2026-03,Growify | TOF | Sales | India,IN,949.9699999999999,0.0,0.0,991.0,37410,Meta,0.0
2026-03-04,2026-03,Conv | Tof | Multi Category | Ind | Direct | Growify | LAL,IN,1222.26,13050.0,1.0,509.0,6183,Meta,10.67694271267979
2026-03-04,2026-03,Conv | Tof | Multicategory | INT | Direct | Growify,AU,651.79,0.0,0.0,48.0,697,Meta,0.0
2026-03-04,2026-03,Conv | Tof | Multicategory | INT | Direct | Growify,CA,982.87,0.0,0.0,40.0,1557,Meta,0.0
2026-03-04,2026-03,Conv | Tof | Multicategory | INT | Direct | Growify,GB,628.44,0.0,0.0,44.0,624,Meta,0.0
2026-03-04,2026-03,Conv | Tof | Multicategory | INT | Direct | Growify,US,1264.46,0.0,0.0,76.0,680,Meta,0.0
2026-03-04,2026-03,Growify | Engagement | India,IN,2113.55,0.0,0.0,236.0,12890,Meta,0.0
2026-03-04,2026-03,Growify | MOF & BOF | Sale | India +intl,IN,2136.59,20700.0,1.0,6448.0,133791,Meta,9.688335150871248
2026-03-04,2026-03,Growify | MOF & BOF | Sale | India +intl,unknown,0.0,0.0,0.0,0.0,0,Meta,0.0
2026-03-04,2026-03,Growify | MOF | Sale | India,IN,0.0,0.0,0.0,0.0,0,Meta,0.0
2026-03-04,2026-03,Growify | TOF | Sale | INDIA,IN,3802.3900000000003,0.0,0.0,2136.0,80748,Meta,0.0
2026-03-04,2026-03,Growify | TOF | Sale | India,IN,6755.209999000001,16673.7,3.0,10679.0,215423,Meta,2.4682726373374435
2026-03-04,2026-03,Growify | TOF | Sale | US,CA,1705.91,0.0,0.0,133.0,1850,Meta,0.0
2026-03-04,2026-03,Growify | TOF | Sale | US,US,67.38,0.0,0.0,4.0,90,Meta,0.0
2026-03-04,2026-03,Growify | TOF | Sales | India,IN,0.0,0.0,0.0,0.0,0,Meta,0.0
2026-03-05,2026-03,Conv | Tof | Multi Category | Ind | Direct | Growify | LAL,IN,1191.78,0.0,0.0,325.0,5650,Meta,0.0
2026-03-05,2026-03,Conv | Tof | Multicategory | INT | Direct | Growify,AU,715.69,0.0,0.0,34.0,726,Meta,0.0
2026-03-05,2026-03,Conv | Tof | Multicategory | INT | Direct | Growify,CA,988.38,0.0,0.0,39.0,1682,Meta,0.0
2026-03-05,2026-03,Conv | Tof | Multicategory | INT | Direct | Growify,GB,619.76,0.0,0.0,35.0,465,Meta,0.0
2026-03-05,2026-03,Conv | Tof | Multicategory | INT | Direct | Growify,US,1210.5,0.0,0.0,33.0,605,Meta,0.0
2026-03-05,2026-03,Growfiy | Tof | Traffic | Canada + US,IN,0.0,0.0,0.0,0.0,0,Meta,0.0
2026-03-05,2026-03,Growify | Engagement | India,IN,2559.1800000000003,0.0,0.0,260.0,15920,Meta,0.0
2026-03-05,2026-03,Growify | MOF & BOF | Sale | India +intl,IN,2478.1400000000003,0.0,0.0,5478.0,131171,Meta,0.0
2026-03-05,2026-03,Growify | MOF | Sale | India,IN,0.0,0.0,0.0,0.0,0,Meta,0.0
2026-03-05,2026-03,Growify | TOF | Sale | INDIA,IN,3845.02,0.0,0.0,2295.0,129528,Meta,0.0
2026-03-05,2026-03,Growify | TOF | Sale | India,IN,8597.149998,17550.0,1.0,10003.0,213520,Meta,2.0413741768007707
2026-03-05,2026-03,Growify | TOF | Sale | US,CA,1534.81,0.0,0.0,111.0,1842,Meta,0.0
2026-03-05,2026-03,Growify | TOF | Sale | US,US,73.23,0.0,0.0,0.0,62,Meta,0.0
2026-03-05,2026-03,Growify | TOF | Sales | India,IN,0.0,0.0,0.0,0.0,0,Meta,0.0
2026-03-06,2026-03,Conv | Tof | Multi Category | Ind | Direct | Growify | LAL,IN,1229.77,0.0,0.0,374.0,7597,Meta,0.0
2026-03-06,2026-03,Conv | Tof | Multicategory | INT | Direct | Growify,AU,564.1700000000001,0.0,0.0,34.0,573,Meta,0.0
2026-03-06,2026-03,Conv | Tof | Multicategory | INT | Direct | Growify,CA,1036.109999,0.0,0.0,54.0,1570,Meta,0.0
2026-03-06,2026-03,Conv | Tof | Multicategory | INT | Direct | Growify,GB,672.31,0.0,0.0,19.0,515,Meta,0.0
2026-03-06,2026-03,Conv | Tof | Multicategory | INT | Direct | Growify,US,1293.98,0.0,0.0,58.0,667,Meta,0.0
2026-03-06,2026-03,Growfiy | Tof | Traffic | Canada + US,IN,0.0,0.0,0.0,0.0,0,Meta,0.0
2026-03-06,2026-03,Growify | 3rd Feb | Sale | ABO | Targeting,IN,180.54,33586.2,1.0,22.0,1632,Meta,186.0319042871386
2026-03-06,2026-03,Growify | Engagement | India,IN,0.0,0.0,0.0,0.0,0,Meta,0.0
2026-03-06,2026-03,Growify | MOF & BOF | Sale | India +intl,IN,2840.05,0.0,0.0,5215.0,126156,Meta,0.0
2026-03-06,2026-03,Growify | TOF | Sale | INDIA,IN,3746.75,0.0,0.0,3065.0,172505,Meta,0.0
2026-03-06,2026-03,Growify | TOF | Sale | India,IN,9782.029999,0.0,0.0,10044.0,196578,Meta,0.0
2026-03-06,2026-03,Growify | TOF | Sale | US,CA,0.0,0.0,0.0,0.0,0,Meta,0.0
2026-03-06,2026-03,Growify | TOF | Sale | US,US,0.0,0.0,0.0,0.0,0,Meta,0.0
2026-03-06,2026-03,Growify | TOF | Sales | India,IN,0.0,0.0,0.0,0.0,0,Meta,0.0
2026-03-07,2026-03,Conv | Tof | Multi Category | Ind | Direct | Growify | LAL,IN,873.66,0.0,0.0,401.0,7228,Meta,0.0
2026-03-07,2026-03,Conv | Tof | Multicategory | INT | Direct | Growify,AU,722.5,0.0,0.0,32.0,609,Meta,0.0
2026-03-07,2026-03,Conv | Tof | Multicategory | INT | Direct | Growify,CA,1060.68,0.0,0.0,45.0,1532,Meta,0.0
2026-03-07,2026-03,Conv | Tof | Multicategory | INT | Direct | Growify,GB,594.82,0.0,0.0,36.0,468,Meta,0.0
2026-03-07,2026-03,Conv | Tof | Multicategory | INT | Direct | Growify,US,1174.63,0.0,0.0,43.0,558,Meta,0.0
2026-03-07,2026-03,Growify | 3rd Feb | Sale | ABO | Targeting,IN,191.45,0.0,0.0,20.0,1402,Meta,0.0
2026-03-07,2026-03,Growify | Engagement | India,IN,0.0,0.0,0.0,0.0,0,Meta,0.0
2026-03-07,2026-03,Growify | MOF & BOF | Sale | India +intl,IN,2739.54,0.0,0.0,4929.0,126456,Meta,0.0
2026-03-07,2026-03,Growify | TOF | Sale | INDIA,IN,4457.7300000000005,0.0,0.0,4596.0,172680,Meta,0.0
2026-03-07,2026-03,Growify | TOF | Sale | INDIA,unknown,0.0,0.0,0.0,0.0,0,Meta,0.0
2026-03-07,2026-03,Growify | TOF | Sale | India,IN,9876.499999,31500.0,2.0,10084.0,181744,Meta,3.189388953899599
2026-03-07,2026-03,Growify | TOF | Sale | US,CA,0.0,0.0,0.0,0.0,0,Meta,0.0
2026-03-08,2026-03,Conv | Tof | Multi Category | Ind | Direct | Growify | LAL,IN,151.71,8050.0,1.0,77.0,1105,Meta,53.0617625733307
2026-03-08,2026-03,Conv | Tof | Multicategory | INT | Direct | Growify,AU,209.4,0.0,0.0,17.0,174,Meta,0.0
2026-03-08,2026-03,Conv | Tof | Multicategory | INT | Direct | Growify,CA,499.80999999999995,0.0,0.0,23.0,676,Meta,0.0
2026-03-08,2026-03,Conv | Tof | Multicategory | INT | Direct | Growify,GB,170.68,0.0,0.0,9.0,183,Meta,0.0
2026-03-08,2026-03,Conv | Tof | Multicategory | INT | Direct | Growify,US,373.58,0.0,0.0,18.0,218,Meta,0.0
2026-03-08,2026-03,Growify | 3rd Feb | Sale | ABO | Targeting,IN,41.94,0.0,0.0,3.0,334,Meta,0.0
2026-03-08,2026-03,Growify | MOF & BOF | Sale | India +intl,IN,278.69,0.0,0.0,466.0,11914,Meta,0.0
2026-03-08,2026-03,Growify | TOF | Sale | INDIA,IN,551.06,0.0,0.0,588.0,24352,Meta,0.0
2026-03-08,2026-03,Growify | TOF | Sale | India,IN,1135.07,0.0,0.0,1052.0,21526,Meta,0.0
2026-03-09,2026-03,Conv | Tof | Multi Category | Ind | Direct | Growify | LAL,IN,105.4,0.0,0.0,36.0,557,Meta,0.0
2026-03-09,2026-03,Conv | Tof | Multicategory | INT | Direct | Growify,AU,24.46,0.0,0.0,3.0,30,Meta,0.0
2026-03-09,2026-03,Conv | Tof | Multicategory | INT | Direct | Growify,CA,229.32999999999998,0.0,0.0,13.0,273,Meta,0.0
2026-03-09,2026-03,Conv | Tof | Multicategory | INT | Direct | Growify,GB,158.45999999999998,0.0,0.0,10.0,121,Meta,0.0
2026-03-09,2026-03,Conv | Tof | Multicategory | INT | Direct | Growify,US,283.01,0.0,0.0,12.0,103,Meta,0.0
2026-03-09,2026-03,Growify | 3rd Feb | Sale | ABO | Targeting,IN,103.32,0.0,0.0,10.0,464,Meta,0.0
2026-03-09,2026-03,Growify | MOF & BOF | Sale | India +intl,IN,1025.8600000000001,0.0,0.0,1835.0,37944,Meta,0.0
2026-03-09,2026-03,Growify | MOF & BOF | Sale | India +intl,unknown,0.0,0.0,0.0,0.0,0,Meta,0.0
2026-03-09,2026-03,Growify | TOF | Sale | INDIA,IN,1179.24,0.0,0.0,1473.0,55577,Meta,0.0
2026-03-09,2026-03,Growify | TOF | Sale | India,IN,5457.87,14350.0,1.0,8085.0,117222,Meta,2.6292308171502805
2026-03-09,2026-03,Growify | TOF | Sale | US,CA,0.0,0.0,0.0,0.0,0,Meta,0.0
2026-03-10,2026-03,Conv | Tof | Multi Category | Ind | Direct | Growify | LAL,IN,1296.15,0.0,0.0,438.0,6634,Meta,0.0
2026-03-10,2026-03,Conv | Tof | Multicategory | INT | Direct | Growify,AU,500.34,0.0,0.0,33.0,510,Meta,0.0
2026-03-10,2026-03,Conv | Tof | Multicategory | INT | Direct | Growify,CA,928.6400000000001,0.0,0.0,70.0,1323,Meta,0.0
2026-03-10,2026-03,Conv | Tof | Multicategory | INT | Direct | Growify,GB,523.36,0.0,0.0,18.0,298,Meta,0.0
2026-03-10,2026-03,Conv | Tof | Multicategory | INT | Direct | Growify,US,988.49,0.0,0.0,46.0,451,Meta,0.0
2026-03-10,2026-03,Growify | 3rd Feb | Sale | ABO | Targeting,IN,214.49,0.0,0.0,3.0,759,Meta,0.0
2026-03-10,2026-03,Growify | Engagement | India,IN,3951.14,0.0,0.0,78.0,21515,Meta,0.0
2026-03-10,2026-03,Growify | MOF & BOF | Sale | India +intl,IN,3174.3,0.0,0.0,4779.0,100763,Meta,0.0
2026-03-10,2026-03,Growify | TOF | Sale | INDIA,IN,3200.55,0.0,0.0,2482.0,95825,Meta,0.0
2026-03-10,2026-03,Growify | TOF | Sale | INDIA,unknown,0.18,0.0,0.0,0.0,3,Meta,0.0
2026-03-10,2026-03,Growify | TOF | Sale | India,IN,11972.519997,10350.0,1.0,9531.0,172777,Meta,0.8644796586343927
2026-03-10,2026-03,Growify | TOF | Sale | India,unknown,0.050001,0.0,0.0,0.0,10,Meta,0.0
2026-03-11,2026-03,Conv | Tof | Multi Category | Ind | Direct | Growify | LAL,IN,1707.42,0.0,0.0,524.0,10930,Meta,0.0
2026-03-11,2026-03,Conv | Tof | Multicategory | INT | Direct | Growify,AU,228.56,0.0,0.0,20.0,206,Meta,0.0
2026-03-11,2026-03,Conv | Tof | Multicategory | INT | Direct | Growify,CA,865.18,0.0,0.0,26.0,790,Meta,0.0
2026-03-11,2026-03,Conv | Tof | Multicategory | INT | Direct | Growify,GB,527.0,0.0,0.0,12.0,211,Meta,0.0
2026-03-11,2026-03,Conv | Tof | Multicategory | INT | Direct | Growify,US,596.28,0.0,0.0,17.0,309,Meta,0.0
2026-03-11,2026-03,Growify | 3rd Feb | Sale | ABO | Targeting,IN,59.44,0.0,0.0,1.0,355,Meta,0.0
2026-03-11,2026-03,Growify | Engagement | India,IN,3229.73,0.0,0.0,89.0,19580,Meta,0.0
2026-03-11,2026-03,Growify | MOF & BOF | Sale | India +intl,IN,2853.0,0.0,0.0,3629.0,74665,Meta,0.0
2026-03-11,2026-03,Growify | MOF & BOF | Sale | India +intl,unknown,0.0,0.0,0.0,0.0,0,Meta,0.0
2026-03-11,2026-03,Growify | TOF | Sale | INDIA,IN,1370.53,0.0,0.0,693.0,30344,Meta,0.0
2026-03-11,2026-03,Growify | TOF | Sale | India,IN,8343.26,0.0,0.0,4758.0,131163,Meta,0.0
2026-03-11,2026-03,Growify | TOF | Sale | India,unknown,0.01,0.0,0.0,0.0,1,Meta,0.0
2026-03-11,2026-03,Growify | TOF | Sale | US,CA,1.07,0.0,0.0,0.0,4,Meta,0.0
2026-03-11,2026-03,Growify | TOF | Sale | US,US,1480.26,0.0,0.0,17.0,630,Meta,0.0
2026-03-11,2026-03,Growify | TOF | Sales | India,IN,575.5500000000001,0.0,0.0,831.0,5756,Meta,0.0
2026-03-11,2026-03,Growify | TOF | Sales | India,unknown,0.0,0.0,0.0,0.0,0,Meta,0.0
2026-03-12,2026-03,Conv | Tof | Multi Category | Ind | Direct | Growify | LAL,IN,1551.2,9800.0,1.0,760.0,19587,Meta,6.317689530685921
2026-03-12,2026-03,Conv | Tof | Multicategory | INT | Direct | Growify,CA,0.0,0.0,0.0,0.0,0,Meta,0.0
2026-03-12,2026-03,Conv | Tof | Multicategory | INT | Direct | Growify,US,0.0,0.0,0.0,0.0,0,Meta,0.0
2026-03-12,2026-03,Growify | 3rd Feb | Sale | ABO | Targeting,IN,5.04,0.0,0.0,1.0,28,Meta,0.0
2026-03-12,2026-03,Growify | MOF & BOF | Sale | India +intl,IN,1148.93,10350.0,1.0,2386.0,59112,Meta,9.008381711679561
2026-03-12,2026-03,Growify | TOF | Sale | INDIA,IN,0.0,0.0,0.0,0.0,0,Meta,0.0
2026-03-12,2026-03,Growify | TOF | Sale | India,IN,5364.73,0.0,0.0,3136.0,167012,Meta,0.0
2026-03-12,2026-03,Growify | TOF | Sale | US,US,2394.73,0.0,0.0,51.0,1123,Meta,0.0
2026-03-12,2026-03,Growify | TOF | Sales | India,IN,991.4399999999999,0.0,0.0,1992.0,24721,Meta,0.0
2026-03-12,2026-03,Growify | TOF | Sales | India,unknown,0.0,0.0,0.0,0.0,0,Meta,0.0
2026-03-13,2026-03,Conv | Tof | Multi Category | Ind | Direct | Growify | LAL,IN,2411.6,9800.0,1.0,689.0,15702,Meta,4.063692154586167
2026-03-13,2026-03,Conv | Tof | Multicategory | INT | Direct | Growify,AU,0.0,0.0,0.0,0.0,0,Meta,0.0
2026-03-13,2026-03,Conv | Tof | Multicategory | INT | Direct | Growify,CA,1072.59,26255.0,1.0,52.0,1519,Meta,24.478132371176315
2026-03-13,2026-03,Conv | Tof | Multicategory | INT | Direct | Growify,GB,0.0,0.0,0.0,0.0,0,Meta,0.0
2026-03-13,2026-03,Conv | Tof | Multicategory | INT | Direct | Growify,US,0.0,0.0,0.0,0.0,0,Meta,0.0
2026-03-13,2026-03,Growify | 3rd Feb | Sale | ABO | Targeting,IN,11.41,0.0,0.0,0.0,32,Meta,0.0
2026-03-13,2026-03,Growify | MOF & BOF | Sale | India +intl,IN,2332.53,0.0,0.0,4091.0,85838,Meta,0.0
2026-03-13,2026-03,Growify | TOF | Sale | INDIA,IN,0.0,0.0,0.0,0.0,0,Meta,0.0
2026-03-13,2026-03,Growify | TOF | Sale | India,IN,4300.17,0.0,0.0,2634.0,72290,Meta,0.0
2026-03-13,2026-03,Growify | TOF | Sale | US,US,4668.78,0.0,0.0,56.0,1450,Meta,0.0
2026-03-13,2026-03,Growify | TOF | Sales | India,IN,916.56,0.0,0.0,693.0,6051,Meta,0.0
2026-03-14,2026-03,Conv | Tof | Multi Category | Ind | Direct | Growify | LAL,IN,1722.85,0.0,0.0,361.0,8226,Meta,0.0
2026-03-14,2026-03,Conv | Tof | Multicategory | INT | Direct | Growify,AU,0.0,0.0,0.0,0.0,0,Meta,0.0
2026-03-14,2026-03,Conv | Tof | Multicategory | INT | Direct | Growify,CA,3648.1,0.0,0.0,113.0,3619,Meta,0.0
2026-03-14,2026-03,Conv | Tof | Multicategory | INT | Direct | Growify,US,0.0,0.0,0.0,0.0,0,Meta,0.0
2026-03-14,2026-03,Growify | MOF & BOF | Sale | India +intl,IN,1817.43,5400.0,1.0,2445.0,50868,Meta,2.9712286030273516
2026-03-14,2026-03,Growify | TOF | Sale | INDIA,IN,0.0,0.0,0.0,0.0,0,Meta,0.0
2026-03-14,2026-03,Growify | TOF | Sale | India,IN,854.3299999999999,0.0,0.0,631.0,14736,Meta,0.0
2026-03-14,2026-03,Growify | TOF | Sale | US,US,3455.6299999999997,0.0,0.0,64.0,1423,Meta,0.0
2026-03-14,2026-03,Growify | TOF | Sales | India,IN,0.0,0.0,0.0,0.0,0,Meta,0.0
2026-03-14,2026-03,Growify | TOF | Sales | India | Open,IN,3816.5299999999997,0.0,0.0,254.0,12355,Meta,0.0
2026-03-15,2026-03,Conv | Tof | Multi Category | Ind | Direct | Growify | LAL,IN,2027.3,16508.7,1.0,560.0,12197,Meta,8.143195383021753
2026-03-15,2026-03,Conv | Tof | Multicategory | INT | Direct | Growify,CA,4704.35,0.0,0.0,90.0,3979,Meta,0.0
2026-03-15,2026-03,Conv | Tof | Multicategory | INT | Direct | Growify,GB,0.0,0.0,0.0,0.0,0,Meta,0.0
2026-03-15,2026-03,Growify | MOF & BOF | Sale | India +intl,IN,2294.55,6300.0,1.0,2195.0,48488,Meta,2.745636399293979
2026-03-15,2026-03,Growify | MOF & BOF | Sale | India +intl,unknown,0.0,0.0,0.0,0.0,0,Meta,0.0
2026-03-15,2026-03,Growify | TOF | Sale | INDIA,IN,0.0,0.0,0.0,0.0,0,Meta,0.0
2026-03-15,2026-03,Growify | TOF | Sale | India,IN,1029.67,0.0,0.0,667.0,13276,Meta,0.0
2026-03-15,2026-03,Growify | TOF | Sale | US,US,3757.14,24750.0,1.0,72.0,1404,Meta,6.587457480956259
2026-03-15,2026-03,Growify | TOF | Sales | India,IN,0.0,0.0,0.0,0.0,0,Meta,0.0
2026-03-15,2026-03,Growify | TOF | Sales | India | Open,IN,3949.9700000000003,0.0,0.0,258.0,13404,Meta,0.0
2026-03-16,2026-03,Conv | Tof | Multi Category | Ind | Direct | Growify | LAL,IN,60.48,0.0,0.0,14.0,292,Meta,0.0
2026-03-16,2026-03,Conv | Tof | Multicategory | INT | Direct | Growify,CA,725.58,0.0,0.0,21.0,597,Meta,0.0
2026-03-16,2026-03,Growify | MOF & BOF | Sale | India +intl,IN,104.97,0.0,0.0,111.0,2367,Meta,0.0
2026-03-16,2026-03,Growify | TOF | Sale | India,IN,52.76,0.0,0.0,23.0,420,Meta,0.0
2026-03-16,2026-03,Growify | TOF | Sale | US,US,167.05,0.0,0.0,6.0,106,Meta,0.0
2026-03-16,2026-03,Growify | TOF | Sales | India,IN,0.0,0.0,0.0,0.0,0,Meta,0.0
2026-03-16,2026-03,Growify | TOF | Sales | India | Open,IN,129.15,0.0,0.0,12.0,448,Meta,0.0
2026-03-17,2026-03,Conv | Tof | Multi Category | Ind | Direct | Growify | LAL,IN,0.0,0.0,0.0,0.0,0,Meta,0.0
2026-03-17,2026-03,Conv | Tof | Multicategory | INT | Direct | Growify,CA,0.0,0.0,0.0,0.0,0,Meta,0.0
2026-03-17,2026-03,Growify | MOF & BOF | Sale | India +intl,IN,0.0,0.0,0.0,0.0,0,Meta,0.0
2026-03-17,2026-03,Growify | TOF | Sale | India,IN,0.0,0.0,0.0,0.0,0,Meta,0.0
2026-03-17,2026-03,Growify | TOF | Sale | US,US,0.0,0.0,0.0,0.0,0,Meta,0.0
2026-03-17,2026-03,Growify | TOF | Sales | India | Open,IN,0.0,0.0,0.0,0.0,0,Meta,0.0
2026-03-18,2026-03,Conv | Tof | Multi Category | Ind | Direct | Growify | LAL,IN,0.0,0.0,0.0,0.0,0,Meta,0.0
2026-03-18,2026-03,Conv | Tof | Multicategory | INT | Direct | Growify,CA,0.0,23600.0,1.0,0.0,0,Meta,0.0
2026-03-18,2026-03,Growify | MOF & BOF | Sale | India +intl,IN,0.0,0.0,0.0,0.0,0,Meta,0.0
2026-03-18,2026-03,Growify | TOF | Sale | India,IN,0.0,0.0,0.0,0.0,0,Meta,0.0
2026-03-18,2026-03,Growify | TOF | Sale | US,US,0.0,0.0,0.0,0.0,0,Meta,0.0
2026-03-18,2026-03,Growify | TOF | Sales | India | Open,IN,0.0,0.0,0.0,0.0,0,Meta,0.0
2026-03-19,2026-03,Conv | Tof | Multi Category | Ind | Direct | Growify | LAL,IN,0.0,0.0,0.0,0.0,0,Meta,0.0
2026-03-19,2026-03,Conv | Tof | Multicategory | INT | Direct | Growify,CA,0.0,0.0,0.0,0.0,0,Meta,0.0
2026-03-19,2026-03,Growify | MOF & BOF | Sale | India +intl,IN,0.0,0.0,0.0,0.0,0,Meta,0.0
2026-03-19,2026-03,Growify | TOF | Sale | India,IN,0.0,0.0,0.0,0.0,0,Meta,0.0
2026-03-19,2026-03,Growify | TOF | Sale | US,US,0.0,0.0,0.0,0.0,0,Meta,0.0
2026-03-19,2026-03,Growify | TOF | Sales | India | Open,IN,0.0,0.0,0.0,0.0,0,Meta,0.0
2026-03-20,2026-03,Growify | MOF & BOF | Sale | India +intl,IN,0.0,0.0,0.0,0.0,0,Meta,0.0
2026-03-20,2026-03,Growify | TOF | Sale | India,IN,0.0,0.0,0.0,0.0,0,Meta,0.0
2026-03-20,2026-03,Growify | TOF | Sales | India | Open,IN,0.0,0.0,0.0,0.0,0,Meta,0.0
2026-03-21,2026-03,Conv | Tof | Multi Category | Ind | Direct | Growify | LAL,IN,3451.83,0.0,0.0,2555.0,82313,Meta,0.0
2026-03-21,2026-03,Conv | Tof | Multicategory | INT | Direct | Growify,CA,6902.09,0.0,0.0,188.0,9455,Meta,0.0
2026-03-21,2026-03,Growify | MOF & BOF | Sale | India +intl,IN,3479.34,0.0,0.0,5981.0,91656,Meta,0.0
2026-03-21,2026-03,Growify | MOF & BOF | Sale | India +intl,unknown,0.0,0.0,0.0,0.0,0,Meta,0.0
2026-03-21,2026-03,Growify | TOF | Sale | India,IN,1734.49,0.0,0.0,2108.0,75665,Meta,0.0
2026-03-21,2026-03,Growify | TOF | Sale | US,US,6919.21,0.0,0.0,81.0,2914,Meta,0.0
2026-03-21,2026-03,Growify | TOF | Sales | India | Open,IN,6799.37,0.0,0.0,701.0,71488,Meta,0.0
2026-03-21,2026-03,Growify | TOF | Sales | India | Open,unknown,0.06,0.0,0.0,0.0,1,Meta,0.0
2026-03-22,2026-03,Conv | Tof | Multi Category | Ind | Direct | Growify | LAL,IN,2881.12,0.0,0.0,833.0,22679,Meta,0.0
2026-03-22,2026-03,Conv | Tof | Multicategory | INT | Direct | Growify,CA,6667.96,25800.0,1.0,215.0,7610,Meta,3.869249365623069
2026-03-22,2026-03,Growify | MOF & BOF | Sale | India +intl,IN,2668.54,0.0,0.0,4557.0,108056,Meta,0.0
2026-03-22,2026-03,Growify | TOF | Sale | India,IN,1050.77,0.0,0.0,1954.0,68944,Meta,0.0
2026-03-22,2026-03,Growify | TOF | Sale | US,US,6831.1,0.0,0.0,78.0,2173,Meta,0.0
2026-03-22,2026-03,Growify | TOF | Sales | India | Open,IN,6113.49,7650.0,1.0,563.0,28998,Meta,1.2513310727587679
2026-03-23,2026-03,Conv | Tof | Multi Category | Ind | Direct | Growify | LAL,IN,907.06,0.0,0.0,295.0,7820,Meta,0.0
2026-03-23,2026-03,Conv | Tof | Multicategory | INT | Direct | Growify,CA,2786.13,0.0,0.0,85.0,2742,Meta,0.0
2026-03-23,2026-03,Growify | MOF & BOF | Sale | India +intl,IN,889.49,0.0,0.0,1689.0,42920,Meta,0.0
2026-03-23,2026-03,Growify | MOF & BOF | Sale | India +intl,unknown,0.0,0.0,0.0,0.0,0,Meta,0.0
2026-03-23,2026-03,Growify | TOF | Sale | India,IN,1014.62,0.0,0.0,2375.0,109092,Meta,0.0
2026-03-23,2026-03,Growify | TOF | Sale | US,US,2461.27,0.0,0.0,34.0,793,Meta,0.0
2026-03-23,2026-03,Growify | TOF | Sales | India | Open,IN,1605.97,0.0,0.0,290.0,24422,Meta,0.0
2026-03-24,2026-03,Conv | Tof | Multi Category | Ind | Direct | Growify | LAL,IN,926.7,0.0,0.0,434.0,7718,Meta,0.0
2026-03-24,2026-03,Conv | Tof | Multicategory | INT | Direct | Growify,CA,3130.93,0.0,0.0,109.0,2678,Meta,0.0
2026-03-24,2026-03,Growify | MOF & BOF | Sale | India +intl,IN,561.86,0.0,0.0,760.0,15886,Meta,0.0
2026-03-24,2026-03,Growify | TOF | Sale | India,IN,1008.5799999999999,14850.0,1.0,1265.0,44313,Meta,14.723670903646711
2026-03-24,2026-03,Growify | TOF | Sale | US,US,3236.89,0.0,0.0,50.0,1535,Meta,0.0
2026-03-24,2026-03,Growify | TOF | Sales | India | Open,IN,2647.98,0.0,0.0,253.0,10664,Meta,0.0
2026-03-25,2026-03,Conv | Tof | Multi Category | Ind | Direct | Growify | LAL,IN,983.61,0.0,0.0,375.0,8440,Meta,0.0
2026-03-25,2026-03,Conv | Tof | Multicategory | INT | Direct | Growify,CA,3746.269999,0.0,0.0,159.0,3470,Meta,0.0
2026-03-25,2026-03,Growify | MOF & BOF | Sale | India +intl,IN,1528.3000000000002,0.0,0.0,2819.0,61069,Meta,0.0
2026-03-25,2026-03,Growify | TOF | Sale | India,IN,1891.98,0.0,0.0,2486.0,118449,Meta,0.0
2026-03-25,2026-03,Growify | TOF | Sale | US,US,2762.34,0.0,0.0,49.0,1348,Meta,0.0
2026-03-25,2026-03,Growify | TOF | Sales | India | Open,IN,3453.4,35550.0,2.0,455.0,23197,Meta,10.294202814617478
2026-03-26,2026-03,Conv | Tof | Multi Category | Ind | Direct | Growify | LAL,IN,967.95,0.0,0.0,341.0,7158,Meta,0.0
2026-03-26,2026-03,Conv | Tof | Multicategory | INT | Direct | Growify,CA,3743.32,0.0,0.0,163.0,4534,Meta,0.0
2026-03-26,2026-03,Growify | MOF & BOF | Sale | India +intl,IN,1065.14,0.0,0.0,1132.0,22303,Meta,0.0
2026-03-26,2026-03,Growify | TOF | Sale | India,IN,1910.3899999999999,0.0,0.0,1355.0,51968,Meta,0.0
2026-03-26,2026-03,Growify | TOF | Sale | US,US,2972.52,0.0,0.0,44.0,1230,Meta,0.0
2026-03-26,2026-03,Growify | TOF | Sales | India | Open,IN,2894.2,31750.0,1.0,301.0,14943,Meta,10.970216294658282
2026-03-27,2026-03,Conv | Tof | Multi Category | Ind | Direct | Growify | LAL,IN,986.1,0.0,0.0,290.0,5742,Meta,0.0
2026-03-27,2026-03,Conv | Tof | Multicategory | INT | Direct | Growify,CA,4122.65,0.0,0.0,121.0,2820,Meta,0.0
2026-03-27,2026-03,Growify | MOF & BOF | Sale | India +intl,IN,845.23,0.0,0.0,754.0,12309,Meta,0.0
2026-03-27,2026-03,Growify | TOF | Sale | India,IN,2088.19,0.0,0.0,1442.0,43873,Meta,0.0
2026-03-27,2026-03,Growify | TOF | Sale | US,US,3016.74,0.0,0.0,49.0,1377,Meta,0.0
2026-03-27,2026-03,Growify | TOF | Sales | India | Open,IN,2528.63,0.0,0.0,141.0,10374,Meta,0.0
2026-03-28,2026-03,Conv | Tof | Multi Category | Ind | Direct | Growify | LAL,IN,758.49,0.0,0.0,434.0,8477,Meta,0.0
2026-03-28,2026-03,Conv | Tof | Multicategory | INT | Direct | Growify,CA,3184.2200000000003,0.0,0.0,98.0,2961,Meta,0.0
2026-03-28,2026-03,Growify | MOF & BOF | Sale | India +intl,IN,666.04,0.0,0.0,858.0,12784,Meta,0.0
2026-03-28,2026-03,Growify | TOF | Sale | India,IN,1397.81,0.0,0.0,1064.0,30867,Meta,0.0
2026-03-28,2026-03,Growify | TOF | Sale | US,US,2724.479999,0.0,0.0,47.0,1426,Meta,0.0
2026-03-28,2026-03,Growify | TOF | Sale | US,unknown,0.0,0.0,0.0,0.0,0,Meta,0.0
2026-03-28,2026-03,Growify | TOF | Sales | India | Open,IN,2426.14,0.0,0.0,269.0,17382,Meta,0.0
2026-03-29,2026-03,Conv | Tof | Multi Category | Ind | Direct | Growify | LAL,IN,1099.54,0.0,0.0,529.0,11349,Meta,0.0
2026-03-29,2026-03,Conv | Tof | Multicategory | INT | Direct | Growify,CA,4032.9,0.0,0.0,125.0,3819,Meta,0.0
2026-03-29,2026-03,Growify | MOF & BOF | Sale | India +intl,IN,844.68,0.0,0.0,1432.0,24147,Meta,0.0
2026-03-29,2026-03,Growify | TOF | Sale | India,IN,2127.799999,0.0,0.0,1767.0,51659,Meta,0.0
2026-03-29,2026-03,Growify | TOF | Sale | US,US,3024.4,0.0,0.0,36.0,1483,Meta,0.0
2026-03-29,2026-03,Growify | TOF | Sale | US,unknown,0.0,0.0,0.0,0.0,0,Meta,0.0
2026-03-29,2026-03,Growify | TOF | Sales | India | Open,IN,3344.4300000000003,0.0,0.0,316.0,23452,Meta,0.0
2026-03-30,2026-03,Conv | Tof | Multi Category | Ind | Direct | Growify | LAL,IN,841.28,0.0,0.0,513.0,8956,Meta,0.0
2026-03-30,2026-03,Conv | Tof | Multicategory | INT | Direct | Growify,CA,3633.77,0.0,0.0,142.0,4075,Meta,0.0
2026-03-30,2026-03,Growify | MOF & BOF | Sale | India +intl,IN,830.74,0.0,0.0,1406.0,22796,Meta,0.0
2026-03-30,2026-03,Growify | TOF | Sale | India,IN,1570.9999990000001,0.0,0.0,1829.0,52533,Meta,0.0
2026-03-30,2026-03,Growify | TOF | Sale | US,US,1474.93,0.0,0.0,24.0,827,Meta,0.0
2026-03-30,2026-03,Growify | TOF | Sales | India | Open,IN,2371.8,0.0,0.0,267.0,19053,Meta,0.0
2026-03-31,2026-03,Conv | Tof | Multi Category | Ind | Direct | Growify | LAL,IN,1121.869999,0.0,0.0,685.0,12000,Meta,0.0
2026-03-31,2026-03,Conv | Tof | Multicategory | INT | Direct | Growify,CA,8203.75,0.0,0.0,196.0,8552,Meta,0.0
2026-03-31,2026-03,Growify | MOF & BOF | Sale | India +intl,IN,1981.869999,0.0,0.0,2265.0,35331,Meta,0.0
2026-03-31,2026-03,Growify | TOF | Sale | India,IN,2980.9300000000003,34890.1,2.0,2570.0,67019,Meta,11.704434522112225
2026-03-31,2026-03,Growify | TOF | Sale | US,US,3954.31,55200.0,1.0,80.0,1649,Meta,13.959451838626714
2026-03-31,2026-03,Growify | TOF | Sales | India | Open,IN,4916.739999,0.0,0.0,621.0,52819,Meta,0.0
2026-03-31,2026-03,Growify | TOF | Sales | India | Open,unknown,0.01,0.0,0.0,0.0,1,Meta,0.0
2026-04-01,2026-04,Conv | Tof | Multi Category | Ind | Direct | Growify | LAL,IN,1066.6799999999998,0.0,0.0,397.0,6829,Meta,0.0
2026-04-01,2026-04,Conv | Tof | Multicategory | INT | Direct | Growify,CA,9601.84,0.0,0.0,356.0,9569,Meta,0.0
2026-04-01,2026-04,Growify | MOF & BOF | Sale | India +intl,IN,2373.1800000000003,6300.0,1.0,1120.0,25644,Meta,2.654665891335676
2026-04-01,2026-04,Growify | TOF | Sale | India,IN,3454.6400000000003,18305.0,1.0,2817.0,73439,Meta,5.298670773220943
2026-04-01,2026-04,Growify | TOF | Sale | US,US,3543.56,0.0,0.0,75.0,1747,Meta,0.0
2026-04-01,2026-04,Growify | TOF | Sales | India | Open,IN,5004.61,32900.0,2.0,469.0,44751,Meta,6.573938828400215
2026-04-02,2026-04,Conv | Tof | Multi Category | Ind | Direct | Growify | LAL,IN,701.47,0.0,0.0,341.0,6045,Meta,0.0
2026-04-02,2026-04,Conv | Tof | Multicategory | INT | Direct | Growify,CA,9152.39,31150.0,1.0,243.0,11038,Meta,3.403482587608264
2026-04-02,2026-04,Growify | MOF & BOF | Sale | India +intl,IN,1241.8,15050.0,1.0,1188.0,25159,Meta,12.119503945885006
2026-04-02,2026-04,Growify | TOF | Sale | India,IN,2047.2,0.0,0.0,3281.0,66532,Meta,0.0
2026-04-02,2026-04,Growify | TOF | Sale | US,US,1884.39,0.0,0.0,30.0,800,Meta,0.0
2026-04-02,2026-04,Growify | TOF | Sales | India | Open,IN,3095.52,0.0,0.0,401.0,31122,Meta,0.0
2026-04-03,2026-04,Conv | Tof | Multi Category | Ind | Direct | Growify | LAL,IN,1119.9,21700.0,1.0,426.0,6658,Meta,19.37673006518439
2026-04-03,2026-04,Conv | Tof | Multicategory | INT | Direct | Growify,CA,7298.0,0.0,0.0,219.0,7742,Meta,0.0
2026-04-03,2026-04,Growify | MOF & BOF | Sale | India +intl,IN,2752.84,19250.0,1.0,1497.0,40225,Meta,6.992778367068191
2026-04-03,2026-04,Growify | TOF | Sale | India,IN,3095.01,0.0,0.0,1719.0,47046,Meta,0.0
2026-04-03,2026-04,Growify | TOF | Sale | US,US,3310.89,26769.1,1.0,48.0,1533,Meta,8.085167432321823
2026-04-03,2026-04,Growify | TOF | Sales | India | Open,IN,914.09,0.0,0.0,123.0,9065,Meta,0.0
2026-04-03,2026-04,Growify | TOF | Traffic | India,IN,311.73,0.0,0.0,211.0,20387,Meta,0.0
2026-04-04,2026-04,Conv | Tof | Multi Category | Ind | Direct | Growify | LAL,IN,1036.33,0.0,0.0,306.0,5503,Meta,0.0
2026-04-04,2026-04,Conv | Tof | Multicategory | INT | Direct | Growify,CA,4634.05,0.0,0.0,114.0,6144,Meta,0.0
2026-04-04,2026-04,Growify | MOF & BOF | Sale | India +intl,IN,2607.3199999999997,0.0,0.0,994.0,18248,Meta,0.0
2026-04-04,2026-04,Growify | TOF | Sale | India,IN,3033.62,0.0,0.0,1987.0,33949,Meta,0.0
2026-04-04,2026-04,Growify | TOF | Sale | US,US,3587.49,24000.0,1.0,59.0,1696,Meta,6.689914118227508
2026-04-04,2026-04,Growify | TOF | Sales | India | Open,IN,0.0,0.0,0.0,0.0,0,Meta,0.0
2026-04-04,2026-04,Growify | TOF | Traffic | India,IN,411.25,0.0,0.0,445.0,17692,Meta,0.0
2026-04-05,2026-04,Conv | Tof | Multi Category | Ind | Direct | Growify | LAL,IN,305.39,0.0,0.0,46.0,1054,Meta,0.0
2026-04-05,2026-04,Conv | Tof | Multicategory | INT | Direct | Growify,CA,4009.05,0.0,0.0,67.0,4391,Meta,0.0
2026-04-05,2026-04,Growify | MOF & BOF | Sale | India +intl,IN,704.8599999999999,0.0,0.0,155.0,3562,Meta,0.0
2026-04-05,2026-04,Growify | TOF | Sale | India,IN,864.28,40600.0,1.0,586.0,11248,Meta,46.97551719350211
2026-04-05,2026-04,Growify | TOF | Sale | US,US,1701.8799999999999,0.0,0.0,16.0,811,Meta,0.0
2026-04-05,2026-04,Growify | TOF | Sales | India | Open,IN,0.0,0.0,0.0,0.0,0,Meta,0.0
2026-04-05,2026-04,Growify | TOF | Traffic | India,IN,148.86,0.0,0.0,219.0,6100,Meta,0.0
2026-04-06,2026-04,Conv | Tof | Multi Category | Ind | Direct | Growify | LAL,IN,1285.16,0.0,0.0,431.0,6457,Meta,0.0
2026-04-06,2026-04,Conv | Tof | Multicategory | INT | Direct | Growify,CA,6587.53,0.0,0.0,109.0,7825,Meta,0.0
2026-04-06,2026-04,Growify | MOF & BOF | Sale | India +intl,IN,2697.01,13650.0,1.0,1485.0,27396,Meta,5.061160321986199
2026-04-06,2026-04,Growify | TOF | Sale | India,IN,3708.12,0.0,0.0,4673.0,85121,Meta,0.0
2026-04-06,2026-04,Growify | TOF | Sale | US,US,1806.49,0.0,0.0,42.0,798,Meta,0.0
2026-04-06,2026-04,Growify | TOF | Sales | India | Open,IN,0.0,0.0,0.0,0.0,0,Meta,0.0
2026-04-06,2026-04,Growify | TOF | Traffic | India,IN,303.2,0.0,0.0,368.0,27543,Meta,0.0
2026-04-07,2026-04,Conv | Tof | Multi Category | Ind | Direct | Growify | LAL,IN,3058.8100000000004,0.0,0.0,704.0,10967,Meta,0.0
2026-04-07,2026-04,Conv | Tof | Multicategory | INT | Direct | Growify,CA,6305.14,0.0,0.0,102.0,7103,Meta,0.0
2026-04-07,2026-04,Growify | MOF & BOF | Sale | India +intl,IN,6633.79,54600.0,3.0,4192.0,79907,Meta,8.230589150395174
2026-04-07,2026-04,Growify | TOF | Sale | India,IN,7744.24,13650.0,1.0,8987.0,180899,Meta,1.7626003326343191
2026-04-07,2026-04,Growify | TOF | Sale | US,US,4406.860000000001,0.0,0.0,60.0,1726,Meta,0.0
2026-04-07,2026-04,Growify | TOF | Sales | India | Open,IN,0.0,0.0,0.0,0.0,0,Meta,0.0
2026-04-07,2026-04,Growify | TOF | Traffic | India,IN,652.51,0.0,0.0,766.0,62295,Meta,0.0
2026-04-08,2026-04,Conv | Tof | Multi Category | Ind | Direct | Growify | LAL,IN,3086.85,4418.4,1.0,889.0,13762,Meta,1.4313620681277028
2026-04-08,2026-04,Conv | Tof | Multicategory | INT | Direct | Growify,CA,6122.98,0.0,0.0,97.0,6350,Meta,0.0
2026-04-08,2026-04,Growify | MOF & BOF | Sale | India +intl,IN,6069.04,33732.3,2.0,3799.0,81427,Meta,5.558094855199505
2026-04-08,2026-04,Growify | MOF & BOF | Sale | India +intl,unknown,0.0,0.0,0.0,0.0,0,Meta,0.0
2026-04-08,2026-04,Growify | TOF | Sale | India,IN,6840.719999999999,0.0,0.0,11321.0,231618,Meta,0.0
2026-04-08,2026-04,Growify | TOF | Sale | US,US,4205.7,45864.6,2.0,78.0,1841,Meta,10.905342749126186
2026-04-08,2026-04,Growify | TOF | Sales | India | Open,IN,0.0,0.0,0.0,0.0,0,Meta,0.0
2026-04-08,2026-04,Growify | TOF | Traffic | India,IN,629.28,0.0,0.0,873.0,59461,Meta,0.0
2026-04-09,2026-04,Conv | Tof | Multi Category | Ind | Direct | Growify | LAL,IN,3421.77,0.0,0.0,1013.0,15053,Meta,0.0
2026-04-09,2026-04,Conv | Tof | Multicategory | INT | Direct | Growify,CA,4901.3099999999995,0.0,0.0,113.0,4390,Meta,0.0
2026-04-09,2026-04,Growify | MOF & BOF | Sale | India +intl,IN,6727.019999,8050.0,1.0,3051.0,66800,Meta,1.1966665776520162
2026-04-09,2026-04,Growify | TOF | Sale | India,IN,5273.829999,0.0,0.0,5168.0,100134,Meta,0.0
2026-04-09,2026-04,Growify | TOF | Sale | US,US,4799.280000000001,23250.0,1.0,47.0,1972,Meta,4.844476671500725
2026-04-09,2026-04,Growify | TOF | Sales | India | Open,IN,991.55,0.0,0.0,231.0,31326,Meta,0.0
2026-04-09,2026-04,Growify | TOF | Traffic | India,IN,586.64,0.0,0.0,733.0,68550,Meta,0.0
2026-04-10,2026-04,Conv | Tof | Multi Category | Ind | Direct | Growify | LAL,IN,2266.189999,0.0,0.0,467.0,6963,Meta,0.0
2026-04-10,2026-04,Conv | Tof | Multicategory | INT | Direct | Growify,CA,3244.6499999999996,27890.1,1.0,129.0,2542,Meta,8.595719106837409
2026-04-10,2026-04,Growify | MOF & BOF | Sale | India +intl,IN,5512.860000000001,0.0,0.0,2488.0,60735,Meta,0.0
2026-04-10,2026-04,Growify | TOF | Sale | India,IN,3862.03,0.0,0.0,282.0,11350,Meta,0.0
2026-04-10,2026-04,Growify | TOF | Sale | US,US,3104.79,0.0,0.0,20.0,1609,Meta,0.0
2026-04-10,2026-04,Growify | TOF | Sales | India | Open,IN,1405.91,0.0,0.0,464.0,63020,Meta,0.0
2026-04-10,2026-04,Growify | TOF | Traffic | India,IN,402.8,0.0,0.0,481.0,53812,Meta,0.0
2026-04-11,2026-04,Conv | Tof | Multi Category | Ind | Direct | Growify | LAL,IN,2976.81,0.0,0.0,1410.0,19718,Meta,0.0
2026-04-11,2026-04,Conv | Tof | Multicategory | INT | Direct | Growify,CA,1311.74,0.0,0.0,67.0,1457,Meta,0.0
2026-04-11,2026-04,Growify | MOF & BOF | Sale | India +intl,IN,8738.61,0.0,0.0,4594.0,112575,Meta,0.0
2026-04-11,2026-04,Growify | MOF & BOF | Sale | India +intl,unknown,0.0,0.0,0.0,0.0,0,Meta,0.0
2026-04-11,2026-04,Growify | TOF | Sale | India,IN,8932.01,49595.0,3.0,1107.0,40161,Meta,5.5525016205758835
2026-04-11,2026-04,Growify | TOF | Sale | US,US,6059.33,0.0,0.0,64.0,2640,Meta,0.0
2026-04-11,2026-04,Growify | TOF | Sales | India | Open,IN,2293.36,0.0,0.0,974.0,134363,Meta,0.0
2026-04-11,2026-04,Growify | TOF | Traffic | India,IN,728.8000000000001,0.0,0.0,692.0,98364,Meta,0.0
2026-04-12,2026-04,Conv | Tof | Multi Category | Ind | Direct | Growify | LAL,IN,736.2,0.0,0.0,215.0,3247,Meta,0.0
2026-04-12,2026-04,Conv | Tof | Multicategory | INT | Direct | Growify,CA,1877.22,0.0,0.0,85.0,1427,Meta,0.0
2026-04-12,2026-04,Growify | MOF & BOF | Sale | India +intl,IN,8018.469999999999,0.0,0.0,2623.0,68337,Meta,0.0
2026-04-12,2026-04,Growify | TOF | Sale | India,IN,8722.39,13650.0,1.0,713.0,29475,Meta,1.5649380502362313
2026-04-12,2026-04,Growify | TOF | Sale | US,US,7594.119999999999,93893.4,1.0,47.0,1713,Meta,12.363960537889842
2026-04-12,2026-04,Growify | TOF | Sales | India | Open,IN,1998.1499999999999,0.0,0.0,714.0,106901,Meta,0.0
2026-04-12,2026-04,Growify | TOF | Traffic | India,IN,513.8399999999999,0.0,0.0,524.0,69939,Meta,0.0
2026-04-13,2026-04,Conv | Tof | Multi Category | Ind | Direct | Growify | LAL,IN,0.0,0.0,0.0,0.0,0,Meta,0.0
2026-04-13,2026-04,Conv | Tof | Multicategory | INT | Direct | Growify,CA,0.0,0.0,0.0,0.0,0,Meta,0.0
2026-04-13,2026-04,Growify | MOF & BOF | Sale | India +intl,IN,7986.799999999999,50400.0,2.0,3260.0,85855,Meta,6.310412180097161
2026-04-13,2026-04,Growify | TOF | Sale | India,IN,10524.2,116370.6,2.0,703.0,27537,Meta,11.05742954333821
2026-04-13,2026-04,Growify | TOF | Sale | US,US,4975.7,0.0,0.0,44.0,1592,Meta,0.0
2026-04-13,2026-04,Growify | TOF | Sales | India | Open,IN,2606.51,0.0,0.0,265.0,27423,Meta,0.0
2026-04-13,2026-04,Growify | TOF | Traffic | India,IN,478.20000000000005,0.0,0.0,522.0,65645,Meta,0.0
2026-04-14,2026-04,Conv | Tof | Multi Category | Ind | Direct | Growify | LAL,IN,0.0,0.0,0.0,0.0,0,Meta,0.0
2026-04-14,2026-04,Conv | Tof | Multicategory | INT | Direct | Growify,CA,0.0,0.0,0.0,0.0,0,Meta,0.0
2026-04-14,2026-04,Growify | MOF & BOF | Sale | India +intl,IN,8063.92,89600.0,2.0,3098.0,88069,Meta,11.111221341481562
2026-04-14,2026-04,Growify | TOF | Sale | India,IN,10344.97,0.0,0.0,825.0,40891,Meta,0.0
2026-04-14,2026-04,Growify | TOF | Sale | US,US,3297.96,0.0,0.0,35.0,1351,Meta,0.0
2026-04-14,2026-04,Growify | TOF | Sales | India | Open,IN,2511.86,64400.0,3.0,170.0,19169,Meta,25.638371565294243
2026-04-14,2026-04,Growify | TOF | Traffic | India,IN,520.3,0.0,0.0,622.0,74481,Meta,0.0
2026-04-15,2026-04,Conv | Tof | Multi Category | Ind | Direct | Growify | LAL,IN,0.0,0.0,0.0,0.0,0,Meta,0.0
2026-04-15,2026-04,Conv | Tof | Multicategory | INT | Direct | Growify,CA,0.0,0.0,0.0,0.0,0,Meta,0.0
2026-04-15,2026-04,Growify | MOF & BOF | Sale | India +intl,IN,8332.09,22813.0,3.0,2958.0,73090,Meta,2.7379685049009312
2026-04-15,2026-04,Growify | MOF & BOF | Sale | India +intl,unknown,0.0,0.0,0.0,0.0,0,Meta,0.0
2026-04-15,2026-04,Growify | TOF | Sale | India,IN,11196.26,33180.0,1.0,479.0,33275,Meta,2.9634895938465164
2026-04-15,2026-04,Growify | TOF | Sale | US,US,0.0,0.0,0.0,0.0,0,Meta,0.0
2026-04-15,2026-04,Growify | TOF | Sales | India | Open,IN,2656.3199999999997,0.0,0.0,174.0,20276,Meta,0.0
2026-04-15,2026-04,Growify | TOF | Traffic | India,IN,488.76,0.0,0.0,519.0,75116,Meta,0.0
2026-04-16,2026-04,Conv | Tof | Multi Category | Ind | Direct | Growify | LAL,IN,0.0,0.0,0.0,0.0,0,Meta,0.0
2026-04-16,2026-04,Conv | Tof | Multicategory | INT | Direct | Growify,CA,0.0,0.0,0.0,0.0,0,Meta,0.0
2026-04-16,2026-04,Growify | MOF & BOF | Sale | India +intl,IN,8580.7,12950.0,1.0,3903.0,100539,Meta,1.5092008810470008
2026-04-16,2026-04,Growify | MOF & BOF | Sale | India +intl,unknown,0.0,0.0,0.0,0.0,0,Meta,0.0
2026-04-16,2026-04,Growify | TOF | Sale | India,IN,15372.62,0.0,0.0,923.0,75417,Meta,0.0
2026-04-16,2026-04,Growify | TOF | Sale | US,US,0.0,0.0,0.0,0.0,0,Meta,0.0
2026-04-16,2026-04,Growify | TOF | Sales | India | Open,IN,2512.039999,0.0,0.0,212.0,23514,Meta,0.0
2026-04-16,2026-04,Growify | TOF | Traffic | India,IN,575.35,0.0,0.0,702.0,96882,Meta,0.0
2026-04-17,2026-04,Conv | Tof | Multi Category | Ind | Direct | Growify | LAL,IN,0.0,0.0,0.0,0.0,0,Meta,0.0
2026-04-17,2026-04,Conv | Tof | Multicategory | INT | Direct | Growify,CA,0.0,0.0,0.0,0.0,0,Meta,0.0
2026-04-17,2026-04,Growify | MOF & BOF | Sale | India +intl,IN,4650.69,3570.0,1.0,1925.0,48983,Meta,0.7676280293891875
2026-04-17,2026-04,Growify | TOF | Sale | India,IN,8346.57,0.0,0.0,512.0,48145,Meta,0.0
2026-04-17,2026-04,Growify | TOF | Sale | US,US,0.0,0.0,0.0,0.0,0,Meta,0.0
2026-04-17,2026-04,Growify | TOF | Sales | India | Open,IN,1483.81,30150.0,1.0,149.0,7657,Meta,20.319313119604264
2026-04-17,2026-04,Growify | TOF | Traffic | India,IN,301.59,0.0,0.0,398.0,43625,Meta,0.0
2026-04-18,2026-04,Conv | Tof | Multicategory | INT | Direct | Growify,CA,0.0,0.0,0.0,0.0,0,Meta,0.0
2026-04-18,2026-04,Growify | MOF & BOF | Sale | India +intl,IN,10584.17,0.0,0.0,3543.0,100652,Meta,0.0
2026-04-18,2026-04,Growify | TOF | Sale | India,IN,0.0,0.0,0.0,0.0,0,Meta,0.0
2026-04-18,2026-04,Growify | TOF | Sales | India | Open,IN,3169.9,0.0,0.0,290.0,28605,Meta,0.0
2026-04-18,2026-04,Growify | TOF | Traffic | India,IN,609.83,0.0,0.0,1307.0,76152,Meta,0.0
2026-04-19,2026-04,Growify | MOF & BOF | Sale | India +intl,IN,8397.06,25068.4,2.0,3334.0,102940,Meta,2.985378215708832
2026-04-19,2026-04,Growify | MOF & BOF | Sale | India +intl,unknown,0.0,0.0,0.0,0.0,1,Meta,0.0
2026-04-19,2026-04,Growify | TOF | Sale | India,IN,0.0,0.0,0.0,0.0,0,Meta,0.0
2026-04-19,2026-04,Growify | TOF | Sales | India | Open,IN,2792.25,0.0,0.0,242.0,17459,Meta,0.0
2026-04-19,2026-04,Growify | TOF | Traffic | India,IN,563.32,0.0,0.0,1437.0,63358,Meta,0.0
2026-04-20,2026-04,Growify | MOF & BOF | Sale | India +intl,IN,9209.119999999999,20650.0,1.0,3187.0,108804,Meta,2.2423423736469936
2026-04-20,2026-04,Growify | TOF | Sale | India,IN,0.0,0.0,0.0,0.0,0,Meta,0.0
2026-04-20,2026-04,Growify | TOF | Sales | India | Open,IN,3131.7,0.0,0.0,222.0,14354,Meta,0.0
2026-04-20,2026-04,Growify | TOF | Traffic | India,IN,533.87,0.0,0.0,1400.0,60358,Meta,0.0
2026-04-21,2026-04,Growify | MOF & BOF | Sale | India +intl,IN,6950.77,2100.0,1.0,2380.0,79819,Meta,0.30212480056166435
2026-04-21,2026-04,Growify | TOF | Sale | India,IN,0.0,0.0,0.0,0.0,0,Meta,0.0
2026-04-21,2026-04,Growify | TOF | Sales | India | Open,IN,2062.82,0.0,0.0,126.0,9780,Meta,0.0
2026-04-21,2026-04,Growify | TOF | Traffic | India,IN,298.91,0.0,0.0,475.0,12895,Meta,0.0
2026-04-22,2026-04,Growify | MOF & BOF | Sale | India +intl,IN,8901.66,17550.0,1.0,2610.0,95929,Meta,1.9715423864762303
2026-04-22,2026-04,Growify | MOF & BOF | Sale | India +intl,unknown,0.0,0.0,0.0,0.0,0,Meta,0.0
2026-04-22,2026-04,Growify | TOF | Sale | India,IN,0.0,0.0,0.0,0.0,0,Meta,0.0
2026-04-22,2026-04,Growify | TOF | Sales | India | Open,IN,2702.83,0.0,0.0,158.0,13232,Meta,0.0
2026-04-22,2026-04,Growify | TOF | Traffic | India,IN,591.91,0.0,0.0,1144.0,25330,Meta,0.0
2026-04-23,2026-04,Growify | MOF & BOF | Sale | India +intl,IN,8747.29,0.0,0.0,2173.0,75993,Meta,0.0
2026-04-23,2026-04,Growify | MOF & BOF | Sale | India +intl,unknown,0.0,0.0,0.0,0.0,0,Meta,0.0
2026-04-23,2026-04,Growify | TOF | Sale | India,IN,588.23,0.0,0.0,58.0,2747,Meta,0.0
2026-04-23,2026-04,Growify | TOF | Sales | India | Open,IN,2557.43,0.0,0.0,177.0,12169,Meta,0.0
2026-04-23,2026-04,Growify | TOF | Traffic | India,IN,867.03,0.0,0.0,536.0,69264,Meta,0.0
2026-04-24,2026-04,Growify | MOF & BOF | Sale | India +intl,IN,6704.74,11305.0,3.0,994.0,30722,Meta,1.686120565450711
2026-04-24,2026-04,Growify | MOF & BOF | Sale | India +intl,unknown,0.0,0.0,0.0,0.0,0,Meta,0.0
2026-04-24,2026-04,Growify | TOF | Sale | India,IN,2265.14,0.0,0.0,176.0,9211,Meta,0.0
2026-04-24,2026-04,Growify | TOF | Sales | India | Open,IN,2483.8,0.0,0.0,127.0,7088,Meta,0.0
2026-04-24,2026-04,Growify | TOF | Traffic | India,IN,68.81,0.0,0.0,64.0,4307,Meta,0.0
2026-04-25,2026-04,Growify | MOF & BOF | Sale | India +intl,IN,5927.72,51850.0,3.0,1260.0,40999,Meta,8.747039333841679
2026-04-25,2026-04,Growify | MOF & BOF | Sale | India +intl,unknown,0.0,0.0,0.0,0.0,0,Meta,0.0
2026-04-25,2026-04,Growify | TOF | Sale | India,IN,1475.66,45885.0,1.0,91.0,5769,Meta,31.094561077755035
2026-04-25,2026-04,Growify | TOF | Sales | India | Open,IN,2002.66,0.0,0.0,267.0,17094,Meta,0.0
2026-04-26,2026-04,Growify | MOF & BOF | Sale | India +intl,IN,7744.0,0.0,0.0,1383.0,44114,Meta,0.0
2026-04-26,2026-04,Growify | TOF | Sale | India,IN,2043.67,0.0,0.0,121.0,6896,Meta,0.0
2026-04-26,2026-04,Growify | TOF | Sales | India | Open,IN,3060.3900000000003,0.0,0.0,236.0,16917,Meta,0.0
2026-04-27,2026-04,Growify | MOF & BOF | Sale | India +intl,IN,7502.549999999999,4200.0,1.0,1832.0,55998,Meta,0.5598096647139973
2026-04-27,2026-04,Growify | TOF | Sale | India,IN,2186.76,0.0,0.0,151.0,9331,Meta,0.0
2026-04-27,2026-04,Growify | TOF | Sales | India | Open,IN,2625.58,19650.0,1.0,231.0,15989,Meta,7.48406066469123
2026-04-28,2026-04,Growify | MOF & BOF | Sale | India +intl,IN,7042.9,0.0,0.0,2312.0,72795,Meta,0.0
2026-04-28,2026-04,Growify | TOF | Sale | India,IN,3259.1,0.0,0.0,344.0,30709,Meta,0.0
2026-04-28,2026-04,Growify | TOF | Sale | US,US,1084.32,0.0,0.0,13.0,224,Meta,0.0
2026-04-28,2026-04,Growify | TOF | Sales | India | Open,IN,2772.66,0.0,0.0,180.0,14082,Meta,0.0
2026-04-29,2026-04,Growify | MOF & BOF | Sale | India +intl,IN,6847.1900000000005,22450.0,1.0,3220.0,100134,Meta,3.278717254815479
2026-04-29,2026-04,Growify | MOF & BOF | Sale | India +intl,unknown,0.0,0.0,0.0,0.0,0,Meta,0.0
2026-04-29,2026-04,Growify | TOF | Sale | India,IN,4839.97,0.0,0.0,440.0,27550,Meta,0.0
2026-04-29,2026-04,Growify | TOF | Sale | US,US,2914.17,36050.0,1.0,61.0,1106,Meta,12.370589224376065
2026-04-29,2026-04,Growify | TOF | Sales | India | Open,IN,2348.73,0.0,0.0,347.0,25494,Meta,0.0
2026-04-30,2026-04,Growify | MOF & BOF | Sale | India +intl,IN,3114.03,0.0,0.0,1202.0,42741,Meta,0.0
2026-04-30,2026-04,Growify | TOF | Sale | India,IN,1528.07,0.0,0.0,121.0,9679,Meta,0.0
2026-04-30,2026-04,Growify | TOF | Sale | US,US,805.27,60300.0,1.0,20.0,382,Meta,74.88171669129609
2026-04-30,2026-04,Growify | TOF | Sales | India | Open,IN,985.48,0.0,0.0,177.0,15238,Meta,0.0
2026-05-01,2026-05,Growify | MOF & BOF | Sale | India +intl,IN,6287.54,0.0,0.0,3010.0,91339,Meta,0.0
2026-05-01,2026-05,Growify | MOF & BOF | Sale | India +intl,unknown,0.0,0.0,0.0,0.0,0,Meta,0.0
2026-05-01,2026-05,Growify | TOF | Sale | India,IN,2751.4900000000002,0.0,0.0,322.0,16257,Meta,0.0
2026-05-01,2026-05,Growify | TOF | Sale | US,US,975.3100000000001,0.0,0.0,19.0,371,Meta,0.0
2026-05-01,2026-05,Growify | TOF | Sales | India | Open,IN,1998.8300000000002,6300.0,1.0,397.0,29600,Meta,3.151843828639754
2026-05-02,2026-05,Conv | Tof | Multicategory | INT | Direct | Growify,CA,10133.35,16150.0,1.0,465.0,13537,Meta,1.5937473787049692
2026-05-02,2026-05,Growify | MOF & BOF | Sale | India +intl,IN,11663.630000000001,8470.0,1.0,4720.0,152846,Meta,0.7261890166268992
2026-05-02,2026-05,Growify | MOF & BOF | Sale | India +intl,unknown,0.0,0.0,0.0,0.0,0,Meta,0.0
2026-05-02,2026-05,Growify | TOF | Sale | India,IN,5777.99,0.0,0.0,668.0,45613,Meta,0.0
2026-05-02,2026-05,Growify | TOF | Sale | US,US,2654.69,0.0,0.0,68.0,1219,Meta,0.0
2026-05-02,2026-05,Growify | TOF | Sales | India | Open,IN,4269.950000000001,0.0,0.0,1003.0,107413,Meta,0.0
2026-05-02,2026-05,Growify | TOF | Sales | India | Open,unknown,0.01,0.0,0.0,0.0,1,Meta,0.0
2026-05-03,2026-05,Conv | Tof | Multicategory | INT | Direct | Growify,CA,4446.02,0.0,0.0,251.0,4899,Meta,0.0
2026-05-03,2026-05,Growify | MOF & BOF | Sale | India +intl,IN,3183.1,6300.0,1.0,937.0,33058,Meta,1.9792026640696176
2026-05-03,2026-05,Growify | TOF | Sale | India,IN,2221.56,0.0,0.0,207.0,18252,Meta,0.0
2026-05-03,2026-05,Growify | TOF | Sale | US,US,1805.08,26850.0,1.0,42.0,739,Meta,14.87468699448224
2026-05-03,2026-05,Growify | TOF | Sales | India | Open,IN,1153.43,0.0,0.0,279.0,42459,Meta,0.0
2026-05-04,2026-05,Conv | Tof | Multicategory | INT | Direct | Growify,CA,2167.2400000000002,0.0,0.0,92.0,2403,Meta,0.0
2026-05-04,2026-05,Growify | MOF & BOF | Sale | India +intl,IN,2824.9700000000003,10500.0,1.0,1029.0,42104,Meta,3.7168536303040383
2026-05-04,2026-05,Growify | MOF & BOF | Sale | India +intl,unknown,0.0,0.0,0.0,0.0,0,Meta,0.0
2026-05-04,2026-05,Growify | TOF | Sale | India,IN,1732.6100000000001,0.0,0.0,353.0,32550,Meta,0.0
2026-05-04,2026-05,Growify | TOF | Sale | US,US,429.98,0.0,0.0,12.0,183,Meta,0.0
2026-05-04,2026-05,Growify | TOF | Sales | India | Open,IN,1028.14,0.0,0.0,259.0,35436,Meta,0.0
2026-05-05,2026-05,Conv | Tof | Multicategory | INT | Direct | Growify,CA,5932.24,9000.0,1.0,225.0,6894,Meta,1.517133494261864
2026-05-05,2026-05,Growify | MOF & BOF | Sale | India +intl,IN,10982.0,23200.0,2.0,4350.0,152560,Meta,2.1125478054999087
2026-05-05,2026-05,Growify | MOF & BOF | Sale | India +intl,unknown,0.01,0.0,0.0,0.0,1,Meta,0.0
2026-05-05,2026-05,Growify | TOF | Sale | India,IN,7811.200000000001,0.0,0.0,1089.0,90539,Meta,0.0
2026-05-05,2026-05,Growify | TOF | Sale | US,US,3285.29,0.0,0.0,61.0,1333,Meta,0.0
2026-05-05,2026-05,Growify | TOF | Sale | US,unknown,0.0,0.0,0.0,0.0,0,Meta,0.0
2026-05-05,2026-05,Growify | TOF | Sales | India | Open,IN,5192.92,0.0,0.0,1439.0,204736,Meta,0.0
2026-05-05,2026-05,Growify | TOF | Sales | India | Open,unknown,0.02,0.0,0.0,0.0,2,Meta,0.0
2026-05-06,2026-05,Conv | Tof | Multicategory | INT | Direct | Growify,CA,6065.16,0.0,0.0,240.0,6246,Meta,0.0
2026-05-06,2026-05,Growify | MOF & BOF | Sale | India +intl,IN,12608.8,6300.0,1.0,3482.0,125391,Meta,0.49965103737072525
2026-05-06,2026-05,Growify | MOF & BOF | Sale | India +intl,unknown,0.0,0.0,0.0,0.0,0,Meta,0.0
2026-05-06,2026-05,Growify | TOF | Sale | India,IN,7460.42,0.0,0.0,970.0,55353,Meta,0.0
2026-05-06,2026-05,Growify | TOF | Sale | US,US,3904.04,0.0,0.0,89.0,1420,Meta,0.0
2026-05-06,2026-05,Growify | TOF | Sales | India | Open,IN,4741.889999999999,0.0,0.0,1018.0,105160,Meta,0.0
2026-05-07,2026-05,Conv | Tof | Multicategory | INT | Direct | Growify,CA,8979.86,0.0,0.0,267.0,8741,Meta,0.0
2026-05-07,2026-05,Growify | MOF & BOF | Sale | India +intl,IN,13564.45,33750.0,1.0,3546.0,129714,Meta,2.4881215235413157
2026-05-07,2026-05,Growify | MOF & BOF | Sale | India +intl,unknown,0.0,0.0,0.0,0.0,0,Meta,0.0
2026-05-07,2026-05,Growify | TOF | Sale | India,IN,6477.400000000001,0.0,0.0,546.0,29081,Meta,0.0
2026-05-07,2026-05,Growify | TOF | Sale | US,US,3394.42,0.0,0.0,78.0,1424,Meta,0.0
2026-05-07,2026-05,Growify | TOF | Sales | India | Open,IN,5348.75,15750.0,1.0,1333.0,144920,Meta,2.944613227389577
2026-05-07,2026-05,Growify | TOF | Sales | India | Open,unknown,0.0,0.0,0.0,0.0,0,Meta,0.0
2026-05-08,2026-05,Conv | Tof | Multicategory | INT | Direct | Growify,CA,3888.28,0.0,0.0,119.0,3517,Meta,0.0
2026-05-08,2026-05,Conv | Tof | Multicategory | INT | Direct | Growify,US,1281.58,0.0,0.0,36.0,459,Meta,0.0
2026-05-08,2026-05,Growify | MOF & BOF | Sale | India +intl,CA,121.06,0.0,0.0,15.0,601,Meta,0.0
2026-05-08,2026-05,Growify | MOF & BOF | Sale | India +intl,IN,2337.21,5670.0,1.0,570.0,21681,Meta,2.425969425083754
2026-05-08,2026-05,Growify | MOF & BOF | Sale | India +intl,US,512.6,0.0,0.0,14.0,283,Meta,0.0
2026-05-08,2026-05,Growify | MOF & BOF | Sale | India +intl,unknown,0.0,0.0,0.0,0.0,0,Meta,0.0
2026-05-08,2026-05,Growify | TOF | Sale | India,IN,3336.52,0.0,0.0,415.0,25118,Meta,0.0
2026-05-08,2026-05,Growify | TOF | Sale | US,CA,413.15,0.0,0.0,14.0,446,Meta,0.0
2026-05-08,2026-05,Growify | TOF | Sale | US,US,1798.14,0.0,0.0,21.0,690,Meta,0.0
2026-05-08,2026-05,Growify | TOF | Sales | India | Open,IN,1235.1100000000001,0.0,0.0,366.0,30668,Meta,0.0
2026-05-08,2026-05,Growify | TOF | Sales | India | Open,unknown,0.0,0.0,0.0,0.0,0,Meta,0.0
2026-05-09,2026-05,Conv | Tof | Multicategory | INT | Direct | Growify,CA,2564.66,0.0,0.0,65.0,2034,Meta,0.0
2026-05-09,2026-05,Conv | Tof | Multicategory | INT | Direct | Growify,US,2006.3400000000001,0.0,0.0,63.0,757,Meta,0.0
2026-05-09,2026-05,Growify | MOF & BOF | Sale | India +intl,CA,318.761416,0.0,0.0,23.0,1221,Meta,0.0
2026-05-09,2026-05,Growify | MOF & BOF | Sale | India +intl,IN,3336.229911,0.0,0.0,761.0,24108,Meta,0.0
2026-05-09,2026-05,Growify | MOF & BOF | Sale | India +intl,US,685.888673,0.0,0.0,25.0,570,Meta,0.0
2026-05-09,2026-05,Growify | TOF | Sale | India,IN,6886.9400000000005,0.0,0.0,732.0,36119,Meta,0.0
2026-05-09,2026-05,Growify | TOF | Sale | US,CA,1593.77,0.0,0.0,45.0,1262,Meta,0.0
2026-05-09,2026-05,Growify | TOF | Sale | US,US,2616.59,0.0,0.0,43.0,1101,Meta,0.0
2026-05-09,2026-05,Growify | TOF | Sales | India | Open,IN,2292.76,0.0,0.0,430.0,42633,Meta,0.0
2026-05-09,2026-05,Growify | TOF | Sales | India | Open,unknown,0.0,0.0,0.0,0.0,0,Meta,0.0
2026-05-10,2026-05,Conv | Tof | Multicategory | INT | Direct | Growify,CA,1614.93,0.0,0.0,46.0,1684,Meta,0.0
2026-05-10,2026-05,Conv | Tof | Multicategory | INT | Direct | Growify,US,1710.87,32805.0,1.0,46.0,584,Meta,19.17445510179032
2026-05-10,2026-05,Growify | MOF & BOF | Sale | India +intl,CA,184.20999999999998,0.0,0.0,17.0,722,Meta,0.0
2026-05-10,2026-05,Growify | MOF & BOF | Sale | India +intl,IN,1478.37,0.0,0.0,233.0,9705,Meta,0.0
2026-05-10,2026-05,Growify | MOF & BOF | Sale | India +intl,US,461.14,0.0,0.0,12.0,359,Meta,0.0
2026-05-10,2026-05,Growify | TOF | Sale | India,IN,1975.1200000000001,0.0,0.0,164.0,9537,Meta,0.0
2026-05-10,2026-05,Growify | TOF | Sale | US,CA,470.96999999999997,0.0,0.0,16.0,464,Meta,0.0
2026-05-10,2026-05,Growify | TOF | Sale | US,US,966.63,0.0,0.0,10.0,433,Meta,0.0
2026-05-10,2026-05,Growify | TOF | Sales | India | Open,IN,956.629999,0.0,0.0,132.0,13335,Meta,0.0
2026-05-11,2026-05,Conv | Tof | Multicategory | INT | Direct | Growify,CA,0.0,21750.0,1.0,0.0,0,Meta,0.0
2026-05-11,2026-05,Conv | Tof | Multicategory | INT | Direct | Growify,US,0.0,0.0,0.0,0.0,0,Meta,0.0
2026-05-11,2026-05,Growify | MOF & BOF | Sale | India +intl,IN,0.0,0.0,0.0,0.0,0,Meta,0.0
2026-05-11,2026-05,Growify | TOF | Sale | India,IN,0.0,0.0,0.0,0.0,0,Meta,0.0
2026-05-11,2026-05,Growify | TOF | Sale | US,US,0.0,0.0,0.0,0.0,0,Meta,0.0
2026-05-11,2026-05,Growify | TOF | Sales | India | Open,IN,0.0,0.0,0.0,0.0,0,Meta,0.0
2026-05-12,2026-05,Conv | Tof | Multicategory | INT | Direct | Growify,CA,1428.0900000000001,26600.0,1.0,42.0,1480,Meta,18.626277055367655
2026-05-12,2026-05,Conv | Tof | Multicategory | INT | Direct | Growify,US,1125.73,0.0,0.0,39.0,417,Meta,0.0
2026-05-12,2026-05,Conv | Tof | Multicategory | INT | Direct | Growify,unknown,0.0,0.0,0.0,0.0,0,Meta,0.0
2026-05-12,2026-05,Growify | MOF & BOF | Sale | India +intl,CA,193.024947,0.0,0.0,28.0,577,Meta,0.0
2026-05-12,2026-05,Growify | MOF & BOF | Sale | India +intl,IN,3494.758026,10150.0,1.0,663.0,29543,Meta,2.904349864707915
2026-05-12,2026-05,Growify | MOF & BOF | Sale | India +intl,US,339.037027,0.0,0.0,7.0,221,Meta,0.0
2026-05-12,2026-05,Growify | MOF & BOF | Sale | India +intl,unknown,0.0,0.0,0.0,0.0,0,Meta,0.0
2026-05-12,2026-05,Growify | TOF | Sale | India,IN,3998.8,0.0,0.0,349.0,20869,Meta,0.0
2026-05-12,2026-05,Growify | TOF | Sale | US,CA,317.26,0.0,0.0,11.0,310,Meta,0.0
2026-05-12,2026-05,Growify | TOF | Sale | US,US,790.15,0.0,0.0,19.0,248,Meta,0.0
2026-05-12,2026-05,Growify | TOF | Sales | India | Open,IN,2272.41,0.0,0.0,294.0,23363,Meta,0.0
2026-05-13,2026-05,Conv | Tof | Multicategory | INT | Direct | Growify,CA,3724.64,0.0,0.0,99.0,3148,Meta,0.0
2026-05-13,2026-05,Conv | Tof | Multicategory | INT | Direct | Growify,US,4127.71,0.0,0.0,106.0,1742,Meta,0.0
2026-05-13,2026-05,Growify | MOF & BOF | Sale | India +intl,CA,360.48192099999994,0.0,0.0,42.0,1308,Meta,0.0
2026-05-13,2026-05,Growify | MOF & BOF | Sale | India +intl,IN,6628.150632,0.0,0.0,1284.0,46599,Meta,0.0
2026-05-13,2026-05,Growify | MOF & BOF | Sale | India +intl,US,1415.727447,0.0,0.0,32.0,768,Meta,0.0
2026-05-13,2026-05,Growify | TOF | Sale | India,IN,7590.32,0.0,0.0,520.0,26384,Meta,0.0
2026-05-13,2026-05,Growify | TOF | Sale | US,CA,1325.3025429999998,0.0,0.0,26.0,1060,Meta,0.0
2026-05-13,2026-05,Growify | TOF | Sale | US,US,3214.877457,0.0,0.0,74.0,1156,Meta,0.0
2026-05-13,2026-05,Growify | TOF | Sales | India | Open,IN,3689.06,10500.0,1.0,578.0,59378,Meta,2.846253517156132
2026-05-14,2026-05,Conv | Tof | Multicategory | INT | Direct | Growify,CA,1971.6,0.0,0.0,59.0,1651,Meta,0.0
2026-05-14,2026-05,Conv | Tof | Multicategory | INT | Direct | Growify,US,2433.9700000000003,0.0,0.0,43.0,728,Meta,0.0
2026-05-14,2026-05,Growify | MOF & BOF | Sale | India +intl,CA,174.821269,0.0,0.0,24.0,677,Meta,0.0
2026-05-14,2026-05,Growify | MOF & BOF | Sale | India +intl,IN,1808.867079,0.0,0.0,396.0,12861,Meta,0.0
2026-05-14,2026-05,Growify | MOF & BOF | Sale | India +intl,US,1060.021653,0.0,0.0,24.0,613,Meta,0.0
2026-05-14,2026-05,Growify | TOF | Sale | India,IN,2375.589999,0.0,0.0,169.0,10633,Meta,0.0
2026-05-14,2026-05,Growify | TOF | Sale | US,CA,667.53,0.0,0.0,14.0,566,Meta,0.0
2026-05-14,2026-05,Growify | TOF | Sale | US,US,1514.5700000000002,0.0,0.0,29.0,547,Meta,0.0
2026-05-14,2026-05,Growify | TOF | Sales | India | Open,IN,1276.4,0.0,0.0,250.0,36394,Meta,0.0
2026-05-15,2026-05,Conv | Tof | Multicategory | INT | Direct | Growify,CA,0.0,0.0,0.0,0.0,0,Meta,0.0
2026-05-15,2026-05,Conv | Tof | Multicategory | INT | Direct | Growify,US,0.0,0.0,0.0,0.0,0,Meta,0.0
2026-05-15,2026-05,Growify | MOF & BOF | Sale | India +intl,IN,0.0,0.0,0.0,0.0,0,Meta,0.0
2026-05-15,2026-05,Growify | MOF & BOF | Sale | India +intl,US,0.0,0.0,0.0,0.0,0,Meta,0.0
2026-05-15,2026-05,Growify | TOF | Sale | India,IN,0.0,0.0,0.0,0.0,0,Meta,0.0
2026-05-15,2026-05,Growify | TOF | Sale | US,CA,0.0,0.0,0.0,0.0,0,Meta,0.0
2026-05-15,2026-05,Growify | TOF | Sale | US,US,0.0,0.0,0.0,0.0,0,Meta,0.0
2026-05-15,2026-05,Growify | TOF | Sales | India | Open,IN,0.0,0.0,0.0,0.0,0,Meta,0.0
2026-05-16,2026-05,Conv | Tof | Multicategory | INT | Direct | Growify,CA,4052.57,0.0,0.0,106.0,4084,Meta,0.0
2026-05-16,2026-05,Conv | Tof | Multicategory | INT | Direct | Growify,US,5039.49,0.0,0.0,108.0,1747,Meta,0.0
2026-05-16,2026-05,Growify | MOF & BOF | Sale | India +intl,CA,360.089952,0.0,0.0,20.0,678,Meta,0.0
2026-05-16,2026-05,Growify | MOF & BOF | Sale | India +intl,IN,7043.819187,0.0,0.0,1682.0,64251,Meta,0.0
2026-05-16,2026-05,Growify | MOF & BOF | Sale | India +intl,US,1287.5508599999998,42120.0,1.0,30.0,524,Meta,32.71327083731668
2026-05-16,2026-05,Growify | MOF & BOF | Sale | India +intl,unknown,0.0,0.0,0.0,0.0,0,Meta,0.0
2026-05-16,2026-05,Growify | TOF | Sale | India,IN,8258.49,0.0,0.0,890.0,49096,Meta,0.0
2026-05-16,2026-05,Growify | TOF | Sale | US,CA,719.8100000000001,0.0,0.0,16.0,706,Meta,0.0
2026-05-16,2026-05,Growify | TOF | Sale | US,US,4066.42,0.0,0.0,57.0,1070,Meta,0.0
2026-05-16,2026-05,Growify | TOF | Sales | India | Open,IN,4293.64,0.0,0.0,811.0,84759,Meta,0.0
2026-05-17,2026-05,Conv | Tof | Multicategory | INT | Direct | Growify,CA,3310.09,0.0,0.0,98.0,3124,Meta,0.0
2026-05-17,2026-05,Conv | Tof | Multicategory | INT | Direct | Growify,US,2450.11,0.0,0.0,46.0,963,Meta,0.0
2026-05-17,2026-05,Growify | MOF & BOF | Sale | India +intl,CA,558.72,0.0,0.0,29.0,1355,Meta,0.0
2026-05-17,2026-05,Growify | MOF & BOF | Sale | India +intl,IN,4936.22,0.0,0.0,1141.0,36194,Meta,0.0
2026-05-17,2026-05,Growify | MOF & BOF | Sale | India +intl,US,1526.92,0.0,0.0,31.0,953,Meta,0.0
2026-05-17,2026-05,Growify | TOF | Sale | India,IN,5777.97,0.0,0.0,408.0,28097,Meta,0.0
2026-05-17,2026-05,Growify | TOF | Sale | US,CA,808.26,0.0,0.0,25.0,525,Meta,0.0
2026-05-17,2026-05,Growify | TOF | Sale | US,US,2394.9300000000003,0.0,0.0,41.0,766,Meta,0.0
2026-05-17,2026-05,Growify | TOF | Sales | India | Open,IN,2435.9599989999997,0.0,0.0,417.0,53031,Meta,0.0
2026-05-18,2026-05,Conv | Tof | Multicategory | INT | Direct | Growify,CA,0.0,0.0,0.0,0.0,0,Meta,0.0
2026-05-18,2026-05,Conv | Tof | Multicategory | INT | Direct | Growify,US,0.0,0.0,0.0,0.0,0,Meta,0.0
2026-05-18,2026-05,Growify | MOF & BOF | Sale | India +intl,CA,0.0,0.0,0.0,0.0,0,Meta,0.0
2026-05-18,2026-05,Growify | MOF & BOF | Sale | India +intl,IN,0.0,0.0,0.0,0.0,0,Meta,0.0
2026-05-18,2026-05,Growify | MOF & BOF | Sale | India +intl,US,0.0,0.0,0.0,0.0,0,Meta,0.0
2026-05-18,2026-05,Growify | TOF | Sale | India,IN,0.0,0.0,0.0,0.0,0,Meta,0.0
2026-05-18,2026-05,Growify | TOF | Sale | US,CA,0.0,0.0,0.0,0.0,0,Meta,0.0
2026-05-18,2026-05,Growify | TOF | Sale | US,US,0.0,0.0,0.0,0.0,0,Meta,0.0
2026-05-18,2026-05,Growify | TOF | Sales | India | Open,IN,0.0,0.0,0.0,0.0,0,Meta,0.0
2026-05-19,2026-05,Conv | Tof | Multicategory | INT | Direct | Growify,CA,780.9,0.0,0.0,31.0,811,Meta,0.0
2026-05-19,2026-05,Conv | Tof | Multicategory | INT | Direct | Growify,US,587.2,0.0,0.0,7.0,198,Meta,0.0
2026-05-19,2026-05,Growify | MOF & BOF | Sale | India +intl,CA,134.534118,16850.0,1.0,15.0,475,Meta,125.24703956508638
2026-05-19,2026-05,Growify | MOF & BOF | Sale | India +intl,IN,1893.704931,0.0,0.0,691.0,25400,Meta,0.0
2026-05-19,2026-05,Growify | MOF & BOF | Sale | India +intl,US,259.090951,0.0,0.0,9.0,204,Meta,0.0
2026-05-19,2026-05,Growify | MOF & BOF | Sale | India +intl,unknown,0.0,0.0,0.0,0.0,0,Meta,0.0
2026-05-19,2026-05,Growify | TOF | Sale | India,IN,1954.85,23054.5,1.0,245.0,16228,Meta,11.793487991405991
2026-05-19,2026-05,Growify | TOF | Sale | US,CA,277.956173,0.0,0.0,8.0,242,Meta,0.0
2026-05-19,2026-05,Growify | TOF | Sale | US,US,598.353827,0.0,0.0,6.0,283,Meta,0.0
2026-05-19,2026-05,Growify | TOF | Sale | US,unknown,0.0,0.0,0.0,0.0,0,Meta,0.0
2026-05-19,2026-05,Growify | TOF | Sales | India | Open,IN,1083.83,0.0,0.0,243.0,31688,Meta,0.0
2026-05-19,2026-05,Growify | TOF | Sales | India | Open,unknown,0.0,0.0,0.0,0.0,1,Meta,0.0
2026-05-20,2026-05,Conv | Tof | Multicategory | INT | Direct | Growify,CA,2192.2799999999997,0.0,0.0,88.0,1997,Meta,0.0
2026-05-20,2026-05,Conv | Tof | Multicategory | INT | Direct | Growify,US,1290.09,0.0,0.0,26.0,504,Meta,0.0
2026-05-20,2026-05,Growify | MOF & BOF | Sale | India +intl,CA,266.77740900000003,0.0,0.0,29.0,1042,Meta,0.0
2026-05-20,2026-05,Growify | MOF & BOF | Sale | India +intl,IN,3803.239611,0.0,0.0,1781.0,59695,Meta,0.0
2026-05-20,2026-05,Growify | MOF & BOF | Sale | India +intl,US,635.09298,0.0,0.0,24.0,528,Meta,0.0
2026-05-20,2026-05,Growify | TOF | Sale | India,IN,3822.2799999999997,0.0,0.0,367.0,29944,Meta,0.0
2026-05-20,2026-05,Growify | TOF | Sale | US,CA,863.5,4418.4,1.0,19.0,660,Meta,5.116850028951939
2026-05-20,2026-05,Growify | TOF | Sale | US,US,1533.6899999999998,0.0,0.0,22.0,610,Meta,0.0
2026-05-20,2026-05,Growify | TOF | Sales | India | Open,IN,2363.76,0.0,0.0,865.0,56471,Meta,0.0
2026-05-20,2026-05,Growify | TOF | Sales | India | Open,unknown,0.0,0.0,0.0,0.0,0,Meta,0.0
2026-05-21,2026-05,Conv | Tof | Multicategory | INT | Direct | Growify,CA,2212.81,0.0,0.0,69.0,1925,Meta,0.0
2026-05-21,2026-05,Conv | Tof | Multicategory | INT | Direct | Growify,GB,316.22,0.0,0.0,17.0,175,Meta,0.0
2026-05-21,2026-05,Conv | Tof | Multicategory | INT | Direct | Growify,US,1620.07,0.0,0.0,25.0,416,Meta,0.0
2026-05-21,2026-05,Growify | MOF & BOF | Sale | India +intl,CA,197.56967400000002,0.0,0.0,26.0,993,Meta,0.0
2026-05-21,2026-05,Growify | MOF & BOF | Sale | India +intl,IN,2935.7558820000004,0.0,0.0,1917.0,72007,Meta,0.0
2026-05-21,2026-05,Growify | MOF & BOF | Sale | India +intl,US,568.1344429999999,0.0,0.0,17.0,470,Meta,0.0
2026-05-21,2026-05,Growify | TOF | Sale | India,IN,2396.63,0.0,0.0,296.0,28159,Meta,0.0
2026-05-21,2026-05,Growify | TOF | Sale | US,CA,488.91999999999996,0.0,0.0,16.0,481,Meta,0.0
2026-05-21,2026-05,Growify | TOF | Sale | US,GB,382.91999999999996,0.0,0.0,21.0,254,Meta,0.0
2026-05-21,2026-05,Growify | TOF | Sale | US,US,1833.75,0.0,0.0,11.0,438,Meta,0.0
2026-05-21,2026-05,Growify | TOF | Sales | India | Open,IN,1953.1499999999999,0.0,0.0,1407.0,33215,Meta,0.0
2026-05-22,2026-05,Conv | Tof | Multicategory | INT | Direct | Growify,CA,1009.65,0.0,0.0,34.0,989,Meta,0.0
2026-05-22,2026-05,Conv | Tof | Multicategory | INT | Direct | Growify,GB,624.51,0.0,0.0,25.0,361,Meta,0.0
2026-05-22,2026-05,Conv | Tof | Multicategory | INT | Direct | Growify,US,1694.26,0.0,0.0,34.0,592,Meta,0.0
2026-05-22,2026-05,Growify | MOF & BOF | Sale | India +intl,CA,165.02,0.0,0.0,12.0,609,Meta,0.0
2026-05-22,2026-05,Growify | MOF & BOF | Sale | India +intl,IN,2234.09,0.0,0.0,1165.0,44309,Meta,0.0
2026-05-22,2026-05,Growify | MOF & BOF | Sale | India +intl,US,814.49,0.0,0.0,11.0,308,Meta,0.0
2026-05-22,2026-05,Growify | MOF & BOF | Sale | India +intl,unknown,0.0,0.0,0.0,0.0,0,Meta,0.0
2026-05-22,2026-05,Growify | TOF | Sale | India,IN,1814.17,0.0,0.0,237.0,19641,Meta,0.0
2026-05-22,2026-05,Growify | TOF | Sale | US,CA,582.27,0.0,0.0,21.0,445,Meta,0.0
2026-05-22,2026-05,Growify | TOF | Sale | US,GB,349.42,0.0,0.0,14.0,214,Meta,0.0
2026-05-22,2026-05,Growify | TOF | Sale | US,US,899.81,0.0,0.0,10.0,284,Meta,0.0
2026-05-22,2026-05,Growify | TOF | Sales | India | Open,IN,1736.73,0.0,0.0,1674.0,68472,Meta,0.0
2026-05-23,2026-05,Conv | Tof | Multicategory | INT | Direct | Growify,CA,0.0,0.0,0.0,0.0,0,Meta,0.0
2026-05-23,2026-05,Conv | Tof | Multicategory | INT | Direct | Growify,GB,353.07,0.0,0.0,17.0,200,Meta,0.0
2026-05-23,2026-05,Conv | Tof | Multicategory | INT | Direct | Growify,US,1587.32,0.0,0.0,36.0,545,Meta,0.0
2026-05-23,2026-05,Growify | MOF & BOF | Sale | India +intl,CA,155.01,15050.0,1.0,7.0,456,Meta,97.09051028965874
2026-05-23,2026-05,Growify | MOF & BOF | Sale | India +intl,IN,1894.3167349999999,0.0,0.0,667.0,30515,Meta,0.0
2026-05-23,2026-05,Growify | MOF & BOF | Sale | India +intl,US,240.113265,0.0,0.0,7.0,209,Meta,0.0
2026-05-23,2026-05,Growify | MOF & BOF | Sale | India +intl,unknown,0.0,0.0,0.0,0.0,0,Meta,0.0
2026-05-23,2026-05,Growify | TOF | Sale | India,IN,1527.75,0.0,0.0,195.0,14808,Meta,0.0
2026-05-23,2026-05,Growify | TOF | Sale | US,CA,433.11,0.0,0.0,18.0,369,Meta,0.0
2026-05-23,2026-05,Growify | TOF | Sale | US,GB,208.92000000000002,0.0,0.0,6.0,97,Meta,0.0
2026-05-23,2026-05,Growify | TOF | Sale | US,US,418.84,0.0,0.0,6.0,186,Meta,0.0
2026-05-23,2026-05,Growify | TOF | Sales | India | Open,IN,1304.29,0.0,0.0,1681.0,55625,Meta,0.0
2026-05-24,2026-05,Conv | Tof | Multicategory | INT | Direct | Growify,CA,0.0,0.0,0.0,0.0,0,Meta,0.0
2026-05-24,2026-05,Conv | Tof | Multicategory | INT | Direct | Growify,GB,89.29,0.0,0.0,4.0,44,Meta,0.0
2026-05-24,2026-05,Conv | Tof | Multicategory | INT | Direct | Growify,US,123.93,0.0,0.0,5.0,60,Meta,0.0
2026-05-24,2026-05,Growify | MOF & BOF | Sale | India +intl,CA,0.19,0.0,0.0,0.0,1,Meta,0.0
2026-05-24,2026-05,Growify | MOF & BOF | Sale | India +intl,IN,7.59,0.0,0.0,2.0,66,Meta,0.0
2026-05-24,2026-05,Growify | MOF & BOF | Sale | India +intl,US,0.0,0.0,0.0,0.0,0,Meta,0.0
2026-05-24,2026-05,Growify | TOF | Sale | India,IN,3.1,0.0,0.0,0.0,30,Meta,0.0
2026-05-24,2026-05,Growify | TOF | Sale | US,CA,2.4,0.0,0.0,0.0,2,Meta,0.0
2026-05-24,2026-05,Growify | TOF | Sale | US,US,1.32,0.0,0.0,0.0,2,Meta,0.0
2026-05-24,2026-05,Growify | TOF | Sales | India | Open,IN,65.56,0.0,0.0,9.0,187,Meta,0.0
2026-05-25,2026-05,Conv | Tof | Multicategory | INT | Direct | Growify,GB,489.29,0.0,0.0,11.0,288,Meta,0.0
2026-05-25,2026-05,Conv | Tof | Multicategory | INT | Direct | Growify,US,2187.33,0.0,0.0,43.0,713,Meta,0.0
2026-05-25,2026-05,Growify | MOF & BOF | Sale | India +intl,CA,306.44,0.0,0.0,26.0,942,Meta,0.0
2026-05-25,2026-05,Growify | MOF & BOF | Sale | India +intl,IN,3859.836222,10500.0,2.0,1278.0,66180,Meta,2.720322675908605
2026-05-25,2026-05,Growify | MOF & BOF | Sale | India +intl,US,600.7237769999999,0.0,0.0,6.0,436,Meta,0.0
2026-05-25,2026-05,Growify | TOF | Awareness| India + INTL | Pre- Buzz,CA,70.86999999999999,0.0,0.0,0.0,159,Meta,0.0
2026-05-25,2026-05,Growify | TOF | Awareness| India + INTL | Pre- Buzz,GB,60.91,0.0,0.0,0.0,67,Meta,0.0
2026-05-25,2026-05,Growify | TOF | Awareness| India + INTL | Pre- Buzz,IN,181.77,0.0,0.0,5.0,4231,Meta,0.0
2026-05-25,2026-05,Growify | TOF | Awareness| India + INTL | Pre- Buzz,US,3.86,0.0,0.0,0.0,5,Meta,0.0
2026-05-25,2026-05,Growify | TOF | Sale | India,IN,2803.06,0.0,0.0,394.0,31625,Meta,0.0
2026-05-25,2026-05,Growify | TOF | Sale | US,CA,912.58,0.0,0.0,35.0,977,Meta,0.0
2026-05-25,2026-05,Growify | TOF | Sale | US,GB,386.54,0.0,0.0,11.0,177,Meta,0.0
2026-05-25,2026-05,Growify | TOF | Sale | US,US,1505.47,0.0,0.0,18.0,515,Meta,0.0
2026-05-25,2026-05,Growify | TOF | Sales | India + INTL | Pre- Buzz,CA,0.9,0.0,0.0,0.0,2,Meta,0.0
2026-05-25,2026-05,Growify | TOF | Sales | India + INTL | Pre- Buzz,GB,8.199999,0.0,0.0,0.0,5,Meta,0.0
2026-05-25,2026-05,Growify | TOF | Sales | India + INTL | Pre- Buzz,IN,61.7,0.0,0.0,10.0,81,Meta,0.0
2026-05-25,2026-05,Growify | TOF | Sales | India + INTL | Pre- Buzz,US,1.97,0.0,0.0,0.0,1,Meta,0.0
2026-05-25,2026-05,Growify | TOF | Sales | India | Open,IN,2607.04,11900.0,1.0,3412.0,73153,Meta,4.564563643058794
2026-05-25,2026-05,Growify | TOF | Traffic | India + INTL | Pre- Buzz,CA,133.4,0.0,0.0,3.0,235,Meta,0.0
2026-05-25,2026-05,Growify | TOF | Traffic | India + INTL | Pre- Buzz,GB,77.17,0.0,0.0,7.0,114,Meta,0.0
2026-05-25,2026-05,Growify | TOF | Traffic | India + INTL | Pre- Buzz,IN,482.54,0.0,0.0,97.0,11061,Meta,0.0
2026-05-25,2026-05,Growify | TOF | Traffic | India + INTL | Pre- Buzz,US,37.33,0.0,0.0,1.0,34,Meta,0.0
2026-05-26,2026-05,Conv | Tof | Multicategory | INT | Direct | Growify,GB,217.76000000000002,0.0,0.0,10.0,127,Meta,0.0
2026-05-26,2026-05,Conv | Tof | Multicategory | INT | Direct | Growify,US,1719.9099999999999,0.0,0.0,35.0,560,Meta,0.0
2026-05-26,2026-05,Growify | MOF & BOF | Sale | India +intl,CA,248.03,24900.0,1.0,12.0,482,Meta,100.391081723985
2026-05-26,2026-05,Growify | MOF & BOF | Sale | India +intl,IN,2554.9300000000003,22450.0,2.0,682.0,32301,Meta,8.78693349719953
2026-05-26,2026-05,Growify | MOF & BOF | Sale | India +intl,US,621.6200000000001,0.0,0.0,7.0,267,Meta,0.0
2026-05-26,2026-05,Growify | MOF & BOF | Sale | India +intl,unknown,0.0,0.0,0.0,0.0,0,Meta,0.0
2026-05-26,2026-05,Growify | TOF | Awareness| India + INTL | Pre- Buzz,CA,366.26,0.0,0.0,4.0,1147,Meta,0.0
2026-05-26,2026-05,Growify | TOF | Awareness| India + INTL | Pre- Buzz,GB,352.51,0.0,0.0,0.0,629,Meta,0.0
2026-05-26,2026-05,Growify | TOF | Awareness| India + INTL | Pre- Buzz,IN,507.5,0.0,0.0,23.0,19374,Meta,0.0
2026-05-26,2026-05,Growify | TOF | Awareness| India + INTL | Pre- Buzz,US,349.78,0.0,0.0,0.0,506,Meta,0.0
2026-05-26,2026-05,Growify | TOF | Sale | India,IN,1994.32,0.0,0.0,304.0,26637,Meta,0.0
2026-05-26,2026-05,Growify | TOF | Sale | US,CA,743.3599999999999,0.0,0.0,19.0,662,Meta,0.0
2026-05-26,2026-05,Growify | TOF | Sale | US,GB,88.2,0.0,0.0,1.0,48,Meta,0.0
2026-05-26,2026-05,Growify | TOF | Sale | US,US,1239.44,33917.8,1.0,11.0,317,Meta,27.365423094300652
2026-05-26,2026-05,Growify | TOF | Sales | India + INTL | Pre- Buzz,CA,399.94000000000005,0.0,0.0,20.0,309,Meta,0.0
2026-05-26,2026-05,Growify | TOF | Sales | India + INTL | Pre- Buzz,GB,501.36,0.0,0.0,22.0,314,Meta,0.0
2026-05-26,2026-05,Growify | TOF | Sales | India + INTL | Pre- Buzz,IN,508.34000000000003,0.0,0.0,65.0,797,Meta,0.0
2026-05-26,2026-05,Growify | TOF | Sales | India + INTL | Pre- Buzz,US,472.88,0.0,0.0,9.0,206,Meta,0.0
2026-05-26,2026-05,Growify | TOF | Sales | India | Open,IN,1955.14,0.0,0.0,2875.0,59683,Meta,0.0
2026-05-26,2026-05,Growify | TOF | Traffic | India + INTL | Pre- Buzz,CA,645.11,0.0,0.0,46.0,1266,Meta,0.0
2026-05-26,2026-05,Growify | TOF | Traffic | India + INTL | Pre- Buzz,GB,319.71,0.0,0.0,36.0,426,Meta,0.0
2026-05-26,2026-05,Growify | TOF | Traffic | India + INTL | Pre- Buzz,IN,708.4300000000001,0.0,0.0,146.0,14181,Meta,0.0
2026-05-26,2026-05,Growify | TOF | Traffic | India + INTL | Pre- Buzz,US,311.46000000000004,0.0,0.0,18.0,294,Meta,0.0
2026-05-27,2026-05,Conv | Tof | Multicategory | INT | Direct | Growify,CA,808.53,0.0,0.0,42.0,919,Meta,0.0
2026-05-27,2026-05,Conv | Tof | Multicategory | INT | Direct | Growify,GB,575.69,0.0,0.0,20.0,290,Meta,0.0
2026-05-27,2026-05,Conv | Tof | Multicategory | INT | Direct | Growify,US,1732.0,0.0,0.0,43.0,605,Meta,0.0
2026-05-27,2026-05,Growify | MOF & BOF | Sale | India +intl,CA,120.89749499999999,0.0,0.0,17.0,592,Meta,0.0
2026-05-27,2026-05,Growify | MOF & BOF | Sale | India +intl,IN,4477.555405,17556.0,2.0,1768.0,34365,Meta,3.920889506000429
2026-05-27,2026-05,Growify | MOF & BOF | Sale | India +intl,US,307.4771,0.0,0.0,25.0,252,Meta,0.0
2026-05-27,2026-05,Growify | MOF & BOF | Sale | India +intl,unknown,0.0,0.0,0.0,0.0,0,Meta,0.0
2026-05-27,2026-05,Growify | TOF | Awareness| India + INTL | Pre- Buzz,CA,0.01,0.0,0.0,0.0,1,Meta,0.0
2026-05-27,2026-05,Growify | TOF | Awareness| India + INTL | Pre- Buzz,IN,0.0,0.0,0.0,0.0,0,Meta,0.0
2026-05-27,2026-05,Growify | TOF | Sale | India,IN,3096.52,0.0,0.0,435.0,14035,Meta,0.0
2026-05-27,2026-05,Growify | TOF | Sale | US,CA,893.1800000000001,17945.98,1.0,62.0,989,Meta,20.092232248818824
2026-05-27,2026-05,Growify | TOF | Sale | US,GB,220.7,0.0,0.0,12.0,180,Meta,0.0
2026-05-27,2026-05,Growify | TOF | Sale | US,US,1184.1999999999998,0.0,0.0,25.0,435,Meta,0.0
2026-05-27,2026-05,Growify | TOF | Sale | US,unknown,0.0,0.0,0.0,0.0,0,Meta,0.0
2026-05-27,2026-05,Growify | TOF | Sales | India + INTL | Pre- Buzz,CA,95.6,0.0,0.0,3.0,69,Meta,0.0
2026-05-27,2026-05,Growify | TOF | Sales | India + INTL | Pre- Buzz,GB,112.38,0.0,0.0,8.0,75,Meta,0.0
2026-05-27,2026-05,Growify | TOF | Sales | India + INTL | Pre- Buzz,IN,242.15,0.0,0.0,34.0,409,Meta,0.0
2026-05-27,2026-05,Growify | TOF | Sales | India + INTL | Pre- Buzz,US,87.11,0.0,0.0,2.0,47,Meta,0.0
2026-05-27,2026-05,Growify | TOF | Sales | India | Open,IN,1740.54,12870.0,1.0,294.0,6707,Meta,7.394256954738185
2026-05-27,2026-05,Growify | TOF | Traffic | India + INTL | Pre- Buzz,IN,0.01,0.0,0.0,0.0,3,Meta,0.0
2026-05-28,2026-05,Conv | Tof | Multi Category | Ind | Direct | Growify |,IN,1126.2,15576.0,2.0,134.0,4388,Meta,13.830580713905167
2026-05-28,2026-05,Conv | Tof | Multicategory | CA | Direct | Growify,CA,1375.132943,0.0,0.0,52.0,1312,Meta,0.0
2026-05-28,2026-05,Conv | Tof | Multicategory | CA | Direct | Growify,US,15.467057,0.0,0.0,0.0,10,Meta,0.0
2026-05-28,2026-05,Conv | Tof | Multicategory | INT | Direct | Growify,CA,3755.4700000000003,0.0,0.0,155.0,3091,Meta,0.0
2026-05-28,2026-05,Conv | Tof | Multicategory | INT | Direct | Growify,GB,537.7,0.0,0.0,13.0,283,Meta,0.0
2026-05-28,2026-05,Conv | Tof | Multicategory | INT | Direct | Growify,US,2400.7,21450.0,1.0,39.0,791,Meta,8.934893989253135
2026-05-28,2026-05,Conv | Tof | Multicategory | US | Direct | Growify,US,1548.71,0.0,0.0,16.0,616,Meta,0.0
2026-05-28,2026-05,Growify | MOF & BOF | Sale | India +intl,CA,581.269972,117756.38,2.0,40.0,925,Meta,202.58466060930462
2026-05-28,2026-05,Growify | MOF & BOF | Sale | India +intl,IN,2803.260594,39442.92,4.0,349.0,8505,Meta,14.070372224552449
2026-05-28,2026-05,Growify | MOF & BOF | Sale | India +intl,US,1836.469435,0.0,0.0,56.0,746,Meta,0.0
2026-05-28,2026-05,Growify | TOF | Sale | India,IN,3034.16,28510.02,2.0,205.0,7393,Meta,9.39634692962797
2026-05-28,2026-05,Growify | TOF | Sale | US,CA,1202.32,10560.0,1.0,44.0,988,Meta,8.78301949564176
2026-05-28,2026-05,Growify | TOF | Sale | US,GB,285.4,0.0,0.0,11.0,134,Meta,0.0
2026-05-28,2026-05,Growify | TOF | Sale | US,US,1723.3200000000002,0.0,0.0,30.0,507,Meta,0.0
2026-05-28,2026-05,Growify | TOF | Sales | India + INTL | Pre- Buzz,CA,521.61,0.0,0.0,32.0,526,Meta,0.0
2026-05-28,2026-05,Growify | TOF | Sales | India + INTL | Pre- Buzz,GB,344.96,0.0,0.0,6.0,155,Meta,0.0
2026-05-28,2026-05,Growify | TOF | Sales | India + INTL | Pre- Buzz,IN,233.21,0.0,0.0,35.0,423,Meta,0.0
2026-05-28,2026-05,Growify | TOF | Sales | India + INTL | Pre- Buzz,US,452.879999,0.0,0.0,12.0,209,Meta,0.0
2026-05-28,2026-05,Growify | TOF | Sales | India | Open,IN,2529.29,45540.0,2.0,310.0,9100,Meta,18.005052801379044
2026-05-28,2026-05,Growify | TOF | Sales | India | Open,unknown,0.0,0.0,0.0,0.0,0,Meta,0.0
2026-05-28,2026-05,Growify | TOF | Sales | United Kingdom | EOSS,GB,1160.1599999999999,0.0,0.0,36.0,861,Meta,0.0
2026-05-29,2026-05,Conv | Tof | Multi Category | Ind | Direct | Growify |,IN,3879.3500000000004,3366.0,1.0,219.0,8018,Meta,0.8676711304728885
2026-05-29,2026-05,Conv | Tof | Multicategory | CA | Direct | Growify,CA,3665.6155740000004,0.0,0.0,112.0,3227,Meta,0.0
2026-05-29,2026-05,Conv | Tof | Multicategory | CA | Direct | Growify,US,31.394426,0.0,0.0,2.0,37,Meta,0.0
2026-05-29,2026-05,Conv | Tof | Multicategory | CA | Direct | Growify,unknown,0.0,0.0,0.0,0.0,0,Meta,0.0
2026-05-29,2026-05,Conv | Tof | Multicategory | INT | Direct | Growify,CA,3983.21,13027.0,1.0,93.0,2239,Meta,3.2704778306943396
2026-05-29,2026-05,Conv | Tof | Multicategory | INT | Direct | Growify,GB,398.75,0.0,0.0,11.0,245,Meta,0.0
2026-05-29,2026-05,Conv | Tof | Multicategory | INT | Direct | Growify,US,2497.89,0.0,0.0,39.0,719,Meta,0.0
2026-05-29,2026-05,Conv | Tof | Multicategory | US | Direct | Growify,US,3688.59,0.0,0.0,64.0,1603,Meta,0.0
2026-05-29,2026-05,Growify | MOF & BOF | Sale | India +intl,CA,2714.33,0.0,0.0,77.0,2280,Meta,0.0
2026-05-29,2026-05,Growify | MOF & BOF | Sale | India +intl,IN,2989.16,3960.0,1.0,355.0,12923,Meta,1.3247868966532403
2026-05-29,2026-05,Growify | MOF & BOF | Sale | India +intl,US,2297.48,0.0,0.0,53.0,762,Meta,0.0
2026-05-29,2026-05,Growify | TOF | Sale | India,IN,2777.95,0.0,0.0,147.0,6228,Meta,0.0
2026-05-29,2026-05,Growify | TOF | Sale | US,CA,956.63,20613.7,1.0,25.0,683,Meta,21.548247493806382
2026-05-29,2026-05,Growify | TOF | Sale | US,GB,243.94,0.0,0.0,7.0,132,Meta,0.0
2026-05-29,2026-05,Growify | TOF | Sale | US,US,1805.93,0.0,0.0,49.0,582,Meta,0.0
2026-05-29,2026-05,Growify | TOF | Sales | India | Open,IN,2616.38,112116.18,6.0,242.0,6756,Meta,42.85164234553084
2026-05-29,2026-05,Growify | TOF | Sales | United Kingdom | EOSS,GB,3829.23,0.0,0.0,110.0,2202,Meta,0.0
2026-05-30,2026-05,Conv | Tof | Multi Category | Ind | Direct | Growify |,IN,6059.219999999999,17127.0,2.0,1190.0,18612,Meta,2.826601443750186
2026-05-30,2026-05,Conv | Tof | Multicategory | CA | Direct | Growify,CA,7089.809998,0.0,0.0,237.0,6279,Meta,0.0
2026-05-30,2026-05,Conv | Tof | Multicategory | CA | Direct | Growify,US,50.190000000000005,0.0,0.0,3.0,45,Meta,0.0
2026-05-30,2026-05,Conv | Tof | Multicategory | CA | Direct | Growify,unknown,0.0,0.0,0.0,0.0,0,Meta,0.0
2026-05-30,2026-05,Conv | Tof | Multicategory | INT | Direct | Growify,CA,3291.96,107580.0,1.0,68.0,1832,Meta,32.67961943644516
2026-05-30,2026-05,Conv | Tof | Multicategory | INT | Direct | Growify,GB,591.0899989999999,0.0,0.0,16.0,243,Meta,0.0
2026-05-30,2026-05,Conv | Tof | Multicategory | INT | Direct | Growify,US,2475.87,0.0,0.0,31.0,845,Meta,0.0
2026-05-30,2026-05,Conv | Tof | Multicategory | US | Direct | Growify,US,7075.1900000000005,0.0,0.0,199.0,2846,Meta,0.0
2026-05-30,2026-05,Growify | MOF & BOF | Sale | India +intl,CA,2336.86,0.0,0.0,100.0,2546,Meta,0.0
2026-05-30,2026-05,Growify | MOF & BOF | Sale | India +intl,IN,2581.79,20460.0,2.0,306.0,13053,Meta,7.924734389706367
2026-05-30,2026-05,Growify | MOF & BOF | Sale | India +intl,US,1506.13,0.0,0.0,37.0,563,Meta,0.0
2026-05-30,2026-05,Growify | MOF & BOF | Sale | India +intl,unknown,0.0,0.0,0.0,0.0,0,Meta,0.0
2026-05-30,2026-05,Growify | TOF | Sale | India,IN,1929.03,6534.0,1.0,113.0,4199,Meta,3.3871946003950173
2026-05-30,2026-05,Growify | TOF | Sale | US,CA,721.59,0.0,0.0,14.0,465,Meta,0.0
2026-05-30,2026-05,Growify | TOF | Sale | US,GB,266.66,0.0,0.0,7.0,102,Meta,0.0
2026-05-30,2026-05,Growify | TOF | Sale | US,US,1178.09,0.0,0.0,25.0,432,Meta,0.0
2026-05-30,2026-05,Growify | TOF | Sales | India | Open,IN,2263.81,0.0,0.0,181.0,6260,Meta,0.0
2026-05-30,2026-05,Growify | TOF | Sales | United Kingdom | EOSS,GB,7192.91,0.0,0.0,214.0,4210,Meta,0.0
2026-05-31,2026-05,Conv | Tof | Multi Category | Ind | Direct | Growify |,IN,4004.6400000000003,69191.76,2.0,672.0,8957,Meta,17.27789763873906
2026-05-31,2026-05,Conv | Tof | Multicategory | CA | Direct | Growify,CA,4895.329999,12936.58,1.0,186.0,3885,Meta,2.642636962705811
2026-05-31,2026-05,Conv | Tof | Multicategory | CA | Direct | Growify,US,23.060000000000002,0.0,0.0,0.0,32,Meta,0.0
2026-05-31,2026-05,Conv | Tof | Multicategory | INT | Direct | Growify,CA,1872.19,0.0,0.0,39.0,929,Meta,0.0
2026-05-31,2026-05,Conv | Tof | Multicategory | INT | Direct | Growify,GB,295.58,0.0,0.0,6.0,101,Meta,0.0
2026-05-31,2026-05,Conv | Tof | Multicategory | INT | Direct | Growify,US,1490.68,16170.0,1.0,35.0,530,Meta,10.847398502696755
2026-05-31,2026-05,Conv | Tof | Multicategory | US | Direct | Growify,US,4992.4,0.0,0.0,124.0,1891,Meta,0.0
2026-05-31,2026-05,Growify | MOF & BOF | Sale | India +intl,CA,1977.8899999999999,0.0,0.0,73.0,2015,Meta,0.0
2026-05-31,2026-05,Growify | MOF & BOF | Sale | India +intl,IN,1679.87,0.0,0.0,191.0,8360,Meta,0.0
2026-05-31,2026-05,Growify | MOF & BOF | Sale | India +intl,US,1873.86,44476.0,1.0,45.0,674,Meta,23.734964191561804
2026-05-31,2026-05,Growify | TOF | Sale | India,IN,1717.1100000000001,9570.0,1.0,133.0,3975,Meta,5.573317958663102
2026-05-31,2026-05,Growify | TOF | Sale | US,CA,642.68,0.0,0.0,23.0,501,Meta,0.0
2026-05-31,2026-05,Growify | TOF | Sale | US,GB,335.46999999999997,0.0,0.0,17.0,158,Meta,0.0
2026-05-31,2026-05,Growify | TOF | Sale | US,US,1038.84,0.0,0.0,34.0,450,Meta,0.0
2026-05-31,2026-05,Growify | TOF | Sales | India + INTL | Pre- Buzz,IN,0.0,0.0,0.0,0.0,0,Meta,0.0
2026-05-31,2026-05,Growify | TOF | Sales | India | Open,IN,2834.73,4620.0,1.0,438.0,7456,Meta,1.629784847234128
2026-05-31,2026-05,Growify | TOF | Sales | United Kingdom | EOSS,GB,5110.11,0.0,0.0,153.0,2993,Meta,0.0
2026-06-01,2026-06,Conv | Tof | Multi Category | Ind | Direct | Growify |,IN,4347.32,69300.0,4.0,1033.0,14377,Meta,15.940855515582015
2026-06-01,2026-06,Conv | Tof | Multi Category | Ind | Direct | Growify |,unknown,0.0,0.0,0.0,0.0,0,Meta,0.0
2026-06-01,2026-06,Conv | Tof | Multicategory | CA | Direct | Growify,CA,3981.95,0.0,0.0,150.0,2942,Meta,0.0
2026-06-01,2026-06,Conv | Tof | Multicategory | CA | Direct | Growify,US,3.6900000000000004,0.0,0.0,0.0,7,Meta,0.0
2026-06-01,2026-06,Conv | Tof | Multicategory | INT | Direct | Growify,CA,793.78,0.0,0.0,27.0,584,Meta,0.0
2026-06-01,2026-06,Conv | Tof | Multicategory | INT | Direct | Growify,GB,323.52,0.0,0.0,6.0,186,Meta,0.0
2026-06-01,2026-06,Conv | Tof | Multicategory | INT | Direct | Growify,US,1326.86,0.0,0.0,19.0,351,Meta,0.0
2026-06-01,2026-06,Conv | Tof | Multicategory | US | Direct | Growify,US,4939.07,0.0,0.0,107.0,1648,Meta,0.0
2026-06-01,2026-06,Growify | MOF & BOF | Sale | India +intl,CA,397.98,0.0,0.0,18.0,677,Meta,0.0
2026-06-01,2026-06,Growify | MOF & BOF | Sale | India +intl,IN,1434.3700000000001,0.0,0.0,210.0,8669,Meta,0.0
2026-06-01,2026-06,Growify | MOF & BOF | Sale | India +intl,US,1210.59,0.0,0.0,16.0,337,Meta,0.0
2026-06-01,2026-06,Growify | TOF | Sale | India,IN,1440.21,0.0,0.0,86.0,4148,Meta,0.0
2026-06-01,2026-06,Growify | TOF | Sale | US,CA,437.7,0.0,0.0,8.0,424,Meta,0.0
2026-06-01,2026-06,Growify | TOF | Sale | US,GB,140.24,0.0,0.0,6.0,134,Meta,0.0
2026-06-01,2026-06,Growify | TOF | Sale | US,US,749.3599999999999,0.0,0.0,13.0,335,Meta,0.0
2026-06-01,2026-06,Growify | TOF | Sales | India | Open,IN,3188.1800000000003,0.0,0.0,1122.0,13860,Meta,0.0
2026-06-01,2026-06,Growify | TOF | Sales | United Kingdom | EOSS,GB,5082.15,28710.0,1.0,141.0,2799,Meta,5.649183908385231
2026-06-02,2026-06,Conv | Tof | Multi Category | Ind | Direct | Growify |,IN,4447.41,7590.0,1.0,806.0,11420,Meta,1.70661126363434
2026-06-02,2026-06,Conv | Tof | Multicategory | CA | Direct | Growify,CA,5587.64,103546.58,2.0,179.0,3657,Meta,18.5313620777287
2026-06-02,2026-06,Conv | Tof | Multicategory | CA | Direct | Growify,US,12.78,0.0,0.0,1.0,21,Meta,0.0
2026-06-02,2026-06,Conv | Tof | Multicategory | CA | Direct | Growify,unknown,0.0,0.0,0.0,0.0,0,Meta,0.0
2026-06-02,2026-06,Conv | Tof | Multicategory | INT | Direct | Growify,CA,2340.28,0.0,0.0,67.0,1243,Meta,0.0
2026-06-02,2026-06,Conv | Tof | Multicategory | INT | Direct | Growify,GB,272.450646,0.0,0.0,3.0,145,Meta,0.0
2026-06-02,2026-06,Conv | Tof | Multicategory | INT | Direct | Growify,US,1958.169354,0.0,0.0,22.0,551,Meta,0.0
2026-06-02,2026-06,Conv | Tof | Multicategory | US | Direct | Growify,US,5279.23,20790.0,1.0,118.0,1675,Meta,3.9380743025024487
2026-06-02,2026-06,Growify | MOF & BOF | Sale | India +intl,CA,2505.05,0.0,0.0,81.0,2882,Meta,0.0
2026-06-02,2026-06,Growify | MOF & BOF | Sale | India +intl,IN,2206.06,0.0,0.0,255.0,12704,Meta,0.0
2026-06-02,2026-06,Growify | MOF & BOF | Sale | India +intl,US,2331.3100000000004,17031.88,1.0,40.0,814,Meta,7.3057122390415685
2026-06-02,2026-06,Growify | TOF | Sale | India,IN,2481.79,0.0,0.0,140.0,7013,Meta,0.0
2026-06-02,2026-06,Growify | TOF | Sale | US,CA,672.7700000000001,0.0,0.0,22.0,730,Meta,0.0
2026-06-02,2026-06,Growify | TOF | Sale | US,GB,451.44,31870.0,1.0,16.0,210,Meta,70.59631401736665
2026-06-02,2026-06,Growify | TOF | Sale | US,US,1327.97,0.0,0.0,27.0,639,Meta,0.0
2026-06-02,2026-06,Growify | TOF | Sales | India | Open,IN,2408.55,5610.0,1.0,695.0,8042,Meta,2.3292022171015754
2026-06-02,2026-06,Growify | TOF | Sales | United Kingdom | EOSS,GB,5625.610000000001,0.0,0.0,228.0,2936,Meta,0.0
2026-06-03,2026-06,Conv | Tof | Multi Category | Ind | Direct | Growify |,IN,4223.469999,9570.0,1.0,1156.0,16516,Meta,2.2659093120741733
2026-06-03,2026-06,Conv | Tof | Multicategory | CA | Direct | Growify,CA,5217.01,0.0,0.0,203.0,3896,Meta,0.0
2026-06-03,2026-06,Conv | Tof | Multicategory | CA | Direct | Growify,US,11.530000000000001,0.0,0.0,4.0,16,Meta,0.0
2026-06-03,2026-06,Conv | Tof | Multicategory | CA | Direct | Growify,unknown,0.0,0.0,0.0,0.0,0,Meta,0.0
2026-06-03,2026-06,Conv | Tof | Multicategory | INT | Direct | Growify,CA,1814.04,0.0,0.0,49.0,1261,Meta,0.0
2026-06-03,2026-06,Conv | Tof | Multicategory | INT | Direct | Growify,GB,442.18,0.0,0.0,19.0,205,Meta,0.0
2026-06-03,2026-06,Conv | Tof | Multicategory | INT | Direct | Growify,US,1435.18,0.0,0.0,24.0,359,Meta,0.0
2026-06-03,2026-06,Conv | Tof | Multicategory | US | Direct | Growify,US,4087.449999,3366.0,1.0,101.0,1391,Meta,0.8234963120829604
2026-06-03,2026-06,Growify | MOF & BOF | Sale | India +intl,CA,2272.22,0.0,0.0,66.0,2768,Meta,0.0
2026-06-03,2026-06,Growify | MOF & BOF | Sale | India +intl,IN,2756.62,0.0,0.0,702.0,21592,Meta,0.0
2026-06-03,2026-06,Growify | MOF & BOF | Sale | India +intl,US,2506.72,0.0,0.0,61.0,774,Meta,0.0
2026-06-03,2026-06,Growify | TOF | Sale | India,IN,1717.93,0.0,0.0,134.0,5293,Meta,0.0
2026-06-03,2026-06,Growify | TOF | Sale | US,CA,643.5400000000001,0.0,0.0,20.0,691,Meta,0.0
2026-06-03,2026-06,Growify | TOF | Sale | US,GB,572.21,0.0,0.0,23.0,231,Meta,0.0
2026-06-03,2026-06,Growify | TOF | Sale | US,US,1204.43,0.0,0.0,24.0,554,Meta,0.0
2026-06-03,2026-06,Growify | TOF | Sales | India | Open,IN,1577.06,5940.0,1.0,579.0,6851,Meta,3.7665022256604064
2026-06-03,2026-06,Growify | TOF | Sales | United Kingdom | EOSS,GB,2692.45,0.0,0.0,95.0,1756,Meta,0.0
2026-06-04,2026-06,Conv | Tof | Multi Category | Ind | Direct | Growify |,IN,3973.73,14190.0,1.0,1632.0,23062,Meta,3.570952228762397
2026-06-04,2026-06,Conv | Tof | Multicategory | CA | Direct | Growify,CA,4693.16,9166.0,1.0,183.0,3733,Meta,1.9530550844207315
2026-06-04,2026-06,Conv | Tof | Multicategory | CA | Direct | Growify,US,16.14,0.0,0.0,0.0,9,Meta,0.0
2026-06-04,2026-06,Conv | Tof | Multicategory | INT | Direct | Growify,CA,1241.67,0.0,0.0,28.0,799,Meta,0.0
2026-06-04,2026-06,Conv | Tof | Multicategory | INT | Direct | Growify,GB,498.4,0.0,0.0,9.0,378,Meta,0.0
2026-06-04,2026-06,Conv | Tof | Multicategory | INT | Direct | Growify,US,626.87,37864.78,1.0,14.0,280,Meta,60.40292245601161
2026-06-04,2026-06,Conv | Tof | Multicategory | US | Direct | Growify,US,1762.6499999999999,18355.92,1.0,55.0,537,Meta,10.413820100416986
2026-06-04,2026-06,Growify | MOF & BOF | Sale | India +intl,CA,1804.15,20980.0,1.0,53.0,1764,Meta,11.6287448382895
2026-06-04,2026-06,Growify | MOF & BOF | Sale | India +intl,IN,3153.52,32670.0,1.0,952.0,18463,Meta,10.359851848093559
2026-06-04,2026-06,Growify | MOF & BOF | Sale | India +intl,US,1552.32,0.0,0.0,32.0,529,Meta,0.0
2026-06-04,2026-06,Growify | TOF | Sale | India,IN,1359.26,0.0,0.0,80.0,3902,Meta,0.0
2026-06-04,2026-06,Growify | TOF | Sale | US,CA,394.8,0.0,0.0,9.0,455,Meta,0.0
2026-06-04,2026-06,Growify | TOF | Sale | US,GB,283.96999999999997,0.0,0.0,8.0,208,Meta,0.0
2026-06-04,2026-06,Growify | TOF | Sale | US,US,1005.75,0.0,0.0,30.0,398,Meta,0.0
2026-06-04,2026-06,Growify | TOF | Sales | India | Open,IN,1152.76,3366.0,1.0,409.0,4830,Meta,2.919948644991152
2026-06-04,2026-06,Growify | TOF | Sales | United Kingdom | EOSS,GB,1174.6000000000001,13860.0,1.0,24.0,885,Meta,11.799761620977353
2026-06-05,2026-06,Conv | Tof | Multi Category | Ind | Direct | Growify |,IN,4203.7,0.0,0.0,1092.0,11540,Meta,0.0
2026-06-05,2026-06,Conv | Tof | Multi Category | Ind | Direct | Growify |,unknown,0.0,0.0,0.0,0.0,0,Meta,0.0
2026-06-05,2026-06,Conv | Tof | Multicategory | CA | Direct | Growify,CA,4800.697425,0.0,0.0,170.0,3157,Meta,0.0
2026-06-05,2026-06,Conv | Tof | Multicategory | CA | Direct | Growify,US,47.842575,0.0,0.0,0.0,24,Meta,0.0
2026-06-05,2026-06,Conv | Tof | Multicategory | INT | Direct | Growify,CA,1033.77,0.0,0.0,24.0,600,Meta,0.0
2026-06-05,2026-06,Conv | Tof | Multicategory | INT | Direct | Growify,GB,330.84,0.0,0.0,9.0,147,Meta,0.0
2026-06-05,2026-06,Conv | Tof | Multicategory | INT | Direct | Growify,US,941.56,0.0,0.0,15.0,298,Meta,0.0
2026-06-05,2026-06,Conv | Tof | Multicategory | US | Direct | Growify,US,2374.7799999999997,17787.0,1.0,61.0,714,Meta,7.489956964434601
2026-06-05,2026-06,Growify | MOF & BOF | Sale | India +intl,AU,2002.42,0.0,0.0,60.0,1377,Meta,0.0
2026-06-05,2026-06,Growify | MOF & BOF | Sale | India +intl,CA,3533.35,0.0,0.0,84.0,3273,Meta,0.0
2026-06-05,2026-06,Growify | MOF & BOF | Sale | India +intl,GB,1105.81,0.0,0.0,21.0,654,Meta,0.0
2026-06-05,2026-06,Growify | MOF & BOF | Sale | India +intl,IN,4998.909999,12870.0,1.0,980.0,23882,Meta,2.5745612548684735
2026-06-05,2026-06,Growify | MOF & BOF | Sale | India +intl,US,2902.66,0.0,0.0,40.0,1214,Meta,0.0
2026-06-05,2026-06,Growify | TOF | Sale | India,IN,725.74,0.0,0.0,43.0,1847,Meta,0.0
2026-06-05,2026-06,Growify | TOF | Sale | US,CA,1016.02,0.0,0.0,25.0,783,Meta,0.0
2026-06-05,2026-06,Growify | TOF | Sale | US,GB,430.69,0.0,0.0,11.0,250,Meta,0.0
2026-06-05,2026-06,Growify | TOF | Sale | US,US,1417.939999,0.0,0.0,23.0,629,Meta,0.0
2026-06-05,2026-06,Growify | TOF | Sales | India | Open,IN,1635.8,22770.0,3.0,525.0,6526,Meta,13.919794595916372
2026-06-05,2026-06,Growify | TOF | Sales | United Kingdom | EOSS,GB,1881.8899999999999,0.0,0.0,21.0,1181,Meta,0.0
2026-06-06,2026-06,Conv | Tof | Multi Category | Ind | Direct | Growify |,IN,3753.86,10230.0,2.0,1537.0,12497,Meta,2.7251948660845104
2026-06-06,2026-06,Conv | Tof | Multicategory | CA | Direct | Growify,CA,3750.19,0.0,0.0,137.0,2956,Meta,0.0
2026-06-06,2026-06,Conv | Tof | Multicategory | CA | Direct | Growify,US,26.73,0.0,0.0,0.0,26,Meta,0.0
2026-06-06,2026-06,Conv | Tof | Multicategory | INT | Direct | Growify,CA,1023.54,0.0,0.0,25.0,831,Meta,0.0
2026-06-06,2026-06,Conv | Tof | Multicategory | INT | Direct | Growify,GB,156.89,0.0,0.0,7.0,75,Meta,0.0
2026-06-06,2026-06,Conv | Tof | Multicategory | INT | Direct | Growify,US,1187.25,0.0,0.0,15.0,280,Meta,0.0
2026-06-06,2026-06,Conv | Tof | Multicategory | US | Direct | Growify,US,2710.8999999999996,0.0,0.0,108.0,933,Meta,0.0
2026-06-06,2026-06,Growify | MOF & BOF | Sale | India +intl,AU,2954.93,0.0,0.0,91.0,2238,Meta,0.0
2026-06-06,2026-06,Growify | MOF & BOF | Sale | India +intl,CA,3504.88,38470.0,1.0,68.0,3570,Meta,10.976124717536692
2026-06-06,2026-06,Growify | MOF & BOF | Sale | India +intl,GB,1602.83,0.0,0.0,35.0,1180,Meta,0.0
2026-06-06,2026-06,Growify | MOF & BOF | Sale | India +intl,IN,4545.3099999999995,23430.0,3.0,925.0,27367,Meta,5.154763921492704
2026-06-06,2026-06,Growify | MOF & BOF | Sale | India +intl,US,2618.95,0.0,0.0,36.0,1375,Meta,0.0
2026-06-06,2026-06,Growify | TOF | Sale | India,IN,177.98999999999998,0.0,0.0,9.0,451,Meta,0.0
2026-06-06,2026-06,Growify | TOF | Sale | US,CA,905.01,0.0,0.0,34.0,1009,Meta,0.0
2026-06-06,2026-06,Growify | TOF | Sale | US,GB,208.24,0.0,0.0,7.0,151,Meta,0.0
2026-06-06,2026-06,Growify | TOF | Sale | US,US,1717.49,0.0,0.0,42.0,659,Meta,0.0
2026-06-06,2026-06,Growify | TOF | Sales | India | Open,IN,1501.68,0.0,0.0,574.0,6941,Meta,0.0
2026-06-06,2026-06,Growify | TOF | Sales | United Kingdom | EOSS,GB,2471.19,0.0,0.0,54.0,1620,Meta,0.0
2026-06-07,2026-06,Conv | Tof | Multi Category | Ind | Direct | Growify |,IN,4372.23,0.0,0.0,1706.0,16833,Meta,0.0
2026-06-07,2026-06,Conv | Tof | Multicategory | CA | Direct | Growify,CA,4282.05,16170.0,2.0,173.0,3306,Meta,3.7762286755175674
2026-06-07,2026-06,Conv | Tof | Multicategory | CA | Direct | Growify,US,22.67,0.0,0.0,0.0,24,Meta,0.0
2026-06-07,2026-06,Conv | Tof | Multicategory | INT | Direct | Growify,CA,1127.46,0.0,0.0,39.0,755,Meta,0.0
2026-06-07,2026-06,Conv | Tof | Multicategory | INT | Direct | Growify,GB,309.57,0.0,0.0,8.0,133,Meta,0.0
2026-06-07,2026-06,Conv | Tof | Multicategory | INT | Direct | Growify,US,1078.5900000000001,0.0,0.0,15.0,333,Meta,0.0
2026-06-07,2026-06,Conv | Tof | Multicategory | US | Direct | Growify,US,3761.06,0.0,0.0,158.0,1297,Meta,0.0
2026-06-07,2026-06,Growify | MOF & BOF | Sale | India +intl,AU,2471.63,0.0,0.0,70.0,2163,Meta,0.0
2026-06-07,2026-06,Growify | MOF & BOF | Sale | India +intl,CA,3754.269999,0.0,0.0,70.0,3899,Meta,0.0
2026-06-07,2026-06,Growify | MOF & BOF | Sale | India +intl,GB,1050.37,57750.0,1.0,26.0,993,Meta,54.98062587469178
2026-06-07,2026-06,Growify | MOF & BOF | Sale | India +intl,IN,5139.45,9570.0,1.0,1207.0,31786,Meta,1.8620669526894902
2026-06-07,2026-06,Growify | MOF & BOF | Sale | India +intl,US,3284.9799999999996,0.0,0.0,50.0,1566,Meta,0.0
2026-06-07,2026-06,Growify | TOF | Sale | India,IN,225.82,0.0,0.0,11.0,557,Meta,0.0
2026-06-07,2026-06,Growify | TOF | Sale | US,CA,658.62,33850.0,1.0,29.0,720,Meta,51.39534177522699
2026-06-07,2026-06,Growify | TOF | Sale | US,GB,371.89,0.0,0.0,9.0,196,Meta,0.0
2026-06-07,2026-06,Growify | TOF | Sale | US,US,1754.78,0.0,0.0,38.0,594,Meta,0.0
2026-06-07,2026-06,Growify | TOF | Sales | India | Open,IN,1688.21,0.0,0.0,734.0,8772,Meta,0.0
2026-06-07,2026-06,Growify | TOF | Sales | United Kingdom | EOSS,GB,2917.71,0.0,0.0,58.0,1853,Meta,0.0
2026-06-08,2026-06,Conv | Tof | Multi Category | Ind | Direct | Growify |,IN,4067.939999,20455.38,1.0,2048.0,19784,Meta,5.028436998831949
2026-06-08,2026-06,Conv | Tof | Multicategory | CA | Direct | Growify,CA,3973.549999,0.0,0.0,187.0,3265,Meta,0.0
2026-06-08,2026-06,Conv | Tof | Multicategory | CA | Direct | Growify,US,69.15,0.0,0.0,0.0,30,Meta,0.0
2026-06-08,2026-06,Conv | Tof | Multicategory | INT | Direct | Growify,CA,1143.8899999999999,0.0,0.0,51.0,953,Meta,0.0
2026-06-08,2026-06,Conv | Tof | Multicategory | INT | Direct | Growify,GB,284.06,0.0,0.0,16.0,144,Meta,0.0
2026-06-08,2026-06,Conv | Tof | Multicategory | INT | Direct | Growify,US,1072.03,0.0,0.0,21.0,408,Meta,0.0
2026-06-08,2026-06,Conv | Tof | Multicategory | US | Direct | Growify,US,3667.6699989999997,0.0,0.0,112.0,1193,Meta,0.0
2026-06-08,2026-06,Growify | MOF & BOF | Sale | India +intl,AU,1301.31,127900.0,1.0,42.0,1266,Meta,98.28557376797228
2026-06-08,2026-06,Growify | MOF & BOF | Sale | India +intl,CA,2188.07,0.0,0.0,50.0,2473,Meta,0.0
2026-06-08,2026-06,Growify | MOF & BOF | Sale | India +intl,GB,880.5,0.0,0.0,23.0,640,Meta,0.0
2026-06-08,2026-06,Growify | MOF & BOF | Sale | India +intl,IN,4089.2,74990.0,2.0,1641.0,29444,Meta,18.33855032769246
2026-06-08,2026-06,Growify | MOF & BOF | Sale | India +intl,US,1712.13,0.0,0.0,20.0,728,Meta,0.0
2026-06-08,2026-06,Growify | TOF | Sale | India,IN,177.57,0.0,0.0,10.0,271,Meta,0.0
2026-06-08,2026-06,Growify | TOF | Sale | US,CA,464.73119299999996,0.0,0.0,9.0,550,Meta,0.0
2026-06-08,2026-06,Growify | TOF | Sale | US,GB,223.76206100000002,0.0,0.0,15.0,141,Meta,0.0
2026-06-08,2026-06,Growify | TOF | Sale | US,US,1279.246745,0.0,0.0,32.0,520,Meta,0.0
2026-06-08,2026-06,Growify | TOF | Sales | India | Open,IN,1564.26,5610.0,1.0,1086.0,11965,Meta,3.586360323731349
2026-06-08,2026-06,Growify | TOF | Sales | United Kingdom | EOSS,GB,2787.0299999999997,0.0,0.0,58.0,1906,Meta,0.0
2026-06-09,2026-06,Conv | Tof | Multi Category | Ind | Direct | Growify |,IN,7214.91,29010.0,4.0,4185.0,45447,Meta,4.020840176800542
2026-06-09,2026-06,Conv | Tof | Multicategory | CA | Direct | Growify,CA,5571.3099999999995,0.0,0.0,189.0,4507,Meta,0.0
2026-06-09,2026-06,Conv | Tof | Multicategory | CA | Direct | Growify,US,30.78,0.0,0.0,1.0,38,Meta,0.0
2026-06-09,2026-06,Conv | Tof | Multicategory | INT | Direct | Growify,CA,2118.27,0.0,0.0,68.0,1616,Meta,0.0
2026-06-09,2026-06,Conv | Tof | Multicategory | INT | Direct | Growify,GB,315.45,0.0,0.0,11.0,194,Meta,0.0
2026-06-09,2026-06,Conv | Tof | Multicategory | INT | Direct | Growify,US,1790.8000000000002,0.0,0.0,20.0,605,Meta,0.0
2026-06-09,2026-06,Conv | Tof | Multicategory | US | Direct | Growify,US,4894.67,0.0,0.0,147.0,1646,Meta,0.0
2026-06-09,2026-06,Growify | MOF & BOF | Sale | India +intl,AU,2338.959153,0.0,0.0,70.0,1808,Meta,0.0
2026-06-09,2026-06,Growify | MOF & BOF | Sale | India +intl,CA,3094.3,0.0,0.0,116.0,2833,Meta,0.0
2026-06-09,2026-06,Growify | MOF & BOF | Sale | India +intl,GB,1210.200847,0.0,0.0,23.0,731,Meta,0.0
2026-06-09,2026-06,Growify | MOF & BOF | Sale | India +intl,IN,5810.860000000001,5940.0,1.0,3025.0,49092,Meta,1.0222239048953166
2026-06-09,2026-06,Growify | MOF & BOF | Sale | India +intl,US,1512.08,0.0,0.0,25.0,670,Meta,0.0
2026-06-09,2026-06,Growify | MOF & BOF | Sale | India +intl,unknown,0.0,0.0,0.0,0.0,0,Meta,0.0
2026-06-09,2026-06,Growify | TOF | Sale | India,IN,228.31,0.0,0.0,19.0,678,Meta,0.0
2026-06-09,2026-06,Growify | TOF | Sale | US,CA,642.78,0.0,0.0,29.0,1029,Meta,0.0
2026-06-09,2026-06,Growify | TOF | Sale | US,GB,258.76,0.0,0.0,20.0,216,Meta,0.0
2026-06-09,2026-06,Growify | TOF | Sale | US,US,2071.8,0.0,0.0,51.0,1012,Meta,0.0
2026-06-09,2026-06,Growify | TOF | Sale | US,unknown,0.0,0.0,0.0,0.0,0,Meta,0.0
2026-06-09,2026-06,Growify | TOF | Sales | India | Open,IN,2577.11,0.0,0.0,2297.0,29075,Meta,0.0
2026-06-09,2026-06,Growify | TOF | Sales | United Kingdom | EOSS,GB,3573.66,0.0,0.0,70.0,2771,Meta,0.0
2026-06-10,2026-06,Conv | Tof | Multi Category | Ind | Direct | Growify |,IN,6601.21,3960.0,1.0,2457.0,35514,Meta,0.5998900201629701
2026-06-10,2026-06,Conv | Tof | Multicategory | CA | Direct | Growify,CA,5627.41,0.0,0.0,217.0,4218,Meta,0.0
2026-06-10,2026-06,Conv | Tof | Multicategory | CA | Direct | Growify,US,44.47,0.0,0.0,0.0,43,Meta,0.0
2026-06-10,2026-06,Conv | Tof | Multicategory | CA | Direct | Growify,unknown,0.0,0.0,0.0,0.0,0,Meta,0.0
2026-06-10,2026-06,Conv | Tof | Multicategory | INT | Direct | Growify,CA,1929.1100000000001,0.0,0.0,34.0,1339,Meta,0.0
2026-06-10,2026-06,Conv | Tof | Multicategory | INT | Direct | Growify,GB,376.45,0.0,0.0,11.0,223,Meta,0.0
2026-06-10,2026-06,Conv | Tof | Multicategory | INT | Direct | Growify,US,1741.67,0.0,0.0,32.0,558,Meta,0.0
2026-06-10,2026-06,Conv | Tof | Multicategory | US | Direct | Growify,US,5059.039999999999,0.0,0.0,125.0,1243,Meta,0.0
2026-06-10,2026-06,Growify | MOF & BOF | Sale | India +intl,AU,1950.88,0.0,0.0,46.0,1247,Meta,0.0
2026-06-10,2026-06,Growify | MOF & BOF | Sale | India +intl,CA,3573.13,0.0,0.0,90.0,3001,Meta,0.0
2026-06-10,2026-06,Growify | MOF & BOF | Sale | India +intl,GB,1066.81,0.0,0.0,21.0,539,Meta,0.0
2026-06-10,2026-06,Growify | MOF & BOF | Sale | India +intl,IN,5519.870000000001,36300.0,3.0,1699.0,30946,Meta,6.576241831782269
2026-06-10,2026-06,Growify | MOF & BOF | Sale | India +intl,US,1529.65,0.0,0.0,31.0,631,Meta,0.0
2026-06-10,2026-06,Growify | MOF & BOF | Sale | India +intl,unknown,0.0,0.0,0.0,0.0,0,Meta,0.0
2026-06-10,2026-06,Growify | TOF | Sale | India,IN,173.73000000000002,0.0,0.0,7.0,564,Meta,0.0
2026-06-10,2026-06,Growify | TOF | Sale | US,CA,732.8100000000001,0.0,0.0,31.0,875,Meta,0.0
2026-06-10,2026-06,Growify | TOF | Sale | US,GB,339.47,0.0,0.0,12.0,239,Meta,0.0
2026-06-10,2026-06,Growify | TOF | Sale | US,US,2114.859999,4500.0,1.0,40.0,818,Meta,2.127800422783447
2026-06-10,2026-06,Growify | TOF | Sales | India | Open,IN,2584.39,9629.4,2.0,2158.0,30161,Meta,3.7259856291039664
2026-06-10,2026-06,Growify | TOF | Sales | United Kingdom | EOSS,GB,3648.94,0.0,0.0,62.0,2769,Meta,0.0
2026-06-11,2026-06,Conv | Tof | Multi Category | Ind | Direct | Growify |,IN,10254.64,0.0,0.0,4908.0,120651,Meta,0.0
2026-06-11,2026-06,Conv | Tof | Multicategory | CA | Direct | Growify,CA,6111.56,0.0,0.0,231.0,5753,Meta,0.0
2026-06-11,2026-06,Conv | Tof | Multicategory | CA | Direct | Growify,US,31.229999,0.0,0.0,2.0,53,Meta,0.0
2026-06-11,2026-06,Conv | Tof | Multicategory | INT | Direct | Growify,CA,1938.91,0.0,0.0,69.0,1905,Meta,0.0
2026-06-11,2026-06,Conv | Tof | Multicategory | INT | Direct | Growify,GB,516.13,0.0,0.0,41.0,470,Meta,0.0
2026-06-11,2026-06,Conv | Tof | Multicategory | INT | Direct | Growify,US,1185.79,0.0,0.0,23.0,518,Meta,0.0
2026-06-11,2026-06,Conv | Tof | Multicategory | INT | Direct | Growify,unknown,0.0,0.0,0.0,0.0,0,Meta,0.0
2026-06-11,2026-06,Conv | Tof | Multicategory | US | Direct | Growify,US,4627.3699990000005,0.0,0.0,118.0,1627,Meta,0.0
2026-06-11,2026-06,Growify | MOF & BOF | Sale | India +intl,AU,2133.48,0.0,0.0,39.0,1248,Meta,0.0
2026-06-11,2026-06,Growify | MOF & BOF | Sale | India +intl,CA,4141.5,14611.08,1.0,107.0,4297,Meta,3.52796812749004
2026-06-11,2026-06,Growify | MOF & BOF | Sale | India +intl,GB,1749.6799999999998,0.0,0.0,56.0,1165,Meta,0.0
2026-06-11,2026-06,Growify | MOF & BOF | Sale | India +intl,IN,6683.18,17549.4,2.0,2240.0,51158,Meta,2.625905631750155
2026-06-11,2026-06,Growify | MOF & BOF | Sale | India +intl,US,1470.75,0.0,0.0,27.0,585,Meta,0.0
2026-06-11,2026-06,Growify | TOF | Sale | India,IN,250.82999999999998,0.0,0.0,30.0,1305,Meta,0.0
2026-06-11,2026-06,Growify | TOF | Sale | US,CA,1094.74,0.0,0.0,27.0,1023,Meta,0.0
2026-06-11,2026-06,Growify | TOF | Sale | US,GB,713.53,0.0,0.0,26.0,537,Meta,0.0
2026-06-11,2026-06,Growify | TOF | Sale | US,US,1725.71,47908.0,1.0,36.0,765,Meta,27.761327221839128
2026-06-11,2026-06,Growify | TOF | Sales | India | Open,IN,2930.99,0.0,0.0,1806.0,61935,Meta,0.0
2026-06-11,2026-06,Growify | TOF | Sales | United Kingdom | EOSS,GB,3410.03,0.0,0.0,64.0,2702,Meta,0.0
2026-06-12,2026-06,Conv | Tof | Multi Category | Ind | Direct | Growify |,IN,10285.219989000001,3600.0,2.0,5253.0,166705,Meta,0.35001682062709255
2026-06-12,2026-06,Conv | Tof | Multi Category | Ind | Direct | Growify |,unknown,0.32001100000000005,0.0,0.0,1.0,7,Meta,0.0
2026-06-12,2026-06,Conv | Tof | Multicategory | CA | Direct | Growify,CA,6038.486399,0.0,0.0,287.0,5536,Meta,0.0
2026-06-12,2026-06,Conv | Tof | Multicategory | CA | Direct | Growify,US,36.603601,0.0,0.0,1.0,32,Meta,0.0
2026-06-12,2026-06,Conv | Tof | Multicategory | CA | Direct | Growify,unknown,2.009999,0.0,0.0,0.0,1,Meta,0.0
2026-06-12,2026-06,Conv | Tof | Multicategory | INT | Direct | Growify,CA,861.18,0.0,0.0,33.0,759,Meta,0.0
2026-06-12,2026-06,Conv | Tof | Multicategory | INT | Direct | Growify,GB,451.81,0.0,0.0,25.0,410,Meta,0.0
2026-06-12,2026-06,Conv | Tof | Multicategory | INT | Direct | Growify,US,449.3,0.0,0.0,17.0,188,Meta,0.0
2026-06-12,2026-06,Conv | Tof | Multicategory | US | Direct | Growify,US,4487.200000000001,0.0,0.0,156.0,1885,Meta,0.0
2026-06-12,2026-06,Growify | MOF & BOF | Sale | India +intl,AU,1525.46,0.0,0.0,18.0,930,Meta,0.0
2026-06-12,2026-06,Growify | MOF & BOF | Sale | India +intl,CA,3272.26,0.0,0.0,66.0,3245,Meta,0.0
2026-06-12,2026-06,Growify | MOF & BOF | Sale | India +intl,GB,1746.1599999999999,0.0,0.0,40.0,1354,Meta,0.0
2026-06-12,2026-06,Growify | MOF & BOF | Sale | India +intl,IN,5193.719999,17160.0,2.0,1437.0,34338,Meta,3.3039902041896734
2026-06-12,2026-06,Growify | MOF & BOF | Sale | India +intl,US,921.5899999999999,114408.94,1.0,13.0,406,Meta,124.14299200295143
2026-06-12,2026-06,Growify | MOF & BOF | Sale | India +intl,unknown,0.4,0.0,0.0,0.0,4,Meta,0.0
2026-06-12,2026-06,Growify | TOF | Sale | India,IN,197.34,0.0,0.0,36.0,1812,Meta,0.0
2026-06-12,2026-06,Growify | TOF | Sale | US,CA,687.4200000000001,0.0,0.0,15.0,802,Meta,0.0
2026-06-12,2026-06,Growify | TOF | Sale | US,GB,633.8,0.0,0.0,40.0,637,Meta,0.0
2026-06-12,2026-06,Growify | TOF | Sale | US,US,1424.65,0.0,0.0,19.0,662,Meta,0.0
2026-06-12,2026-06,Growify | TOF | Sales | Australia | EOSS,AU,4915.23,7900.0,1.0,317.0,3553,Meta,1.6072493047120888
2026-06-12,2026-06,Growify | TOF | Sales | India | Open,IN,2271.14,0.0,0.0,1422.0,63212,Meta,0.0
2026-06-12,2026-06,Growify | TOF | Sales | India | Open,unknown,0.0,0.0,0.0,0.0,1,Meta,0.0
2026-06-12,2026-06,Growify | TOF | Sales | United Kingdom | EOSS,GB,0.0,0.0,0.0,0.0,0,Meta,0.0
2026-06-13,2026-06,Conv | Tof | Multi Category | Ind | Direct | Growify |,IN,12060.6,22745.58,2.0,6755.0,169726,Meta,1.8859409979603006
2026-06-13,2026-06,Conv | Tof | Multi Category | Ind | Direct | Growify |,unknown,0.0,0.0,0.0,0.0,0,Meta,0.0
2026-06-13,2026-06,Conv | Tof | Multicategory | CA | Direct | Growify,CA,5963.730079,8331.84,1.0,282.0,4889,Meta,1.3970853626220934
2026-06-13,2026-06,Conv | Tof | Multicategory | CA | Direct | Growify,US,58.789921,0.0,0.0,0.0,42,Meta,0.0
2026-06-13,2026-06,Conv | Tof | Multicategory | INT | Direct | Growify,CA,1026.78,0.0,0.0,40.0,804,Meta,0.0
2026-06-13,2026-06,Conv | Tof | Multicategory | INT | Direct | Growify,GB,410.45,0.0,0.0,15.0,306,Meta,0.0
2026-06-13,2026-06,Conv | Tof | Multicategory | INT | Direct | Growify,US,646.57,0.0,0.0,7.0,264,Meta,0.0
2026-06-13,2026-06,Conv | Tof | Multicategory | US | Direct | Growify,US,5283.5,167830.0,1.0,206.0,2077,Meta,31.764928551149804
2026-06-13,2026-06,Growify | MOF & BOF | Sale | India +intl,AU,1311.3400000000001,0.0,0.0,31.0,975,Meta,0.0
2026-06-13,2026-06,Growify | MOF & BOF | Sale | India +intl,CA,2679.97,0.0,0.0,70.0,2630,Meta,0.0
2026-06-13,2026-06,Growify | MOF & BOF | Sale | India +intl,GB,1662.71,0.0,0.0,31.0,1201,Meta,0.0
2026-06-13,2026-06,Growify | MOF & BOF | Sale | India +intl,IN,5892.860000000001,61380.0,5.0,1656.0,35633,Meta,10.415994949820629
2026-06-13,2026-06,Growify | MOF & BOF | Sale | India +intl,US,924.02,0.0,0.0,23.0,436,Meta,0.0
2026-06-13,2026-06,Growify | TOF | Sale | India,IN,139.74,0.0,0.0,20.0,1103,Meta,0.0
2026-06-13,2026-06,Growify | TOF | Sale | US,CA,750.38,0.0,0.0,21.0,816,Meta,0.0
2026-06-13,2026-06,Growify | TOF | Sale | US,GB,694.1800000000001,0.0,0.0,26.0,604,Meta,0.0
2026-06-13,2026-06,Growify | TOF | Sale | US,US,1808.91,0.0,0.0,34.0,780,Meta,0.0
2026-06-13,2026-06,Growify | TOF | Sales | Australia | EOSS,AU,6985.789998,0.0,0.0,302.0,5355,Meta,0.0
2026-06-13,2026-06,Growify | TOF | Sales | India | Open,IN,1812.3400000000001,0.0,0.0,1069.0,43452,Meta,0.0
2026-06-13,2026-06,Growify | TOF | Sales | India | Open,unknown,0.0,0.0,0.0,0.0,0,Meta,0.0
2026-06-13,2026-06,Growify | TOF | Sales | United Kingdom | EOSS,GB,0.0,0.0,0.0,0.0,0,Meta,0.0
2026-06-14,2026-06,Conv | Tof | Multi Category | Ind | Direct | Growify |,IN,10208.289999,7920.0,2.0,4875.0,90510,Meta,0.7758400281316302
2026-06-14,2026-06,Conv | Tof | Multi Category | Ind | Direct | Growify |,unknown,0.0,0.0,0.0,0.0,0,Meta,0.0
2026-06-14,2026-06,Conv | Tof | Multicategory | CA | Direct | Growify,CA,5579.33,0.0,0.0,173.0,3729,Meta,0.0
2026-06-14,2026-06,Conv | Tof | Multicategory | CA | Direct | Growify,US,72.99000000000001,0.0,0.0,1.0,46,Meta,0.0
2026-06-14,2026-06,Conv | Tof | Multicategory | CA | Direct | Growify,unknown,0.0,0.0,0.0,0.0,0,Meta,0.0
2026-06-14,2026-06,Conv | Tof | Multicategory | INT | Direct | Growify,CA,879.46,0.0,0.0,27.0,564,Meta,0.0
2026-06-14,2026-06,Conv | Tof | Multicategory | INT | Direct | Growify,GB,258.64,0.0,0.0,11.0,118,Meta,0.0
2026-06-14,2026-06,Conv | Tof | Multicategory | INT | Direct | Growify,US,654.69,0.0,0.0,14.0,232,Meta,0.0
2026-06-14,2026-06,Conv | Tof | Multicategory | US | Direct | Growify,US,4831.719999999999,0.0,0.0,146.0,1655,Meta,0.0
2026-06-14,2026-06,Growify | MOF & BOF | Sale | India +intl,AU,1524.23,0.0,0.0,17.0,977,Meta,0.0
2026-06-14,2026-06,Growify | MOF & BOF | Sale | India +intl,CA,2899.2400000000002,0.0,0.0,65.0,2286,Meta,0.0
2026-06-14,2026-06,Growify | MOF & BOF | Sale | India +intl,GB,1134.81,0.0,0.0,16.0,672,Meta,0.0
2026-06-14,2026-06,Growify | MOF & BOF | Sale | India +intl,IN,5435.87,46702.92,2.0,1399.0,22322,Meta,8.591618269016735
2026-06-14,2026-06,Growify | MOF & BOF | Sale | India +intl,US,1079.4,0.0,0.0,21.0,432,Meta,0.0
2026-06-14,2026-06,Growify | TOF | Sale | India,IN,163.96,0.0,0.0,37.0,887,Meta,0.0
2026-06-14,2026-06,Growify | TOF | Sale | US,CA,565.58,0.0,0.0,18.0,517,Meta,0.0
2026-06-14,2026-06,Growify | TOF | Sale | US,GB,509.47,0.0,0.0,23.0,320,Meta,0.0
2026-06-14,2026-06,Growify | TOF | Sale | US,US,1946.64,0.0,0.0,27.0,751,Meta,0.0
2026-06-14,2026-06,Growify | TOF | Sales | Australia | EOSS,AU,5042.2,28929.4,1.0,179.0,3322,Meta,5.737455872436636
2026-06-14,2026-06,Growify | TOF | Sales | India | Open,IN,1929.04,5009.4,1.0,1195.0,23627,Meta,2.5968357317629494
2026-06-15,2026-06,Conv | Tof | Multi Category | Ind | Direct | Growify |,IN,10952.210000000001,29730.0,4.0,3903.0,76036,Meta,2.7145206309959358
2026-06-15,2026-06,Conv | Tof | Multi Category | Ind | Direct | Growify |,unknown,0.0,0.0,0.0,0.0,0,Meta,0.0
2026-06-15,2026-06,Conv | Tof | Multicategory | CA | Direct | Growify,CA,5544.43,105664.1,2.0,183.0,4386,Meta,19.057702955939565
2026-06-15,2026-06,Conv | Tof | Multicategory | CA | Direct | Growify,US,55.86,0.0,0.0,2.0,50,Meta,0.0
2026-06-15,2026-06,Conv | Tof | Multicategory | CA | Direct | Growify,unknown,0.0,0.0,0.0,0.0,0,Meta,0.0
2026-06-15,2026-06,Conv | Tof | Multicategory | INT | Direct | Growify,CA,841.2099999999999,0.0,0.0,25.0,544,Meta,0.0
2026-06-15,2026-06,Conv | Tof | Multicategory | INT | Direct | Growify,GB,196.56,0.0,0.0,4.0,120,Meta,0.0
2026-06-15,2026-06,Conv | Tof | Multicategory | INT | Direct | Growify,US,651.52,0.0,0.0,18.0,253,Meta,0.0
2026-06-15,2026-06,Conv | Tof | Multicategory | INT | Direct | Growify,unknown,0.0,0.0,0.0,0.0,0,Meta,0.0
2026-06-15,2026-06,Conv | Tof | Multicategory | US | Direct | Growify,US,5459.13,22884.1,1.0,145.0,1807,Meta,4.19189504554755
2026-06-15,2026-06,Growify | MOF & BOF | Sale | India +intl,AU,1530.28,0.0,0.0,28.0,921,Meta,0.0
2026-06-15,2026-06,Growify | MOF & BOF | Sale | India +intl,CA,3654.5600000000004,0.0,0.0,65.0,3185,Meta,0.0
2026-06-15,2026-06,Growify | MOF & BOF | Sale | India +intl,GB,1908.9499999999998,0.0,0.0,29.0,1017,Meta,0.0
2026-06-15,2026-06,Growify | MOF & BOF | Sale | India +intl,IN,7233.64,82920.0,8.0,1860.0,30989,Meta,11.463108476506987
2026-06-15,2026-06,Growify | MOF & BOF | Sale | India +intl,US,1937.47,0.0,0.0,19.0,659,Meta,0.0
2026-06-15,2026-06,Growify | TOF | Sale | India,IN,326.37,0.0,0.0,8.0,1851,Meta,0.0
2026-06-15,2026-06,Growify | TOF | Sale | US,CA,584.0899999999999,0.0,0.0,15.0,607,Meta,0.0
2026-06-15,2026-06,Growify | TOF | Sale | US,GB,744.81,0.0,0.0,25.0,410,Meta,0.0
2026-06-15,2026-06,Growify | TOF | Sale | US,US,2215.25,0.0,0.0,31.0,826,Meta,0.0
2026-06-15,2026-06,Growify | TOF | Sales | Australia | EOSS,AU,5508.030000000001,0.0,0.0,284.0,3560,Meta,0.0
2026-06-15,2026-06,Growify | TOF | Sales | India | Open,IN,2710.31,3600.0,2.0,1464.0,29767,Meta,1.3282613427984253
2026-06-16,2026-06,Conv | Tof | Multi Category | Ind | Direct | Growify |,IN,9675.79,19870.0,2.0,4086.0,73518,Meta,2.0535790875990485
2026-06-16,2026-06,Conv | Tof | Multi Category | Ind | Direct | Growify |,unknown,0.0,0.0,0.0,0.0,0,Meta,0.0
2026-06-16,2026-06,Conv | Tof | Multicategory | CA | Direct | Growify,CA,4943.510409,0.0,0.0,194.0,3375,Meta,0.0
2026-06-16,2026-06,Conv | Tof | Multicategory | CA | Direct | Growify,US,57.869591,0.0,0.0,0.0,31,Meta,0.0
2026-06-16,2026-06,Conv | Tof | Multicategory | INT | Direct | Growify,CA,390.4,0.0,0.0,10.0,284,Meta,0.0
2026-06-16,2026-06,Conv | Tof | Multicategory | INT | Direct | Growify,GB,178.73,0.0,0.0,6.0,86,Meta,0.0
2026-06-16,2026-06,Conv | Tof | Multicategory | INT | Direct | Growify,US,335.63,0.0,0.0,5.0,112,Meta,0.0
2026-06-16,2026-06,Conv | Tof | Multicategory | INT | Direct | Growify,unknown,0.0,0.0,0.0,0.0,0,Meta,0.0
2026-06-16,2026-06,Conv | Tof | Multicategory | US | Direct | Growify,US,8130.299999999999,0.0,0.0,235.0,2348,Meta,0.0
2026-06-16,2026-06,Growify | MOF & BOF | Sale | India +intl,AU,2627.96,0.0,0.0,51.0,1640,Meta,0.0
2026-06-16,2026-06,Growify | MOF & BOF | Sale | India +intl,CA,3146.85,9100.0,1.0,60.0,2641,Meta,2.8917806695584476
2026-06-16,2026-06,Growify | MOF & BOF | Sale | India +intl,GB,2335.2,0.0,0.0,51.0,1513,Meta,0.0
2026-06-16,2026-06,Growify | MOF & BOF | Sale | India +intl,IN,6679.26,122757.28,2.0,2458.0,39487,Meta,18.378874306435144
2026-06-16,2026-06,Growify | MOF & BOF | Sale | India +intl,US,2235.7000000000003,0.0,0.0,34.0,726,Meta,0.0
2026-06-16,2026-06,Growify | MOF & BOF | Sale | India +intl,unknown,0.0,0.0,0.0,0.0,0,Meta,0.0
2026-06-16,2026-06,Growify | TOF | Sale | India,IN,268.16,0.0,0.0,11.0,758,Meta,0.0
2026-06-16,2026-06,Growify | TOF | Sale | US,CA,917.78,0.0,0.0,17.0,703,Meta,0.0
2026-06-16,2026-06,Growify | TOF | Sale | US,GB,422.03999999999996,0.0,0.0,14.0,288,Meta,0.0
2026-06-16,2026-06,Growify | TOF | Sale | US,US,1834.89,0.0,0.0,38.0,743,Meta,0.0
2026-06-16,2026-06,Growify | TOF | Sales | Australia | EOSS,AU,4886.47,66299.0,2.0,213.0,2973,Meta,13.56787210399327
2026-06-16,2026-06,Growify | TOF | Sales | India | Open,IN,2857.1000000000004,0.0,0.0,1686.0,31774,Meta,0.0
2026-06-17,2026-06,Conv | Tof | Multi Category | Ind | Direct | Growify |,IN,7998.28,0.0,0.0,2996.0,54594,Meta,0.0
2026-06-17,2026-06,Conv | Tof | Multicategory | CA | Direct | Growify,CA,4542.3,0.0,0.0,203.0,3184,Meta,0.0
2026-06-17,2026-06,Conv | Tof | Multicategory | CA | Direct | Growify,US,75.02,0.0,0.0,1.0,44,Meta,0.0
2026-06-17,2026-06,Conv | Tof | Multicategory | CA | Direct | Growify,unknown,0.0,0.0,0.0,0.0,0,Meta,0.0
2026-06-17,2026-06,Conv | Tof | Multicategory | INT | Direct | Growify,CA,399.8,0.0,0.0,13.0,285,Meta,0.0
2026-06-17,2026-06,Conv | Tof | Multicategory | INT | Direct | Growify,GB,208.52,0.0,0.0,2.0,64,Meta,0.0
2026-06-17,2026-06,Conv | Tof | Multicategory | INT | Direct | Growify,US,308.43,0.0,0.0,2.0,85,Meta,0.0
2026-06-17,2026-06,Conv | Tof | Multicategory | US | Direct | Growify,US,7344.54,33315.4,1.0,165.0,2084,Meta,4.536077140297419
2026-06-17,2026-06,Growify | MOF & BOF | Sale | India +intl,AU,1958.11,0.0,0.0,50.0,1626,Meta,0.0
2026-06-17,2026-06,Growify | MOF & BOF | Sale | India +intl,CA,2743.7,27250.0,1.0,52.0,2358,Meta,9.931843860480374
2026-06-17,2026-06,Growify | MOF & BOF | Sale | India +intl,GB,1684.0,0.0,0.0,44.0,1396,Meta,0.0
2026-06-17,2026-06,Growify | MOF & BOF | Sale | India +intl,IN,6289.83,0.0,0.0,2231.0,34872,Meta,0.0
2026-06-17,2026-06,Growify | MOF & BOF | Sale | India +intl,US,1950.81,0.0,0.0,24.0,763,Meta,0.0
2026-06-17,2026-06,Growify | TOF | Sale | India,IN,231.21,0.0,0.0,17.0,463,Meta,0.0
2026-06-17,2026-06,Growify | TOF | Sale | US,CA,820.27,0.0,0.0,23.0,684,Meta,0.0
2026-06-17,2026-06,Growify | TOF | Sale | US,GB,603.3900000000001,0.0,0.0,24.0,322,Meta,0.0
2026-06-17,2026-06,Growify | TOF | Sale | US,US,1752.76,0.0,0.0,26.0,691,Meta,0.0
2026-06-17,2026-06,Growify | TOF | Sales | Australia | EOSS,AU,3869.12,0.0,0.0,179.0,1913,Meta,0.0
2026-06-17,2026-06,Growify | TOF | Sales | India | Open,IN,2440.96,0.0,0.0,1440.0,27985,Meta,0.0
2026-06-18,2026-06,Conv | Tof | Multi Category | Ind | Direct | Growify |,IN,10138.27,11370.0,2.0,4167.0,95350,Meta,1.1214931147030016
2026-06-18,2026-06,Conv | Tof | Multicategory | CA | Direct | Growify,CA,5223.42,0.0,0.0,198.0,4146,Meta,0.0
2026-06-18,2026-06,Conv | Tof | Multicategory | CA | Direct | Growify,US,48.150000000000006,0.0,0.0,0.0,41,Meta,0.0
2026-06-18,2026-06,Conv | Tof | Multicategory | INT | Direct | Growify,CA,388.61,0.0,0.0,11.0,257,Meta,0.0
2026-06-18,2026-06,Conv | Tof | Multicategory | INT | Direct | Growify,GB,195.95,0.0,0.0,7.0,91,Meta,0.0
2026-06-18,2026-06,Conv | Tof | Multicategory | INT | Direct | Growify,US,333.71,0.0,0.0,6.0,121,Meta,0.0
2026-06-18,2026-06,Conv | Tof | Multicategory | US | Direct | Growify,US,9689.39,0.0,0.0,227.0,2942,Meta,0.0
2026-06-18,2026-06,Growify | MOF & BOF | Sale | India +intl,AU,1918.92,0.0,0.0,42.0,1227,Meta,0.0
2026-06-18,2026-06,Growify | MOF & BOF | Sale | India +intl,CA,3185.56,0.0,0.0,80.0,2988,Meta,0.0
2026-06-18,2026-06,Growify | MOF & BOF | Sale | India +intl,GB,1256.43,0.0,0.0,30.0,1044,Meta,0.0
2026-06-18,2026-06,Growify | MOF & BOF | Sale | India +intl,IN,7010.71,0.0,0.0,2058.0,37443,Meta,0.0
2026-06-18,2026-06,Growify | MOF & BOF | Sale | India +intl,US,2183.1499999999996,0.0,0.0,36.0,816,Meta,0.0
2026-06-18,2026-06,Growify | TOF | Sale | India,IN,197.55,0.0,0.0,13.0,525,Meta,0.0
2026-06-18,2026-06,Growify | TOF | Sale | US,CA,542.8699999999999,0.0,0.0,12.0,536,Meta,0.0
2026-06-18,2026-06,Growify | TOF | Sale | US,GB,194.64999999999998,0.0,0.0,8.0,113,Meta,0.0
2026-06-18,2026-06,Growify | TOF | Sale | US,US,2000.57,0.0,0.0,37.0,814,Meta,0.0
2026-06-18,2026-06,Growify | TOF | Sales | Australia | EOSS,AU,4235.29,39460.0,1.0,166.0,2320,Meta,9.316953502593684
2026-06-18,2026-06,Growify | TOF | Sales | India | Open,IN,2638.12,0.0,0.0,2035.0,63662,Meta,0.0
2026-06-18,2026-06,Growify | TOF | Sales | India | Open,unknown,0.0,0.0,0.0,0.0,0,Meta,0.0
2026-06-19,2026-06,Conv | Tof | Multi Category | Ind | Direct | Growify |,IN,10682.54,39670.0,2.0,5054.0,123401,Meta,3.7135362938027843
2026-06-19,2026-06,Conv | Tof | Multicategory | CA | Direct | Growify,CA,6175.469999999999,6100.0,1.0,238.0,4886,Meta,0.9877790678280358
2026-06-19,2026-06,Conv | Tof | Multicategory | CA | Direct | Growify,US,41.089999999999996,0.0,0.0,2.0,56,Meta,0.0
2026-06-19,2026-06,Conv | Tof | Multicategory | CA | Direct | Growify,unknown,0.0,0.0,0.0,0.0,0,Meta,0.0
2026-06-19,2026-06,Conv | Tof | Multicategory | INT | Direct | Growify,CA,400.47,0.0,0.0,10.0,270,Meta,0.0
2026-06-19,2026-06,Conv | Tof | Multicategory | INT | Direct | Growify,GB,176.39,0.0,0.0,4.0,74,Meta,0.0
2026-06-19,2026-06,Conv | Tof | Multicategory | INT | Direct | Growify,US,299.55,0.0,0.0,5.0,101,Meta,0.0
2026-06-19,2026-06,Conv | Tof | Multicategory | US | Direct | Growify,US,9688.599999,0.0,0.0,190.0,3489,Meta,0.0
2026-06-19,2026-06,Growify | MOF & BOF | Sale | India +intl,AU,2114.07,0.0,0.0,33.0,1565,Meta,0.0
2026-06-19,2026-06,Growify | MOF & BOF | Sale | India +intl,CA,2897.9900000000002,0.0,0.0,55.0,2470,Meta,0.0
2026-06-19,2026-06,Growify | MOF & BOF | Sale | India +intl,GB,1667.57,0.0,0.0,35.0,1131,Meta,0.0
2026-06-19,2026-06,Growify | MOF & BOF | Sale | India +intl,IN,7512.4400000000005,27390.0,1.0,2806.0,58351,Meta,3.6459525799873274
2026-06-19,2026-06,Growify | MOF & BOF | Sale | India +intl,US,1908.02,0.0,0.0,38.0,749,Meta,0.0
2026-06-19,2026-06,Growify | TOF | Sale | India,IN,143.92,0.0,0.0,8.0,240,Meta,0.0
2026-06-19,2026-06,Growify | TOF | Sale | US,US,3742.48,0.0,0.0,60.0,1579,Meta,0.0
2026-06-19,2026-06,Growify | TOF | Sales | Australia | EOSS,AU,4324.729999,0.0,0.0,138.0,2367,Meta,0.0
2026-06-19,2026-06,Growify | TOF | Sales | India | Open,IN,2445.9500000000003,0.0,0.0,2871.0,108724,Meta,0.0
2026-06-20,2026-06,Conv | Tof | Multi Category | Ind | Direct | Growify |,IN,11205.289999999999,12960.0,2.0,6037.0,164483,Meta,1.1565965717977849
2026-06-20,2026-06,Conv | Tof | Multicategory | CA | Direct | Growify,CA,5628.92,18770.0,1.0,182.0,5071,Meta,3.3345650675440406
2026-06-20,2026-06,Conv | Tof | Multicategory | CA | Direct | Growify,US,60.230000000000004,0.0,0.0,3.0,65,Meta,0.0
2026-06-20,2026-06,Conv | Tof | Multicategory | CA | Direct | Growify,unknown,0.0,0.0,0.0,0.0,0,Meta,0.0
2026-06-20,2026-06,Conv | Tof | Multicategory | INT | Direct | Growify,CA,296.17,0.0,0.0,1.0,199,Meta,0.0
2026-06-20,2026-06,Conv | Tof | Multicategory | INT | Direct | Growify,GB,114.47,0.0,0.0,5.0,48,Meta,0.0
2026-06-20,2026-06,Conv | Tof | Multicategory | INT | Direct | Growify,US,311.15,0.0,0.0,6.0,101,Meta,0.0
2026-06-20,2026-06,Conv | Tof | Multicategory | US | Direct | Growify,US,9161.87,0.0,0.0,181.0,3353,Meta,0.0
2026-06-20,2026-06,Growify | MOF & BOF | Sale | India +intl,AU,2078.83,0.0,0.0,41.0,1848,Meta,0.0
2026-06-20,2026-06,Growify | MOF & BOF | Sale | India +intl,CA,3038.17,0.0,0.0,71.0,3256,Meta,0.0
2026-06-20,2026-06,Growify | MOF & BOF | Sale | India +intl,GB,2001.26,0.0,0.0,44.0,1380,Meta,0.0
2026-06-20,2026-06,Growify | MOF & BOF | Sale | India +intl,IN,7780.239999,24870.0,2.0,3283.0,63519,Meta,3.196559489578285
2026-06-20,2026-06,Growify | MOF & BOF | Sale | India +intl,US,1507.71,0.0,0.0,11.0,577,Meta,0.0
2026-06-20,2026-06,Growify | TOF | Sale | India,IN,66.24,0.0,0.0,7.0,213,Meta,0.0
2026-06-20,2026-06,Growify | TOF | Sale | US,CA,0.0,0.0,0.0,0.0,0,Meta,0.0
2026-06-20,2026-06,Growify | TOF | Sale | US,GB,0.0,0.0,0.0,0.0,0,Meta,0.0
2026-06-20,2026-06,Growify | TOF | Sale | US,US,3188.85,0.0,0.0,51.0,1344,Meta,0.0
2026-06-20,2026-06,Growify | TOF | Sales | Australia | EOSS,AU,4630.76,0.0,0.0,172.0,2894,Meta,0.0
2026-06-20,2026-06,Growify | TOF | Sales | India | Open,IN,2476.75,12210.0,1.0,3334.0,119455,Meta,4.929847582517412
2026-06-21,2026-06,Conv | Tof | Multi Category | Ind | Direct | Growify |,IN,11516.33,0.0,0.0,6504.0,207588,Meta,0.0
2026-06-21,2026-06,Conv | Tof | Multi Category | Ind | Direct | Growify |,unknown,0.0,0.0,0.0,0.0,0,Meta,0.0
2026-06-21,2026-06,Conv | Tof | Multicategory | CA | Direct | Growify,CA,6323.639999999999,0.0,0.0,181.0,5332,Meta,0.0
2026-06-21,2026-06,Conv | Tof | Multicategory | CA | Direct | Growify,US,77.93,0.0,0.0,0.0,59,Meta,0.0
2026-06-21,2026-06,Conv | Tof | Multicategory | INT | Direct | Growify,CA,402.51,0.0,0.0,17.0,318,Meta,0.0
2026-06-21,2026-06,Conv | Tof | Multicategory | INT | Direct | Growify,GB,144.01,0.0,0.0,7.0,82,Meta,0.0
2026-06-21,2026-06,Conv | Tof | Multicategory | INT | Direct | Growify,US,445.44,0.0,0.0,6.0,141,Meta,0.0
2026-06-21,2026-06,Conv | Tof | Multicategory | INT | Direct | Growify,unknown,0.0,0.0,0.0,0.0,0,Meta,0.0
2026-06-21,2026-06,Conv | Tof | Multicategory | US | Direct | Growify,US,10137.369999999999,12870.0,1.0,236.0,3725,Meta,1.2695600535444598
2026-06-21,2026-06,Growify | MOF & BOF | Sale | India +intl,AU,2359.44,0.0,0.0,43.0,1710,Meta,0.0
2026-06-21,2026-06,Growify | MOF & BOF | Sale | India +intl,CA,3176.4700000000003,0.0,0.0,58.0,3563,Meta,0.0
2026-06-21,2026-06,Growify | MOF & BOF | Sale | India +intl,GB,1950.08,0.0,0.0,43.0,1413,Meta,0.0
2026-06-21,2026-06,Growify | MOF & BOF | Sale | India +intl,IN,8492.59,5940.0,1.0,3507.0,81043,Meta,0.6994332706512383
2026-06-21,2026-06,Growify | MOF & BOF | Sale | India +intl,US,2122.7599999999998,0.0,0.0,30.0,918,Meta,0.0
2026-06-21,2026-06,Growify | TOF | Sale | India,IN,247.3,0.0,0.0,6.0,951,Meta,0.0
2026-06-21,2026-06,Growify | TOF | Sale | US,US,3412.8199999999997,0.0,0.0,48.0,1069,Meta,0.0
2026-06-21,2026-06,Growify | TOF | Sales | Australia | EOSS,AU,3747.71,0.0,0.0,162.0,2199,Meta,0.0
2026-06-21,2026-06,Growify | TOF | Sales | India | Open,IN,2755.84,0.0,0.0,4261.0,163099,Meta,0.0
2026-06-21,2026-06,Growify | TOF | Sales | India | Open,unknown,0.0,0.0,0.0,0.0,0,Meta,0.0
2026-06-22,2026-06,Conv | Tof | Multi Category | Ind | Direct | Growify |,IN,11537.5,18909.0,3.0,7184.0,220889,Meta,1.6389165763813651
2026-06-22,2026-06,Conv | Tof | Multicategory | CA | Direct | Growify,CA,6143.070000000001,0.0,0.0,315.0,5582,Meta,0.0
2026-06-22,2026-06,Conv | Tof | Multicategory | CA | Direct | Growify,US,52.119999,0.0,0.0,0.0,58,Meta,0.0
2026-06-22,2026-06,Conv | Tof | Multicategory | INT | Direct | Growify,CA,433.72,0.0,0.0,22.0,367,Meta,0.0
2026-06-22,2026-06,Conv | Tof | Multicategory | INT | Direct | Growify,GB,191.57,0.0,0.0,8.0,67,Meta,0.0
2026-06-22,2026-06,Conv | Tof | Multicategory | INT | Direct | Growify,US,383.61,0.0,0.0,10.0,106,Meta,0.0
2026-06-22,2026-06,Conv | Tof | Multicategory | US | Direct | Growify,US,10362.929999,0.0,0.0,266.0,4244,Meta,0.0
2026-06-22,2026-06,Growify | MOF & BOF | Sale | India +intl,AU,1690.7,0.0,0.0,36.0,1383,Meta,0.0
2026-06-22,2026-06,Growify | MOF & BOF | Sale | India +intl,CA,3365.5199979999998,0.0,0.0,67.0,3875,Meta,0.0
2026-06-22,2026-06,Growify | MOF & BOF | Sale | India +intl,GB,1753.59,0.0,0.0,39.0,1560,Meta,0.0
2026-06-22,2026-06,Growify | MOF & BOF | Sale | India +intl,IN,8837.789999999999,8580.0,2.0,4282.0,76314,Meta,0.9708309430298753
2026-06-22,2026-06,Growify | MOF & BOF | Sale | India +intl,US,1950.35,0.0,0.0,26.0,719,Meta,0.0
2026-06-22,2026-06,Growify | TOF | Sale | India,IN,215.919999,0.0,0.0,14.0,758,Meta,0.0
2026-06-22,2026-06,Growify | TOF | Sale | US,CA,0.0,0.0,0.0,0.0,0,Meta,0.0
2026-06-22,2026-06,Growify | TOF | Sale | US,US,3232.5,0.0,0.0,36.0,1075,Meta,0.0
2026-06-22,2026-06,Growify | TOF | Sales | Australia | EOSS,AU,3636.22,0.0,0.0,166.0,2200,Meta,0.0
2026-06-22,2026-06,Growify | TOF | Sales | India | Open,IN,2637.08,13274.1,2.0,3941.0,131361,Meta,5.033635687957893
2026-06-23,2026-06,Conv | Tof | Multi Category | Ind | Direct | Growify |,IN,12126.069999,10896.6,2.0,6288.0,207708,Meta,0.8986093599079182
2026-06-23,2026-06,Conv | Tof | Multi Category | Ind | Direct | Growify | LAL,IN,1927.26,0.0,0.0,487.0,12682,Meta,0.0
2026-06-23,2026-06,Conv | Tof | Multicategory | CA | Direct | Growify,CA,6779.419999,0.0,0.0,245.0,4804,Meta,0.0
2026-06-23,2026-06,Conv | Tof | Multicategory | CA | Direct | Growify,US,32.78,0.0,0.0,2.0,37,Meta,0.0
2026-06-23,2026-06,Conv | Tof | Multicategory | CA | Direct | Growify,unknown,0.0,0.0,0.0,0.0,0,Meta,0.0
2026-06-23,2026-06,Conv | Tof | Multicategory | INT | Direct | Growify,CA,458.31,0.0,0.0,11.0,352,Meta,0.0
2026-06-23,2026-06,Conv | Tof | Multicategory | INT | Direct | Growify,GB,106.09,0.0,0.0,4.0,81,Meta,0.0
2026-06-23,2026-06,Conv | Tof | Multicategory | INT | Direct | Growify,US,446.14,0.0,0.0,3.0,145,Meta,0.0
2026-06-23,2026-06,Conv | Tof | Multicategory | US | Direct | Growify,US,10131.45,0.0,0.0,230.0,4200,Meta,0.0
2026-06-23,2026-06,Growify | MOF & BOF | Sale | India +intl,AU,1800.95,0.0,0.0,49.0,1481,Meta,0.0
2026-06-23,2026-06,Growify | MOF & BOF | Sale | India +intl,CA,4291.6900000000005,27696.6,2.0,129.0,3937,Meta,6.453541611812595
2026-06-23,2026-06,Growify | MOF & BOF | Sale | India +intl,GB,1395.79,0.0,0.0,28.0,1057,Meta,0.0
2026-06-23,2026-06,Growify | MOF & BOF | Sale | India +intl,IN,8205.159999,16995.0,3.0,3209.0,61730,Meta,2.071257599129238
2026-06-23,2026-06,Growify | MOF & BOF | Sale | India +intl,US,2846.08,0.0,0.0,40.0,1163,Meta,0.0
2026-06-23,2026-06,Growify | MOF & BOF | Sale | India +intl,unknown,0.0,0.0,0.0,0.0,0,Meta,0.0
2026-06-23,2026-06,Growify | TOF | Sale | India,IN,253.37,0.0,0.0,42.0,1520,Meta,0.0
2026-06-23,2026-06,Growify | TOF | Sale | US,US,2737.96,0.0,0.0,39.0,1166,Meta,0.0
2026-06-23,2026-06,Growify | TOF | Sales | Australia | EOSS,AU,4750.43,122080.0,1.0,225.0,3360,Meta,25.698726220573715
2026-06-23,2026-06,Growify | TOF | Sales | India | Open,IN,2410.22,0.0,0.0,3454.0,119500,Meta,0.0
2026-06-23,2026-06,Growify | TOF | Sales | India | Open,unknown,0.0,0.0,0.0,0.0,0,Meta,0.0
2026-06-24,2026-06,Conv | Tof | Multi Category | Ind | Direct | Growify |,IN,13759.799999,40920.0,2.0,9239.0,264732,Meta,2.9738804345247662
2026-06-24,2026-06,Conv | Tof | Multi Category | Ind | Direct | Growify |,unknown,0.0,0.0,0.0,0.0,0,Meta,0.0
2026-06-24,2026-06,Conv | Tof | Multi Category | Ind | Direct | Growify | LAL,IN,5207.79,1800.0,1.0,1309.0,27904,Meta,0.3456360567534405
2026-06-24,2026-06,Conv | Tof | Multicategory | CA | Direct | Growify,CA,6295.2899990000005,11931.88,1.0,201.0,4186,Meta,1.89536621853725
2026-06-24,2026-06,Conv | Tof | Multicategory | CA | Direct | Growify,US,64.02,0.0,0.0,0.0,59,Meta,0.0
2026-06-24,2026-06,Conv | Tof | Multicategory | INT | Direct | Growify,CA,439.06,0.0,0.0,12.0,256,Meta,0.0
2026-06-24,2026-06,Conv | Tof | Multicategory | INT | Direct | Growify,GB,245.91,0.0,0.0,6.0,123,Meta,0.0
2026-06-24,2026-06,Conv | Tof | Multicategory | INT | Direct | Growify,US,246.53,0.0,0.0,2.0,88,Meta,0.0
2026-06-24,2026-06,Conv | Tof | Multicategory | US | Direct | Growify,US,11904.4,0.0,0.0,245.0,4479,Meta,0.0
2026-06-24,2026-06,Growify | MOF & BOF | Sale | India +intl,AU,5808.139999999999,15370.0,1.0,148.0,4050,Meta,2.6462860743714858
2026-06-24,2026-06,Growify | MOF & BOF | Sale | India +intl,CA,4125.52,0.0,0.0,128.0,2732,Meta,0.0
2026-06-24,2026-06,Growify | MOF & BOF | Sale | India +intl,GB,0.0,0.0,0.0,0.0,0,Meta,0.0
2026-06-24,2026-06,Growify | MOF & BOF | Sale | India +intl,IN,9544.85,10560.0,2.0,3667.0,70196,Meta,1.106355783485335
2026-06-24,2026-06,Growify | MOF & BOF | Sale | India +intl,US,2862.33,0.0,0.0,55.0,1289,Meta,0.0
2026-06-24,2026-06,Growify | MOF & BOF | Sale | India +intl,unknown,0.0,0.0,0.0,0.0,0,Meta,0.0
2026-06-24,2026-06,Growify | TOF | Sale | India,IN,215.25,0.0,0.0,39.0,1642,Meta,0.0
2026-06-24,2026-06,Growify | TOF | Sale | US,US,3622.9,0.0,0.0,59.0,1364,Meta,0.0
2026-06-24,2026-06,Growify | TOF | Sales | Australia | EOSS,AU,7841.79,0.0,0.0,252.0,3916,Meta,0.0
2026-06-24,2026-06,Growify | TOF | Sales | India | Open,IN,2508.9900000000002,2000.0,1.0,3314.0,122912,Meta,0.7971335079055715
2026-06-25,2026-06,Conv | Tof | Multi Category | Ind | Direct | Growify |,IN,13515.51,32936.75,4.0,10252.0,300825,Meta,2.4369594636088463
2026-06-25,2026-06,Conv | Tof | Multi Category | Ind | Direct | Growify | LAL,IN,4905.58,1500.0,1.0,1827.0,36571,Meta,0.3057742407625602
2026-06-25,2026-06,Conv | Tof | Multicategory | CA | Direct | Growify,CA,6156.1599989999995,0.0,0.0,246.0,3942,Meta,0.0
2026-06-25,2026-06,Conv | Tof | Multicategory | CA | Direct | Growify,US,40.7,0.0,0.0,3.0,34,Meta,0.0
2026-06-25,2026-06,Conv | Tof | Multicategory | INT | Direct | Growify,CA,361.38,0.0,0.0,16.0,260,Meta,0.0
2026-06-25,2026-06,Conv | Tof | Multicategory | INT | Direct | Growify,GB,229.82,0.0,0.0,8.0,140,Meta,0.0
2026-06-25,2026-06,Conv | Tof | Multicategory | INT | Direct | Growify,US,234.55,0.0,0.0,1.0,89,Meta,0.0
2026-06-25,2026-06,Conv | Tof | Multicategory | US | Direct | Growify,US,11710.769999,0.0,0.0,343.0,4169,Meta,0.0
2026-06-25,2026-06,Growify | MOF & BOF | Sale | India +intl,AU,4777.18,0.0,0.0,114.0,3054,Meta,0.0
2026-06-25,2026-06,Growify | MOF & BOF | Sale | India +intl,CA,3718.9700000000003,0.0,0.0,101.0,2440,Meta,0.0
2026-06-25,2026-06,Growify | MOF & BOF | Sale | India +intl,GB,0.0,0.0,0.0,0.0,0,Meta,0.0
2026-06-25,2026-06,Growify | MOF & BOF | Sale | India +intl,IN,8954.619999999999,14100.0,3.0,3351.0,65702,Meta,1.5746061809434684
2026-06-25,2026-06,Growify | MOF & BOF | Sale | India +intl,US,3072.48,0.0,0.0,87.0,1230,Meta,0.0
2026-06-25,2026-06,Growify | TOF | Sale | India,IN,190.13,0.0,0.0,52.0,2092,Meta,0.0
2026-06-25,2026-06,Growify | TOF | Sale | US,US,3290.09,0.0,0.0,39.0,1151,Meta,0.0
2026-06-25,2026-06,Growify | TOF | Sales | Australia | EOSS,AU,8020.799999999999,41180.0,2.0,330.0,4876,Meta,5.134151206862159
2026-06-25,2026-06,Growify | TOF | Sales | India | Open,IN,2493.68,0.0,0.0,3429.0,124549,Meta,0.0
2026-06-26,2026-06,Conv | Tof | Multi Category | Ind | Direct | Growify |,IN,15540.709979,42236.6,7.0,8467.0,254825,Meta,2.7178037590994157
2026-06-26,2026-06,Conv | Tof | Multi Category | Ind | Direct | Growify |,unknown,0.220021,0.0,0.0,0.0,3,Meta,0.0
2026-06-26,2026-06,Conv | Tof | Multi Category | Ind | Direct | Growify | LAL,IN,4880.35,14010.0,2.0,1736.0,39595,Meta,2.870695749280277
2026-06-26,2026-06,Conv | Tof | Multicategory | CA | Direct | Growify,CA,7594.21,168895.0,1.0,322.0,5450,Meta,22.239969661097074
2026-06-26,2026-06,Conv | Tof | Multicategory | CA | Direct | Growify,US,47.3,0.0,0.0,1.0,52,Meta,0.0
2026-06-26,2026-06,Conv | Tof | Multicategory | CA | Direct | Growify,unknown,0.0,0.0,0.0,0.0,0,Meta,0.0
2026-06-26,2026-06,Conv | Tof | Multicategory | INT | Direct | Growify,CA,406.91,0.0,0.0,31.0,258,Meta,0.0
2026-06-26,2026-06,Conv | Tof | Multicategory | INT | Direct | Growify,GB,159.37,0.0,0.0,4.0,115,Meta,0.0
2026-06-26,2026-06,Conv | Tof | Multicategory | INT | Direct | Growify,US,289.5,0.0,0.0,6.0,75,Meta,0.0
2026-06-26,2026-06,Conv | Tof | Multicategory | US | Direct | Growify,US,13032.73,0.0,0.0,257.0,4473,Meta,0.0
2026-06-26,2026-06,Growify | MOF & BOF | Sale | India +intl,AU,5737.62,0.0,0.0,88.0,3002,Meta,0.0
2026-06-26,2026-06,Growify | MOF & BOF | Sale | India +intl,CA,3771.98,0.0,0.0,80.0,2345,Meta,0.0
2026-06-26,2026-06,Growify | MOF & BOF | Sale | India +intl,IN,9420.93,44144.0,9.0,2905.0,57506,Meta,4.685736970766156
2026-06-26,2026-06,Growify | MOF & BOF | Sale | India +intl,US,3209.7,0.0,0.0,52.0,1219,Meta,0.0
2026-06-26,2026-06,Growify | MOF & BOF | Sale | India +intl,unknown,0.0,0.0,0.0,0.0,0,Meta,0.0
2026-06-26,2026-06,Growify | TOF | Sale | India,IN,168.83,0.0,0.0,34.0,1220,Meta,0.0
2026-06-26,2026-06,Growify | TOF | Sale | US,US,3521.94,0.0,0.0,49.0,1115,Meta,0.0
2026-06-26,2026-06,Growify | TOF | Sales | Australia | EOSS,AU,9899.57,0.0,0.0,501.0,6130,Meta,0.0
2026-06-26,2026-06,Growify | TOF | Sales | India | Open,IN,2421.4199999999996,0.0,0.0,2740.0,100160,Meta,0.0
2026-06-27,2026-06,Conv | Tof | Multi Category | Ind | Direct | Growify |,IN,17823.539999,53866.18,7.0,7721.0,211880,Meta,3.0221931222990603
2026-06-27,2026-06,Conv | Tof | Multi Category | Ind | Direct | Growify |,unknown,0.0,0.0,0.0,0.0,0,Meta,0.0
2026-06-27,2026-06,Conv | Tof | Multi Category | Ind | Direct | Growify | LAL,IN,4305.92,3960.0,1.0,1440.0,37130,Meta,0.9196640903686087
2026-06-27,2026-06,Conv | Tof | Multicategory | CA | Direct | Growify,CA,9314.279999999999,0.0,0.0,331.0,7555,Meta,0.0
2026-06-27,2026-06,Conv | Tof | Multicategory | CA | Direct | Growify,US,79.329999,0.0,0.0,3.0,82,Meta,0.0
2026-06-27,2026-06,Conv | Tof | Multicategory | INT | Direct | Growify,CA,333.38,0.0,0.0,13.0,208,Meta,0.0
2026-06-27,2026-06,Conv | Tof | Multicategory | INT | Direct | Growify,GB,126.76,20650.0,1.0,9.0,79,Meta,162.90627958346482
2026-06-27,2026-06,Conv | Tof | Multicategory | INT | Direct | Growify,US,211.54,0.0,0.0,2.0,67,Meta,0.0
2026-06-27,2026-06,Conv | Tof | Multicategory | US | Direct | Growify,US,12904.61,0.0,0.0,283.0,4728,Meta,0.0
2026-06-27,2026-06,Growify | MOF & BOF | Sale | India +intl,AU,4044.8900000000003,20500.0,1.0,68.0,2671,Meta,5.0681229897475575
2026-06-27,2026-06,Growify | MOF & BOF | Sale | India +intl,CA,3011.35,0.0,0.0,53.0,2163,Meta,0.0
2026-06-27,2026-06,Growify | MOF & BOF | Sale | India +intl,IN,8729.59,7590.0,1.0,2247.0,48434,Meta,0.8694566411480952
2026-06-27,2026-06,Growify | MOF & BOF | Sale | India +intl,US,2565.799999,0.0,0.0,39.0,1086,Meta,0.0
2026-06-27,2026-06,Growify | TOF | Sale | India,IN,108.25,0.0,0.0,28.0,926,Meta,0.0
2026-06-27,2026-06,Growify | TOF | Sale | US,US,2714.75,0.0,0.0,52.0,1034,Meta,0.0
2026-06-27,2026-06,Growify | TOF | Sales | Australia | EOSS,AU,14344.6,32609.4,2.0,549.0,8694,Meta,2.2732875088883624
2026-06-27,2026-06,Growify | TOF | Sales | India | Open,IN,2166.73,0.0,0.0,2101.0,74582,Meta,0.0
2026-06-28,2026-06,Conv | Tof | Multi Category | Ind | Direct | Growify |,IN,19412.819999,11605.0,1.0,7632.0,204368,Meta,0.5978008347369317
2026-06-28,2026-06,Conv | Tof | Multi Category | Ind | Direct | Growify | LAL,IN,5546.809999,1500.0,1.0,1449.0,34946,Meta,0.270425704192216
2026-06-28,2026-06,Conv | Tof | Multicategory | CA | Direct | Growify,CA,11218.16,16030.0,1.0,394.0,8724,Meta,1.4289330870659716
2026-06-28,2026-06,Conv | Tof | Multicategory | CA | Direct | Growify,US,102.25,0.0,0.0,3.0,75,Meta,0.0
2026-06-28,2026-06,Conv | Tof | Multicategory | CA | Direct | Growify,unknown,0.0,0.0,0.0,0.0,0,Meta,0.0
2026-06-28,2026-06,Conv | Tof | Multicategory | INT | Direct | Growify,CA,404.32,0.0,0.0,13.0,357,Meta,0.0
2026-06-28,2026-06,Conv | Tof | Multicategory | INT | Direct | Growify,GB,314.77,0.0,0.0,12.0,192,Meta,0.0
2026-06-28,2026-06,Conv | Tof | Multicategory | INT | Direct | Growify,US,253.61,0.0,0.0,5.0,93,Meta,0.0
2026-06-28,2026-06,Conv | Tof | Multicategory | US | Direct | Growify,US,15768.14,7350.0,1.0,373.0,5781,Meta,0.4661298035151895
2026-06-28,2026-06,Growify | MOF & BOF | Sale | India +intl,AU,5221.09,0.0,0.0,110.0,3118,Meta,0.0
2026-06-28,2026-06,Growify | MOF & BOF | Sale | India +intl,CA,3684.8,0.0,0.0,84.0,3074,Meta,0.0
2026-06-28,2026-06,Growify | MOF & BOF | Sale | India +intl,IN,9776.93,27390.0,1.0,2957.0,55918,Meta,2.8014929021686767
2026-06-28,2026-06,Growify | MOF & BOF | Sale | India +intl,US,3475.2599999999998,0.0,0.0,72.0,1581,Meta,0.0
2026-06-28,2026-06,Growify | TOF | Sale | India,IN,253.44,0.0,0.0,43.0,1452,Meta,0.0
2026-06-28,2026-06,Growify | TOF | Sale | US,US,3478.52,25600.0,1.0,72.0,1376,Meta,7.359451720846797
2026-06-28,2026-06,Growify | TOF | Sales | Australia | EOSS,AU,13290.78,0.0,0.0,421.0,7413,Meta,0.0
2026-06-28,2026-06,Growify | TOF | Sales | India | Open,IN,2696.14,0.0,0.0,2734.0,98305,Meta,0.0
2026-06-29,2026-06,Conv | Tof | Multi Category | Ind | Direct | Growify |,IN,18723.45,29309.4,2.0,5272.0,136817,Meta,1.5653845845717536
2026-06-29,2026-06,Conv | Tof | Multi Category | Ind | Direct | Growify |,unknown,0.0,0.0,0.0,0.0,0,Meta,0.0
2026-06-29,2026-06,Conv | Tof | Multi Category | Ind | Direct | Growify | LAL,IN,4908.57,3300.0,1.0,1071.0,22706,Meta,0.6722935600388709
2026-06-29,2026-06,Conv | Tof | Multicategory | CA | Direct | Growify,CA,11424.71,0.0,0.0,396.0,8774,Meta,0.0
2026-06-29,2026-06,Conv | Tof | Multicategory | CA | Direct | Growify,US,130.75,0.0,0.0,1.0,91,Meta,0.0
2026-06-29,2026-06,Conv | Tof | Multicategory | INT | Direct | Growify,CA,411.64,0.0,0.0,11.0,304,Meta,0.0
2026-06-29,2026-06,Conv | Tof | Multicategory | INT | Direct | Growify,GB,259.05,0.0,0.0,19.0,111,Meta,0.0
2026-06-29,2026-06,Conv | Tof | Multicategory | INT | Direct | Growify,US,282.38,0.0,0.0,5.0,75,Meta,0.0
2026-06-29,2026-06,Conv | Tof | Multicategory | US | Direct | Growify,US,15128.849999999999,32575.0,1.0,348.0,5185,Meta,2.1531709283917815
2026-06-29,2026-06,Growify | MOF & BOF | Sale | India +intl,AU,5023.27,0.0,0.0,74.0,2616,Meta,0.0
2026-06-29,2026-06,Growify | MOF & BOF | Sale | India +intl,CA,3747.089999,0.0,0.0,89.0,2787,Meta,0.0
2026-06-29,2026-06,Growify | MOF & BOF | Sale | India +intl,IN,9451.5,21071.6,4.0,2021.0,37187,Meta,2.229445061630429
2026-06-29,2026-06,Growify | MOF & BOF | Sale | India +intl,US,3259.6099999999997,21611.95,1.0,50.0,1576,Meta,6.630225701847768
2026-06-29,2026-06,Growify | TOF | Sale | India,IN,184.4,0.0,0.0,34.0,815,Meta,0.0
2026-06-29,2026-06,Growify | TOF | Sale | US,US,3275.75,0.0,0.0,49.0,1105,Meta,0.0
2026-06-29,2026-06,Growify | TOF | Sales | Australia | EOSS,AU,12430.400000000001,0.0,0.0,345.0,6274,Meta,0.0
2026-06-29,2026-06,Growify | TOF | Sales | India | Open,IN,2420.24,2000.0,1.0,2239.0,74793,Meta,0.8263643275047103
2026-06-30,2026-06,Conv | Tof | Multi Category | Ind | Direct | Growify |,IN,18598.18,94075.0,9.0,5091.0,147755,Meta,5.0582906499453175
2026-06-30,2026-06,Conv | Tof | Multi Category | Ind | Direct | Growify | LAL,IN,5001.08,36660.0,4.0,670.0,15839,Meta,7.330416630007918
2026-06-30,2026-06,Conv | Tof | Multicategory | CA | Direct | Growify,CA,11224.8,43200.0,1.0,410.0,7299,Meta,3.8486209108402827
2026-06-30,2026-06,Conv | Tof | Multicategory | CA | Direct | Growify,US,100.33,0.0,0.0,2.0,64,Meta,0.0
2026-06-30,2026-06,Conv | Tof | Multicategory | CA | Direct | Growify,unknown,0.0,0.0,0.0,0.0,0,Meta,0.0
2026-06-30,2026-06,Conv | Tof | Multicategory | INT | Direct | Growify,CA,398.13,0.0,0.0,15.0,226,Meta,0.0
2026-06-30,2026-06,Conv | Tof | Multicategory | INT | Direct | Growify,GB,285.4,0.0,0.0,9.0,138,Meta,0.0
2026-06-30,2026-06,Conv | Tof | Multicategory | INT | Direct | Growify,US,216.04,0.0,0.0,3.0,75,Meta,0.0
2026-06-30,2026-06,Conv | Tof | Multicategory | US | Direct | Growify,US,14195.11,10750.0,1.0,306.0,4577,Meta,0.7573030430901909
2026-06-30,2026-06,Growify | MOF & BOF | Sale | India +intl,AU,5354.14,0.0,0.0,67.0,2720,Meta,0.0
2026-06-30,2026-06,Growify | MOF & BOF | Sale | India +intl,CA,4136.179999,0.0,0.0,107.0,3113,Meta,0.0
2026-06-30,2026-06,Growify | MOF & BOF | Sale | India +intl,IN,10826.439998,22825.0,2.0,2136.0,42973,Meta,2.1082645822834216
2026-06-30,2026-06,Growify | MOF & BOF | Sale | India +intl,US,2755.599999,0.0,0.0,41.0,1361,Meta,0.0
2026-06-30,2026-06,Growify | TOF | Sale | India,IN,229.13,0.0,0.0,30.0,1075,Meta,0.0
2026-06-30,2026-06,Growify | TOF | Sale | US,US,3222.0299999999997,0.0,0.0,28.0,934,Meta,0.0
2026-06-30,2026-06,Growify | TOF | Sales | Australia | EOSS,AU,13072.85,28240.0,1.0,326.0,5768,Meta,2.160202251230604
2026-06-30,2026-06,Growify | TOF | Sales | India | Open,IN,2570.26,0.0,0.0,2280.0,77379,Meta,0.0
2026-06-30,2026-06,Growify | TOF | Sales | India | Open,unknown,0.0,0.0,0.0,0.0,0,Meta,0.0
2026-07-01,2026-07,Conv | Tof | Multi Category | Ind | Direct | Growify |,IN,18420.09,75703.9,9.0,6011.0,162418,Meta,4.109855054997016
2026-07-01,2026-07,Conv | Tof | Multi Category | Ind | Direct | Growify | LAL,IN,3484.58,5500.0,1.0,575.0,11815,Meta,1.5783824736410128
2026-07-01,2026-07,Conv | Tof | Multicategory | CA | Direct | Growify,CA,9684.94,14750.0,1.0,382.0,6578,Meta,1.522983105729101
2026-07-01,2026-07,Conv | Tof | Multicategory | CA | Direct | Growify,US,119.46000000000001,0.0,0.0,3.0,66,Meta,0.0
2026-07-01,2026-07,Conv | Tof | Multicategory | CA | Direct | Growify,unknown,0.0,0.0,0.0,0.0,0,Meta,0.0
2026-07-01,2026-07,Conv | Tof | Multicategory | INT | Direct | Growify,CA,413.81,0.0,0.0,15.0,295,Meta,0.0
2026-07-01,2026-07,Conv | Tof | Multicategory | INT | Direct | Growify,GB,274.16,0.0,0.0,1.0,130,Meta,0.0
2026-07-01,2026-07,Conv | Tof | Multicategory | INT | Direct | Growify,US,218.01,0.0,0.0,4.0,84,Meta,0.0
2026-07-01,2026-07,Conv | Tof | Multicategory | US | Direct | Growify,US,9544.06,51670.0,1.0,208.0,3450,Meta,5.413838555080333
2026-07-01,2026-07,Growify | MOF & BOF | Sale | India +intl,AU,4925.6900000000005,18268.8,1.0,67.0,2849,Meta,3.708881395296902
2026-07-01,2026-07,Growify | MOF & BOF | Sale | India +intl,CA,3030.78,12800.0,1.0,52.0,2164,Meta,4.223335247032117
2026-07-01,2026-07,Growify | MOF & BOF | Sale | India +intl,IN,10211.32,39195.0,6.0,2020.0,39875,Meta,3.8383872016546343
2026-07-01,2026-07,Growify | MOF & BOF | Sale | India +intl,US,2845.83,0.0,0.0,53.0,1338,Meta,0.0
2026-07-01,2026-07,Growify | MOF & BOF | Sale | India +intl,unknown,0.0,0.0,0.0,0.0,0,Meta,0.0
2026-07-01,2026-07,Growify | TOF | Sale | India,IN,238.68,0.0,0.0,39.0,1246,Meta,0.0
2026-07-01,2026-07,Growify | TOF | Sale | US,US,3176.73,0.0,0.0,36.0,1061,Meta,0.0
2026-07-01,2026-07,Growify | TOF | Sales | Australia | EOSS,AU,9923.369999999999,0.0,0.0,232.0,5052,Meta,0.0
2026-07-01,2026-07,Growify | TOF | Sales | India | Open,IN,2590.4,0.0,0.0,2100.0,81901,Meta,0.0
2026-07-02,2026-07,Conv | Tof | Multi Category | Ind | Direct | Growify |,IN,18846.339999,38360.0,5.0,6307.0,166334,Meta,2.035408466685596
2026-07-02,2026-07,Conv | Tof | Multi Category | Ind | Direct | Growify | LAL,IN,3247.0299999999997,0.0,0.0,397.0,8924,Meta,0.0
2026-07-02,2026-07,Conv | Tof | Multicategory | CA | Direct | Growify,CA,7457.5599999999995,0.0,0.0,335.0,5474,Meta,0.0
2026-07-02,2026-07,Conv | Tof | Multicategory | CA | Direct | Growify,US,44.739999,0.0,0.0,4.0,46,Meta,0.0
2026-07-02,2026-07,Conv | Tof | Multicategory | CA | Direct | Growify,unknown,0.0,0.0,0.0,0.0,0,Meta,0.0
2026-07-02,2026-07,Conv | Tof | Multicategory | INT | Direct | Growify,CA,366.70000000000005,0.0,0.0,14.0,269,Meta,0.0
2026-07-02,2026-07,Conv | Tof | Multicategory | INT | Direct | Growify,GB,279.57,0.0,0.0,9.0,110,Meta,0.0
2026-07-02,2026-07,Conv | Tof | Multicategory | INT | Direct | Growify,US,230.38,0.0,0.0,1.0,70,Meta,0.0
2026-07-02,2026-07,Conv | Tof | Multicategory | US | Direct | Growify,US,7902.07,0.0,0.0,215.0,2925,Meta,0.0
2026-07-02,2026-07,Growify | MOF & BOF | Sale | India +intl,AU,5376.030000000001,0.0,0.0,102.0,3608,Meta,0.0
2026-07-02,2026-07,Growify | MOF & BOF | Sale | India +intl,CA,3491.69,0.0,0.0,73.0,2312,Meta,0.0
2026-07-02,2026-07,Growify | MOF & BOF | Sale | India +intl,IN,10044.85,45345.0,6.0,1926.0,42688,Meta,4.514253572726322
2026-07-02,2026-07,Growify | MOF & BOF | Sale | India +intl,US,2852.42,0.0,0.0,45.0,1444,Meta,0.0
2026-07-02,2026-07,Growify | TOF | Sale | India,IN,235.09,0.0,0.0,27.0,1076,Meta,0.0
2026-07-02,2026-07,Growify | TOF | Sale | US,US,2727.21,0.0,0.0,41.0,1162,Meta,0.0
2026-07-02,2026-07,Growify | TOF | Sales | Australia | EOSS,AU,10209.86,22740.0,1.0,350.0,5575,Meta,2.22725874791623
2026-07-02,2026-07,Growify | TOF | Sales | India | Open,IN,2603.75,5500.0,1.0,2660.0,95290,Meta,2.112337974075852
2026-07-03,2026-07,Conv | Tof | Multi Category | Ind | Direct | Growify |,IN,18085.37,26092.0,2.0,5010.0,109748,Meta,1.4427130879821646
2026-07-03,2026-07,Conv | Tof | Multi Category | Ind | Direct | Growify | LAL,IN,2717.2599999999998,0.0,0.0,331.0,6428,Meta,0.0
2026-07-03,2026-07,Conv | Tof | Multicategory | CA | Direct | Growify,CA,5898.949999,0.0,0.0,259.0,4330,Meta,0.0
2026-07-03,2026-07,Conv | Tof | Multicategory | CA | Direct | Growify,US,35.13,0.0,0.0,0.0,35,Meta,0.0
2026-07-03,2026-07,Conv | Tof | Multicategory | INT | Direct | Growify,CA,368.64,0.0,0.0,10.0,276,Meta,0.0
2026-07-03,2026-07,Conv | Tof | Multicategory | INT | Direct | Growify,GB,245.37,0.0,0.0,13.0,148,Meta,0.0
2026-07-03,2026-07,Conv | Tof | Multicategory | INT | Direct | Growify,US,238.43,0.0,0.0,4.0,93,Meta,0.0
2026-07-03,2026-07,Conv | Tof | Multicategory | US | Direct | Growify,US,4832.319999,114439.88,2.0,137.0,1899,Meta,23.68218164850055
2026-07-03,2026-07,Growify | MOF & BOF | Sale | India +intl,AU,4725.56,0.0,0.0,78.0,2999,Meta,0.0
2026-07-03,2026-07,Growify | MOF & BOF | Sale | India +intl,CA,2329.0699999999997,0.0,0.0,50.0,2081,Meta,0.0
2026-07-03,2026-07,Growify | MOF & BOF | Sale | India +intl,IN,9009.15,10890.0,1.0,1498.0,27471,Meta,1.2087710827325553
2026-07-03,2026-07,Growify | MOF & BOF | Sale | India +intl,US,3036.6,0.0,0.0,66.0,1435,Meta,0.0
2026-07-03,2026-07,Growify | TOF | Sale | India,IN,148.7,0.0,0.0,28.0,812,Meta,0.0
2026-07-03,2026-07,Growify | TOF | Sale | US,US,1818.11,0.0,0.0,18.0,667,Meta,0.0
2026-07-03,2026-07,Growify | TOF | Sales | Australia | EOSS,AU,7361.779999,0.0,0.0,240.0,4192,Meta,0.0
2026-07-03,2026-07,Growify | TOF | Sales | India | Open,IN,2418.95,0.0,0.0,1359.0,41903,Meta,0.0
2026-07-04,2026-07,Conv | Tof | Multi Category | Ind | Direct | Growify |,IN,17395.16,81560.0,9.0,3375.0,77455,Meta,4.688660523961838
2026-07-04,2026-07,Conv | Tof | Multi Category | Ind | Direct | Growify |,unknown,0.0,0.0,0.0,0.0,0,Meta,0.0
2026-07-04,2026-07,Conv | Tof | Multi Category | Ind | Direct | Growify | LAL,IN,2232.22,0.0,0.0,204.0,4476,Meta,0.0
2026-07-04,2026-07,Conv | Tof | Multicategory | CA | Direct | Growify,CA,4404.697239,0.0,0.0,175.0,3955,Meta,0.0
2026-07-04,2026-07,Conv | Tof | Multicategory | CA | Direct | Growify,US,21.512760999999998,0.0,0.0,0.0,19,Meta,0.0
2026-07-04,2026-07,Conv | Tof | Multicategory | INT | Direct | Growify,CA,374.84000000000003,0.0,0.0,12.0,273,Meta,0.0
2026-07-04,2026-07,Conv | Tof | Multicategory | INT | Direct | Growify,GB,156.11,0.0,0.0,4.0,116,Meta,0.0
2026-07-04,2026-07,Conv | Tof | Multicategory | INT | Direct | Growify,US,274.28,0.0,0.0,9.0,110,Meta,0.0
2026-07-04,2026-07,Conv | Tof | Multicategory | US | Direct | Growify,US,2981.39,0.0,0.0,97.0,1194,Meta,0.0
2026-07-04,2026-07,Growify | MOF & BOF | Sale | India +intl,AU,4372.14,0.0,0.0,71.0,2975,Meta,0.0
2026-07-04,2026-07,Growify | MOF & BOF | Sale | India +intl,CA,2750.27,0.0,0.0,53.0,2654,Meta,0.0
2026-07-04,2026-07,Growify | MOF & BOF | Sale | India +intl,IN,9271.9,15675.0,3.0,1359.0,26058,Meta,1.6905920037964173
2026-07-04,2026-07,Growify | MOF & BOF | Sale | India +intl,US,2756.93,0.0,0.0,29.0,1160,Meta,0.0
2026-07-04,2026-07,Growify | TOF | Sale | India,IN,108.95,0.0,0.0,24.0,757,Meta,0.0
2026-07-04,2026-07,Growify | TOF | Sale | US,US,1258.6100000000001,0.0,0.0,12.0,410,Meta,0.0
2026-07-04,2026-07,Growify | TOF | Sales | Australia | EOSS,AU,6940.999999,0.0,0.0,227.0,3951,Meta,0.0
2026-07-04,2026-07,Growify | TOF | Sales | India | Open,IN,2193.679998,2000.0,1.0,1020.0,25988,Meta,0.9117100041133711
2026-07-05,2026-07,Conv | Tof | Multi Category | Ind | Direct | Growify |,IN,19355.78,10725.0,2.0,4856.0,111470,Meta,0.55409805236472
2026-07-05,2026-07,Conv | Tof | Multi Category | Ind | Direct | Growify | LAL,IN,2707.1000000000004,3920.0,1.0,249.0,5279,Meta,1.448044032359351
2026-07-05,2026-07,Conv | Tof | Multicategory | CA | Direct | Growify,CA,6398.99,0.0,0.0,246.0,4829,Meta,0.0
2026-07-05,2026-07,Conv | Tof | Multicategory | CA | Direct | Growify,US,20.96,0.0,0.0,0.0,30,Meta,0.0
2026-07-05,2026-07,Conv | Tof | Multicategory | INT | Direct | Growify,CA,405.63,0.0,0.0,16.0,284,Meta,0.0
2026-07-05,2026-07,Conv | Tof | Multicategory | INT | Direct | Growify,GB,214.31,0.0,0.0,8.0,173,Meta,0.0
2026-07-05,2026-07,Conv | Tof | Multicategory | INT | Direct | Growify,US,370.93,0.0,0.0,25.0,118,Meta,0.0
2026-07-05,2026-07,Conv | Tof | Multicategory | US | Direct | Growify,US,5212.0199999999995,15200.0,1.0,182.0,2186,Meta,2.9163357009374486
2026-07-05,2026-07,Growify | MOF & BOF | Sale | India +intl,AU,6053.51,0.0,0.0,109.0,4406,Meta,0.0
2026-07-05,2026-07,Growify | MOF & BOF | Sale | India +intl,CA,3777.21,10200.0,1.0,115.0,3284,Meta,2.7004058551152834
2026-07-05,2026-07,Growify | MOF & BOF | Sale | India +intl,IN,10945.859999,147501.88,7.0,1616.0,28249,Meta,13.475586204599328
2026-07-05,2026-07,Growify | MOF & BOF | Sale | India +intl,US,3438.789998,0.0,0.0,53.0,1472,Meta,0.0
2026-07-05,2026-07,Growify | MOF & BOF | Sale | India +intl,unknown,0.0,0.0,0.0,0.0,0,Meta,0.0
2026-07-05,2026-07,Growify | TOF | Sale | India,IN,230.13,0.0,0.0,27.0,1292,Meta,0.0
2026-07-05,2026-07,Growify | TOF | Sale | US,US,1935.98,0.0,0.0,19.0,600,Meta,0.0
2026-07-05,2026-07,Growify | TOF | Sales | Australia | EOSS,AU,7683.58,0.0,0.0,244.0,4172,Meta,0.0
2026-07-05,2026-07,Growify | TOF | Sales | India | Open,IN,2583.9700000000003,3025.0,1.0,966.0,21851,Meta,1.1706792261520063
2026-07-06,2026-07,Conv | Tof | Multi Category | Ind | Direct | Growify |,IN,7708.12,19320.0,3.0,1495.0,35477,Meta,2.5064477460132952
2026-07-06,2026-07,Conv | Tof | Multi Category | Ind | Direct | Growify | LAL,IN,1177.0700000000002,0.0,0.0,129.0,2620,Meta,0.0
2026-07-06,2026-07,Conv | Tof | Multicategory | CA | Direct | Growify,CA,3708.492856,0.0,0.0,174.0,2698,Meta,0.0
2026-07-06,2026-07,Conv | Tof | Multicategory | CA | Direct | Growify,US,11.757144,0.0,0.0,1.0,27,Meta,0.0
2026-07-06,2026-07,Conv | Tof | Multicategory | CA | Direct | Growify,unknown,0.0,0.0,0.0,0.0,0,Meta,0.0
2026-07-06,2026-07,Conv | Tof | Multicategory | INT | Direct | Growify,CA,204.38,0.0,0.0,12.0,210,Meta,0.0
2026-07-06,2026-07,Conv | Tof | Multicategory | INT | Direct | Growify,GB,88.85,0.0,0.0,3.0,72,Meta,0.0
2026-07-06,2026-07,Conv | Tof | Multicategory | INT | Direct | Growify,US,241.71,0.0,0.0,6.0,84,Meta,0.0
2026-07-06,2026-07,Conv | Tof | Multicategory | US | Direct | Growify,US,2897.979999,0.0,0.0,77.0,960,Meta,0.0
2026-07-06,2026-07,Growify | MOF & BOF | Sale | India +intl,AU,2814.45,0.0,0.0,42.0,1724,Meta,0.0
2026-07-06,2026-07,Growify | MOF & BOF | Sale | India +intl,CA,2344.45,0.0,0.0,53.0,1724,Meta,0.0
2026-07-06,2026-07,Growify | MOF & BOF | Sale | India +intl,IN,4252.89,21230.0,3.0,537.0,8634,Meta,4.991899625901445
2026-07-06,2026-07,Growify | MOF & BOF | Sale | India +intl,US,2294.36,0.0,0.0,48.0,939,Meta,0.0
2026-07-06,2026-07,Growify | TOF | Sale | India,IN,77.89,0.0,0.0,8.0,430,Meta,0.0
2026-07-06,2026-07,Growify | TOF | Sale | US,US,1320.71,0.0,0.0,13.0,390,Meta,0.0
2026-07-06,2026-07,Growify | TOF | Sales | Australia | EOSS,AU,4419.47,0.0,0.0,167.0,2634,Meta,0.0
2026-07-06,2026-07,Growify | TOF | Sales | India | Open,IN,1053.92,0.0,0.0,548.0,11201,Meta,0.0
2026-07-07,2026-07,Conv | Tof | Multi Category | Ind | Direct | Growify |,IN,0.0,23925.0,3.0,0.0,0,Meta,0.0
2026-07-07,2026-07,Conv | Tof | Multi Category | Ind | Direct | Growify | LAL,IN,0.0,0.0,0.0,0.0,0,Meta,0.0
2026-07-07,2026-07,Conv | Tof | Multicategory | CA | Direct | Growify,CA,0.0,0.0,0.0,0.0,0,Meta,0.0
2026-07-07,2026-07,Conv | Tof | Multicategory | CA | Direct | Growify,IN,0.0,0.0,0.0,0.0,0,Meta,0.0
2026-07-07,2026-07,Conv | Tof | Multicategory | INT | Direct | Growify,GB,0.0,0.0,0.0,0.0,0,Meta,0.0
2026-07-07,2026-07,Conv | Tof | Multicategory | US | Direct | Growify,US,0.0,0.0,0.0,0.0,0,Meta,0.0
2026-07-07,2026-07,Growify | MOF & BOF | Sale | India +intl,AU,0.0,23280.0,1.0,0.0,0,Meta,0.0
2026-07-07,2026-07,Growify | MOF & BOF | Sale | India +intl,CA,0.0,0.0,0.0,0.0,0,Meta,0.0
2026-07-07,2026-07,Growify | MOF & BOF | Sale | India +intl,IN,0.0,64351.6,1.0,0.0,0,Meta,0.0
2026-07-07,2026-07,Growify | MOF & BOF | Sale | India +intl,US,0.0,0.0,0.0,0.0,0,Meta,0.0
2026-07-07,2026-07,Growify | TOF | Sale | US,US,0.0,0.0,0.0,0.0,0,Meta,0.0
2026-07-07,2026-07,Growify | TOF | Sales | Australia | EOSS,AU,0.0,0.0,0.0,0.0,0,Meta,0.0
2026-07-07,2026-07,Growify | TOF | Sales | India | Open,IN,0.0,0.0,0.0,0.0,0,Meta,0.0
2026-07-08,2026-07,Conv | Tof | Multi Category | Ind | Direct | Growify |,IN,0.0,19470.0,1.0,0.0,0,Meta,0.0
2026-07-08,2026-07,Conv | Tof | Multi Category | Ind | Direct | Growify | LAL,IN,0.0,0.0,0.0,0.0,0,Meta,0.0
2026-07-08,2026-07,Conv | Tof | Multicategory | CA | Direct | Growify,CA,0.0,0.0,0.0,0.0,0,Meta,0.0
2026-07-08,2026-07,Conv | Tof | Multicategory | INT | Direct | Growify,GB,0.0,0.0,0.0,0.0,0,Meta,0.0
2026-07-08,2026-07,Conv | Tof | Multicategory | US | Direct | Growify,US,0.0,0.0,0.0,0.0,0,Meta,0.0
2026-07-08,2026-07,Growify | MOF & BOF | Sale | India +intl,AU,0.0,0.0,0.0,0.0,0,Meta,0.0
2026-07-08,2026-07,Growify | MOF & BOF | Sale | India +intl,CA,0.0,0.0,0.0,0.0,0,Meta,0.0
2026-07-08,2026-07,Growify | MOF & BOF | Sale | India +intl,IN,0.0,7975.0,1.0,0.0,0,Meta,0.0
2026-07-08,2026-07,Growify | MOF & BOF | Sale | India +intl,US,0.0,0.0,0.0,0.0,0,Meta,0.0
2026-07-08,2026-07,Growify | TOF | Sale | US,US,0.0,0.0,0.0,0.0,0,Meta,0.0
2026-07-08,2026-07,Growify | TOF | Sales | Australia | EOSS,AU,0.0,0.0,0.0,0.0,0,Meta,0.0
2026-07-08,2026-07,Growify | TOF | Sales | India | Open,IN,0.0,0.0,0.0,0.0,0,Meta,0.0
2026-07-09,2026-07,Conv | Tof | Multi Category | Ind | Direct | Growify |,IN,0.0,3000.0,1.0,0.0,0,Meta,0.0
2026-07-09,2026-07,Conv | Tof | Multi Category | Ind | Direct | Growify | LAL,IN,0.0,6550.0,2.0,0.0,0,Meta,0.0
2026-07-09,2026-07,Conv | Tof | Multicategory | CA | Direct | Growify,CA,0.0,0.0,0.0,0.0,0,Meta,0.0
2026-07-09,2026-07,Conv | Tof | Multicategory | INT | Direct | Growify,CA,0.0,0.0,0.0,0.0,0,Meta,0.0
2026-07-09,2026-07,Conv | Tof | Multicategory | US | Direct | Growify,US,0.0,0.0,0.0,0.0,0,Meta,0.0
2026-07-09,2026-07,Growify | MOF & BOF | Sale | India +intl,AU,0.0,0.0,0.0,0.0,0,Meta,0.0
2026-07-09,2026-07,Growify | MOF & BOF | Sale | India +intl,IN,0.0,0.0,0.0,0.0,0,Meta,0.0
2026-07-09,2026-07,Growify | MOF & BOF | Sale | India +intl,US,0.0,0.0,0.0,0.0,0,Meta,0.0
2026-07-09,2026-07,Growify | TOF | Sale | US,US,0.0,0.0,0.0,0.0,0,Meta,0.0
2026-07-09,2026-07,Growify | TOF | Sales | Australia | EOSS,AU,0.0,0.0,0.0,0.0,0,Meta,0.0
2026-07-09,2026-07,Growify | TOF | Sales | India | Open,IN,0.0,0.0,0.0,0.0,0,Meta,0.0
2026-07-10,2026-07,Conv | Tof | Multi Category | Ind | Direct | Growify |,IN,0.0,0.0,0.0,0.0,0,Meta,0.0
2026-07-10,2026-07,Conv | Tof | Multi Category | Ind | Direct | Growify | LAL,IN,0.0,0.0,0.0,0.0,0,Meta,0.0
2026-07-10,2026-07,Conv | Tof | Multicategory | CA | Direct | Growify,CA,0.0,0.0,0.0,0.0,0,Meta,0.0
2026-07-10,2026-07,Conv | Tof | Multicategory | US | Direct | Growify,US,0.0,0.0,0.0,0.0,0,Meta,0.0
2026-07-10,2026-07,Growify | MOF & BOF | Sale | India +intl,CA,0.0,0.0,0.0,0.0,0,Meta,0.0
2026-07-10,2026-07,Growify | MOF & BOF | Sale | India +intl,IN,0.0,0.0,0.0,0.0,0,Meta,0.0
2026-07-10,2026-07,Growify | MOF & BOF | Sale | India +intl,US,0.0,0.0,0.0,0.0,0,Meta,0.0
2026-07-10,2026-07,Growify | TOF | Sale | US,US,0.0,0.0,0.0,0.0,0,Meta,0.0
2026-07-10,2026-07,Growify | TOF | Sales | Australia | EOSS,AU,0.0,0.0,0.0,0.0,0,Meta,0.0
2026-07-10,2026-07,Growify | TOF | Sales | India | Open,IN,0.0,0.0,0.0,0.0,0,Meta,0.0
2026-07-11,2026-07,Conv | Tof | Multi Category | Ind | Direct | Growify |,IN,0.0,0.0,0.0,0.0,0,Meta,0.0
2026-07-11,2026-07,Conv | Tof | Multi Category | Ind | Direct | Growify | LAL,IN,0.0,0.0,0.0,0.0,0,Meta,0.0
2026-07-11,2026-07,Conv | Tof | Multicategory | CA | Direct | Growify,CA,0.0,0.0,0.0,0.0,0,Meta,0.0
2026-07-11,2026-07,Conv | Tof | Multicategory | US | Direct | Growify,US,0.0,0.0,0.0,0.0,0,Meta,0.0
2026-07-11,2026-07,Growify | MOF & BOF | Sale | India +intl,AU,0.0,0.0,0.0,0.0,0,Meta,0.0
2026-07-11,2026-07,Growify | MOF & BOF | Sale | India +intl,IN,0.0,0.0,0.0,0.0,0,Meta,0.0
2026-07-11,2026-07,Growify | TOF | Sales | Australia | EOSS,AU,0.0,0.0,0.0,0.0,0,Meta,0.0
2026-07-11,2026-07,Growify | TOF | Sales | India | Open,IN,0.0,0.0,0.0,0.0,0,Meta,0.0
2026-07-12,2026-07,Conv | Tof | Multi Category | Ind | Direct | Growify |,IN,0.0,0.0,0.0,0.0,0,Meta,0.0
2026-07-12,2026-07,Conv | Tof | Multi Category | Ind | Direct | Growify | LAL,IN,0.0,7250.0,1.0,0.0,0,Meta,0.0
2026-07-12,2026-07,Conv | Tof | Multicategory | INT | Direct | Growify,CA,0.0,0.0,0.0,0.0,0,Meta,0.0
2026-07-12,2026-07,Conv | Tof | Multicategory | US | Direct | Growify,US,0.0,0.0,0.0,0.0,0,Meta,0.0
2026-07-12,2026-07,Growify | MOF & BOF | Sale | India +intl,CA,0.0,0.0,0.0,0.0,0,Meta,0.0
2026-07-12,2026-07,Growify | MOF & BOF | Sale | India +intl,IN,0.0,0.0,0.0,0.0,0,Meta,0.0
2026-07-12,2026-07,Growify | TOF | Sales | Australia | EOSS,AU,0.0,0.0,0.0,0.0,0,Meta,0.0
2026-07-12,2026-07,Growify | TOF | Sales | India | Open,IN,0.0,0.0,0.0,0.0,0,Meta,0.0
2026-07-13,2026-07,Conv | Tof | Multi Category | Ind | Direct | Growify |,IN,8668.779999999999,5500.0,1.0,3396.0,55996,Meta,0.634460673820307
2026-07-13,2026-07,Conv | Tof | Multi Category | Ind | Direct | Growify | LAL,IN,963.1,0.0,0.0,186.0,2420,Meta,0.0
2026-07-13,2026-07,Conv | Tof | Multicategory | CA | Direct | Growify,CA,2729.91,0.0,0.0,131.0,2672,Meta,0.0
2026-07-13,2026-07,Conv | Tof | Multicategory | CA | Direct | Growify,US,7.85,0.0,0.0,0.0,15,Meta,0.0
2026-07-13,2026-07,Conv | Tof | Multicategory | INT | Direct | Growify,CA,87.84,0.0,0.0,5.0,72,Meta,0.0
2026-07-13,2026-07,Conv | Tof | Multicategory | INT | Direct | Growify,GB,40.63,0.0,0.0,0.0,29,Meta,0.0
2026-07-13,2026-07,Conv | Tof | Multicategory | INT | Direct | Growify,US,196.78,0.0,0.0,1.0,69,Meta,0.0
2026-07-13,2026-07,Conv | Tof | Multicategory | US | Direct | Growify,US,2422.69,0.0,0.0,76.0,1001,Meta,0.0
2026-07-13,2026-07,Growify | MOF & BOF | Sale | India +intl,AU,449.6,4675.0,1.0,20.0,356,Meta,10.398131672597865
2026-07-13,2026-07,Growify | MOF & BOF | Sale | India +intl,CA,2431.25,18700.0,1.0,101.0,2641,Meta,7.691516709511568
2026-07-13,2026-07,Growify | MOF & BOF | Sale | India +intl,IN,4638.33,3500.0,2.0,1202.0,16555,Meta,0.7545819292719578
2026-07-13,2026-07,Growify | MOF & BOF | Sale | India +intl,US,2223.19,0.0,0.0,52.0,1125,Meta,0.0
2026-07-13,2026-07,Growify | TOF | Sale | India,IN,98.75,0.0,0.0,15.0,515,Meta,0.0
2026-07-13,2026-07,Growify | TOF | Sales | Australia | EOSS,AU,296.28,0.0,0.0,27.0,281,Meta,0.0
2026-07-13,2026-07,Growify | TOF | Sales | Australia | EOSS,GB,573.0799999999999,0.0,0.0,36.0,490,Meta,0.0
2026-07-13,2026-07,Growify | TOF | Sales | India | Open,IN,1123.93,0.0,0.0,464.0,4139,Meta,0.0
2026-07-14,2026-07,Conv | Tof | Multi Category | Ind | Direct | Growify |,IN,15790.9,25734.1,5.0,5200.0,126484,Meta,1.6296791189862516
2026-07-14,2026-07,Conv | Tof | Multi Category | Ind | Direct | Growify | LAL,IN,1415.64,0.0,0.0,276.0,5024,Meta,0.0
2026-07-14,2026-07,Conv | Tof | Multicategory | CA | Direct | Growify,CA,4897.45,0.0,0.0,209.0,4550,Meta,0.0
2026-07-14,2026-07,Conv | Tof | Multicategory | CA | Direct | Growify,US,43.04,0.0,0.0,0.0,29,Meta,0.0
2026-07-14,2026-07,Conv | Tof | Multicategory | CA | Direct | Growify,unknown,0.0,0.0,0.0,0.0,0,Meta,0.0
2026-07-14,2026-07,Conv | Tof | Multicategory | INT | Direct | Growify,CA,330.19,0.0,0.0,6.0,275,Meta,0.0
2026-07-14,2026-07,Conv | Tof | Multicategory | INT | Direct | Growify,GB,101.65,0.0,0.0,6.0,97,Meta,0.0
2026-07-14,2026-07,Conv | Tof | Multicategory | INT | Direct | Growify,US,384.78,0.0,0.0,7.0,141,Meta,0.0
2026-07-14,2026-07,Conv | Tof | Multicategory | INT | Direct | Growify,unknown,0.0,0.0,0.0,0.0,0,Meta,0.0
2026-07-14,2026-07,Conv | Tof | Multicategory | US | Direct | Growify,US,3909.49,0.0,0.0,144.0,1589,Meta,0.0
2026-07-14,2026-07,Growify | MOF & BOF | Sale | India +intl,AU,1445.11,0.0,0.0,66.0,1144,Meta,0.0
2026-07-14,2026-07,Growify | MOF & BOF | Sale | India +intl,CA,4181.37,0.0,0.0,164.0,4279,Meta,0.0
2026-07-14,2026-07,Growify | MOF & BOF | Sale | India +intl,IN,6853.17,0.0,0.0,2237.0,37569,Meta,0.0
2026-07-14,2026-07,Growify | MOF & BOF | Sale | India +intl,US,4290.76,10200.0,1.0,127.0,2255,Meta,2.37720124173806
2026-07-14,2026-07,Growify | TOF | Sale | India,IN,129.25,0.0,0.0,32.0,1148,Meta,0.0
2026-07-14,2026-07,Growify | TOF | Sales | Australia | EOSS,AU,782.69,0.0,0.0,48.0,629,Meta,0.0
2026-07-14,2026-07,Growify | TOF | Sales | Australia | EOSS,GB,2359.81,0.0,0.0,107.0,1411,Meta,0.0
2026-07-14,2026-07,Growify | TOF | Sales | India | Open,IN,1324.93,0.0,0.0,623.0,9065,Meta,0.0
2026-07-15,2026-07,Conv | Tof | Multi Category | Ind | Direct | Growify |,IN,17880.329999,39420.0,3.0,5944.0,162271,Meta,2.2046572967168196
2026-07-15,2026-07,Conv | Tof | Multi Category | Ind | Direct | Growify | LAL,IN,3400.39,3366.0,1.0,670.0,14482,Meta,0.9898864542008418
2026-07-15,2026-07,Conv | Tof | Multicategory | CA | Direct | Growify,CA,6040.17,0.0,0.0,252.0,5401,Meta,0.0
2026-07-15,2026-07,Conv | Tof | Multicategory | CA | Direct | Growify,US,55.96,0.0,0.0,0.0,55,Meta,0.0
2026-07-15,2026-07,Conv | Tof | Multicategory | INT | Direct | Growify,CA,345.57000000000005,0.0,0.0,9.0,323,Meta,0.0
2026-07-15,2026-07,Conv | Tof | Multicategory | INT | Direct | Growify,GB,232.84,0.0,0.0,4.0,120,Meta,0.0
2026-07-15,2026-07,Conv | Tof | Multicategory | INT | Direct | Growify,US,369.82,0.0,0.0,14.0,178,Meta,0.0
2026-07-15,2026-07,Conv | Tof | Multicategory | US | Direct | Growify,US,4526.34,0.0,0.0,156.0,1967,Meta,0.0
2026-07-15,2026-07,Growify | MOF & BOF | Sale | India +intl,AU,4481.69,0.0,0.0,194.0,3586,Meta,0.0
2026-07-15,2026-07,Growify | MOF & BOF | Sale | India +intl,CA,2855.96,0.0,0.0,114.0,3110,Meta,0.0
2026-07-15,2026-07,Growify | MOF & BOF | Sale | India +intl,IN,12776.68,31749.0,5.0,3671.0,58187,Meta,2.484917834680058
2026-07-15,2026-07,Growify | MOF & BOF | Sale | India +intl,US,2925.98,0.0,0.0,89.0,1627,Meta,0.0
2026-07-15,2026-07,Growify | TOF | Sale | India,IN,315.09,8400.0,1.0,59.0,2829,Meta,26.659049795296585
2026-07-15,2026-07,Growify | TOF | Sales | Australia | EOSS,AU,1195.29,0.0,0.0,48.0,758,Meta,0.0
2026-07-15,2026-07,Growify | TOF | Sales | Australia | EOSS,GB,1373.25,40356.0,1.0,78.0,852,Meta,29.387220098306937
2026-07-15,2026-07,Growify | TOF | Sales | India | Open,IN,3744.89,0.0,0.0,1936.0,35457,Meta,0.0
2026-07-16,2026-07,Conv | Tof | Multi Category | Ind | Direct | Growify |,IN,27763.47,10974.0,2.0,15209.0,499676,Meta,0.3952675944325403
2026-07-16,2026-07,Conv | Tof | Multi Category | Ind | Direct | Growify |,unknown,0.0,0.0,0.0,0.0,0,Meta,0.0
2026-07-16,2026-07,Conv | Tof | Multi Category | Ind | Direct | Growify | LAL,IN,3107.49,6600.0,3.0,763.0,15351,Meta,2.12390064006642
2026-07-16,2026-07,Conv | Tof | Multicategory | CA | Direct | Growify,CA,7579.873944999999,0.0,0.0,385.0,7633,Meta,0.0
2026-07-16,2026-07,Conv | Tof | Multicategory | CA | Direct | Growify,US,46.836055,0.0,0.0,0.0,66,Meta,0.0
2026-07-16,2026-07,Conv | Tof | Multicategory | CA | Direct | Growify,unknown,0.0,0.0,0.0,0.0,0,Meta,0.0
2026-07-16,2026-07,Conv | Tof | Multicategory | INT | Direct | Growify,CA,340.23,0.0,0.0,12.0,281,Meta,0.0
2026-07-16,2026-07,Conv | Tof | Multicategory | INT | Direct | Growify,GB,218.287059,0.0,0.0,12.0,129,Meta,0.0
2026-07-16,2026-07,Conv | Tof | Multicategory | INT | Direct | Growify,US,583.562941,0.0,0.0,10.0,207,Meta,0.0
2026-07-16,2026-07,Conv | Tof | Multicategory | US | Direct | Growify,US,5723.78,0.0,0.0,199.0,2568,Meta,0.0
2026-07-16,2026-07,Growify | MOF & BOF | Sale | India +intl,AU,3742.621457,0.0,0.0,159.0,2913,Meta,0.0
2026-07-16,2026-07,Growify | MOF & BOF | Sale | India +intl,CA,3785.79,0.0,0.0,186.0,4555,Meta,0.0
2026-07-16,2026-07,Growify | MOF & BOF | Sale | India +intl,GB,973.798543,0.0,0.0,43.0,882,Meta,0.0
2026-07-16,2026-07,Growify | MOF & BOF | Sale | India +intl,IN,14629.670000000002,29878.2,3.0,5145.0,88184,Meta,2.04230170605352
2026-07-16,2026-07,Growify | MOF & BOF | Sale | India +intl,US,3792.59,0.0,0.0,88.0,2010,Meta,0.0
2026-07-16,2026-07,Growify | TOF | Sale | India,IN,287.9,0.0,0.0,44.0,1649,Meta,0.0
2026-07-16,2026-07,Growify | TOF | Sales | Australia | EOSS,AU,1061.53,0.0,0.0,46.0,653,Meta,0.0
2026-07-16,2026-07,Growify | TOF | Sales | Australia | EOSS,GB,972.41,0.0,0.0,42.0,468,Meta,0.0
2026-07-16,2026-07,Growify | TOF | Sales | India | Open,IN,3687.86,0.0,0.0,3406.0,73859,Meta,0.0
2026-07-17,2026-07,Conv | Tof | Multi Category | Ind | Direct | Growify |,IN,28785.13,0.0,0.0,16286.0,530375,Meta,0.0
2026-07-17,2026-07,Conv | Tof | Multi Category | Ind | Direct | Growify | LAL,IN,3326.82,0.0,0.0,679.0,11725,Meta,0.0
2026-07-17,2026-07,Conv | Tof | Multicategory | CA | Direct | Growify,CA,7689.189183,0.0,0.0,428.0,7516,Meta,0.0
2026-07-17,2026-07,Conv | Tof | Multicategory | CA | Direct | Growify,US,26.860817,0.0,0.0,0.0,43,Meta,0.0
2026-07-17,2026-07,Conv | Tof | Multicategory | CA | Direct | Growify,unknown,0.0,0.0,0.0,0.0,0,Meta,0.0
2026-07-17,2026-07,Conv | Tof | Multicategory | INT | Direct | Growify,CA,370.65000000000003,0.0,0.0,26.0,388,Meta,0.0
2026-07-17,2026-07,Conv | Tof | Multicategory | INT | Direct | Growify,GB,237.49,0.0,0.0,6.0,162,Meta,0.0
2026-07-17,2026-07,Conv | Tof | Multicategory | INT | Direct | Growify,US,698.63,0.0,0.0,17.0,317,Meta,0.0
2026-07-17,2026-07,Conv | Tof | Multicategory | US | Direct | Growify,US,6089.98,0.0,0.0,184.0,2548,Meta,0.0
2026-07-17,2026-07,Growify | MOF & BOF | Sale | India +intl,AU,2673.92,0.0,0.0,134.0,2268,Meta,0.0
2026-07-17,2026-07,Growify | MOF & BOF | Sale | India +intl,CA,3796.23,0.0,0.0,167.0,4772,Meta,0.0
2026-07-17,2026-07,Growify | MOF & BOF | Sale | India +intl,GB,2095.57,0.0,0.0,74.0,1491,Meta,0.0
2026-07-17,2026-07,Growify | MOF & BOF | Sale | India +intl,IN,14672.38,11820.0,3.0,5565.0,99333,Meta,0.805595274931538
2026-07-17,2026-07,Growify | MOF & BOF | Sale | India +intl,US,3740.98,0.0,0.0,106.0,2098,Meta,0.0
2026-07-17,2026-07,Growify | TOF | Sale | India,IN,300.83,0.0,0.0,45.0,1546,Meta,0.0
2026-07-17,2026-07,Growify | TOF | Sales | Australia | EOSS,AU,1160.1599999999999,0.0,0.0,50.0,712,Meta,0.0
2026-07-17,2026-07,Growify | TOF | Sales | Australia | EOSS,GB,678.6,0.0,0.0,48.0,308,Meta,0.0
2026-07-17,2026-07,Growify | TOF | Sales | India | Open,IN,3851.21,0.0,0.0,2238.0,48678,Meta,0.0
2026-07-18,2026-07,Conv | Tof | Multi Category | Ind | Direct | Growify |,IN,30590.28,31356.0,7.0,21273.0,617259,Meta,1.0250314805879515
2026-07-18,2026-07,Conv | Tof | Multi Category | Ind | Direct | Growify | LAL,IN,3167.75,0.0,0.0,598.0,9615,Meta,0.0
2026-07-18,2026-07,Conv | Tof | Multicategory | CA | Direct | Growify,CA,8487.98,0.0,0.0,510.0,8225,Meta,0.0
2026-07-18,2026-07,Conv | Tof | Multicategory | CA | Direct | Growify,US,175.76,0.0,0.0,0.0,68,Meta,0.0
2026-07-18,2026-07,Conv | Tof | Multicategory | CA | Direct | Growify,unknown,0.0,0.0,0.0,0.0,0,Meta,0.0
2026-07-18,2026-07,Conv | Tof | Multicategory | INT | Direct | Growify,CA,595.27,0.0,0.0,28.0,630,Meta,0.0
2026-07-18,2026-07,Conv | Tof | Multicategory | INT | Direct | Growify,GB,361.29,0.0,0.0,11.0,189,Meta,0.0
2026-07-18,2026-07,Conv | Tof | Multicategory | INT | Direct | Growify,US,588.57,0.0,0.0,13.0,280,Meta,0.0
2026-07-18,2026-07,Conv | Tof | Multicategory | US | Direct | Growify,US,6649.84,0.0,0.0,211.0,2569,Meta,0.0
2026-07-18,2026-07,Growify | MOF & BOF | Sale | India +intl,AU,2834.72,0.0,0.0,143.0,2708,Meta,0.0
2026-07-18,2026-07,Growify | MOF & BOF | Sale | India +intl,CA,3941.14,0.0,0.0,207.0,4944,Meta,0.0
2026-07-18,2026-07,Growify | MOF & BOF | Sale | India +intl,GB,2121.4,0.0,0.0,85.0,1756,Meta,0.0
2026-07-18,2026-07,Growify | MOF & BOF | Sale | India +intl,IN,15028.29,41790.0,4.0,5810.0,106226,Meta,2.780755495136173
2026-07-18,2026-07,Growify | MOF & BOF | Sale | India +intl,US,4025.52,0.0,0.0,126.0,2380,Meta,0.0
2026-07-18,2026-07,Growify | TOF | Sale | India,IN,267.019999,0.0,0.0,34.0,1599,Meta,0.0
2026-07-18,2026-07,Growify | TOF | Sales | Australia | EOSS,AU,1333.85,0.0,0.0,73.0,922,Meta,0.0
2026-07-18,2026-07,Growify | TOF | Sales | Australia | EOSS,GB,917.4300000000001,0.0,0.0,55.0,441,Meta,0.0
2026-07-18,2026-07,Growify | TOF | Sales | India | Open,IN,3764.8799999999997,10200.0,3.0,2883.0,59451,Meta,2.7092496972015048
2026-07-19,2026-07,Conv | Tof | Multi Category | Ind | Direct | Growify |,IN,18698.309999999998,4620.0,1.0,14943.0,398774,Meta,0.2470811533234822
2026-07-19,2026-07,Conv | Tof | Multi Category | Ind | Direct | Growify |,unknown,0.0,0.0,0.0,6.0,0,Meta,0.0
2026-07-19,2026-07,Conv | Tof | Multi Category | Ind | Direct | Growify | LAL,IN,2267.74,0.0,0.0,335.0,6956,Meta,0.0
2026-07-19,2026-07,Conv | Tof | Multicategory | CA | Direct | Growify,CA,6243.41,0.0,0.0,295.0,5079,Meta,0.0
2026-07-19,2026-07,Conv | Tof | Multicategory | CA | Direct | Growify,US,29.71,0.0,0.0,0.0,44,Meta,0.0
2026-07-19,2026-07,Conv | Tof | Multicategory | CA | Direct | Growify,unknown,0.0,0.0,0.0,0.0,0,Meta,0.0
2026-07-19,2026-07,Conv | Tof | Multicategory | INT | Direct | Growify,CA,394.94,0.0,0.0,25.0,426,Meta,0.0
2026-07-19,2026-07,Conv | Tof | Multicategory | INT | Direct | Growify,GB,207.47,0.0,0.0,6.0,83,Meta,0.0
2026-07-19,2026-07,Conv | Tof | Multicategory | INT | Direct | Growify,US,381.32,0.0,0.0,8.0,183,Meta,0.0
2026-07-19,2026-07,Conv | Tof | Multicategory | US | Direct | Growify,US,4951.6,0.0,0.0,206.0,1865,Meta,0.0
2026-07-19,2026-07,Growify | MOF & BOF | Sale | India +intl,AU,1754.71,9240.0,1.0,106.0,1708,Meta,5.2658274016789095
2026-07-19,2026-07,Growify | MOF & BOF | Sale | India +intl,CA,3236.45,0.0,0.0,173.0,3728,Meta,0.0
2026-07-19,2026-07,Growify | MOF & BOF | Sale | India +intl,GB,1347.34,19000.0,1.0,65.0,1073,Meta,14.101859961108556
2026-07-19,2026-07,Growify | MOF & BOF | Sale | India +intl,IN,9838.59,11040.0,1.0,3465.0,67233,Meta,1.1221120099526456
2026-07-19,2026-07,Growify | MOF & BOF | Sale | India +intl,US,3371.63,0.0,0.0,153.0,1738,Meta,0.0
2026-07-19,2026-07,Growify | MOF & BOF | Sale | India +intl,unknown,0.0,0.0,0.0,1.0,0,Meta,0.0
2026-07-19,2026-07,Growify | TOF | Sale | India,IN,206.87,0.0,0.0,34.0,1175,Meta,0.0
2026-07-19,2026-07,Growify | TOF | Sales | Australia | EOSS,AU,1266.94,0.0,0.0,68.0,926,Meta,0.0
2026-07-19,2026-07,Growify | TOF | Sales | Australia | EOSS,GB,821.46,0.0,0.0,31.0,406,Meta,0.0
2026-07-19,2026-07,Growify | TOF | Sales | India | Open,IN,2468.8199999999997,0.0,0.0,1699.0,33579,Meta,0.0
2026-07-20,2026-07,Conv | Tof | Multi Category | Ind | Direct | Growify |,IN,18357.170000000002,31830.0,2.0,13517.0,398655,Meta,1.7339273973057936
2026-07-20,2026-07,Conv | Tof | Multi Category | Ind | Direct | Growify |,unknown,0.0,0.0,0.0,0.0,0,Meta,0.0
2026-07-20,2026-07,Conv | Tof | Multi Category | Ind | Direct | Growify | LAL,IN,2044.02,16764.0,1.0,433.0,7695,Meta,8.201485308362932
2026-07-20,2026-07,Conv | Tof | Multicategory | CA | Direct | Growify,CA,5319.0599999999995,35140.0,2.0,308.0,5718,Meta,6.606430459517283
2026-07-20,2026-07,Conv | Tof | Multicategory | CA | Direct | Growify,US,55.16,0.0,0.0,0.0,36,Meta,0.0
2026-07-20,2026-07,Conv | Tof | Multicategory | CA | Direct | Growify,unknown,0.0,0.0,0.0,0.0,0,Meta,0.0
2026-07-20,2026-07,Conv | Tof | Multicategory | INT | Direct | Growify,CA,333.07,0.0,0.0,22.0,391,Meta,0.0
2026-07-20,2026-07,Conv | Tof | Multicategory | INT | Direct | Growify,GB,74.72,0.0,0.0,1.0,48,Meta,0.0
2026-07-20,2026-07,Conv | Tof | Multicategory | INT | Direct | Growify,US,444.58,0.0,0.0,10.0,152,Meta,0.0
2026-07-20,2026-07,Conv | Tof | Multicategory | US | Direct | Growify,US,3763.45,0.0,0.0,110.0,1570,Meta,0.0
2026-07-20,2026-07,Growify | MOF & BOF | Sale | India +intl,AU,1704.79,37074.1,1.0,93.0,1622,Meta,21.747018694384646
2026-07-20,2026-07,Growify | MOF & BOF | Sale | India +intl,CA,3234.23,0.0,0.0,142.0,3900,Meta,0.0
2026-07-20,2026-07,Growify | MOF & BOF | Sale | India +intl,GB,1078.89,0.0,0.0,27.0,1010,Meta,0.0
2026-07-20,2026-07,Growify | MOF & BOF | Sale | India +intl,IN,9681.630000000001,19890.0,2.0,3933.0,80200,Meta,2.054406127893753
2026-07-20,2026-07,Growify | MOF & BOF | Sale | India +intl,US,3110.45,0.0,0.0,122.0,1740,Meta,0.0
2026-07-20,2026-07,Growify | TOF | Sale | India,IN,209.5,0.0,0.0,30.0,931,Meta,0.0
2026-07-20,2026-07,Growify | TOF | Sales | Australia | EOSS,AU,1164.1100000000001,0.0,0.0,78.0,924,Meta,0.0
2026-07-20,2026-07,Growify | TOF | Sales | Australia | EOSS,GB,829.34,0.0,0.0,36.0,495,Meta,0.0
2026-07-20,2026-07,Growify | TOF | Sales | India | Open,IN,2477.62,3600.0,1.0,2294.0,44161,Meta,1.4530073215424482
2026-07-21,2026-07,Conv | Tof | Multi Category | Ind | Direct | Growify |,IN,19181.690000000002,1800.0,1.0,6120.0,157783,Meta,0.09383948963829568
2026-07-21,2026-07,Conv | Tof | Multi Category | Ind | Direct | Growify | LAL,IN,2566.82,0.0,0.0,564.0,11558,Meta,0.0
2026-07-21,2026-07,Conv | Tof | Multicategory | CA | Direct | Growify,CA,5704.77,0.0,0.0,321.0,5959,Meta,0.0
2026-07-21,2026-07,Conv | Tof | Multicategory | CA | Direct | Growify,US,51.36,0.0,0.0,0.0,62,Meta,0.0
2026-07-21,2026-07,Conv | Tof | Multicategory | CA | Direct | Growify,unknown,0.0,0.0,0.0,0.0,0,Meta,0.0
2026-07-21,2026-07,Conv | Tof | Multicategory | INT | Direct | Growify,CA,426.49,0.0,0.0,21.0,454,Meta,0.0
2026-07-21,2026-07,Conv | Tof | Multicategory | INT | Direct | Growify,GB,160.68,0.0,0.0,6.0,134,Meta,0.0
2026-07-21,2026-07,Conv | Tof | Multicategory | INT | Direct | Growify,US,429.69,0.0,0.0,11.0,154,Meta,0.0
2026-07-21,2026-07,Conv | Tof | Multicategory | US | Direct | Growify,US,4129.859999,0.0,0.0,172.0,2234,Meta,0.0
2026-07-21,2026-07,Growify | MOF & BOF | Sale | India +intl,AU,2075.948665,0.0,0.0,63.0,1717,Meta,0.0
2026-07-21,2026-07,Growify | MOF & BOF | Sale | India +intl,CA,3264.53,0.0,0.0,150.0,4144,Meta,0.0
2026-07-21,2026-07,Growify | MOF & BOF | Sale | India +intl,GB,1135.761335,95950.0,1.0,43.0,901,Meta,84.48077694069416
2026-07-21,2026-07,Growify | MOF & BOF | Sale | India +intl,IN,10970.09,12936.0,1.0,3240.0,71071,Meta,1.1792063693187567
2026-07-21,2026-07,Growify | MOF & BOF | Sale | India +intl,US,3159.53,0.0,0.0,103.0,1854,Meta,0.0
2026-07-21,2026-07,Growify | TOF | Sale | India,IN,234.11,0.0,0.0,51.0,1754,Meta,0.0
2026-07-21,2026-07,Growify | TOF | Sales | Australia | EOSS,AU,646.23755,0.0,0.0,48.0,456,Meta,0.0
2026-07-21,2026-07,Growify | TOF | Sales | Australia | EOSS,GB,324.95245,0.0,0.0,15.0,235,Meta,0.0
2026-07-21,2026-07,Growify | TOF | Sales | India | Open,IN,2749.56,0.0,0.0,2051.0,46205,Meta,0.0
2026-07-22,2026-07,Conv | Tof | Multi Category | Ind | Direct | Growify |,IN,1829.67,0.0,0.0,1095.0,29898,Meta,0.0
2026-07-22,2026-07,Conv | Tof | Multi Category | Ind | Direct | Growify | LAL,IN,83.46,0.0,0.0,29.0,743,Meta,0.0
2026-07-22,2026-07,Conv | Tof | Multicategory | CA | Direct | Growify,CA,1083.59,0.0,0.0,47.0,1234,Meta,0.0
2026-07-22,2026-07,Conv | Tof | Multicategory | CA | Direct | Growify,US,6.92,0.0,0.0,0.0,10,Meta,0.0
2026-07-22,2026-07,Conv | Tof | Multicategory | CA | Direct | Growify,unknown,0.0,0.0,0.0,0.0,0,Meta,0.0
2026-07-22,2026-07,Conv | Tof | Multicategory | INT | Direct | Growify,CA,96.87,0.0,0.0,7.0,111,Meta,0.0
2026-07-22,2026-07,Conv | Tof | Multicategory | INT | Direct | Growify,GB,24.85,0.0,0.0,0.0,30,Meta,0.0
2026-07-22,2026-07,Conv | Tof | Multicategory | INT | Direct | Growify,US,74.39,0.0,0.0,2.0,48,Meta,0.0
2026-07-22,2026-07,Conv | Tof | Multicategory | US | Direct | Growify,US,880.95,0.0,0.0,30.0,457,Meta,0.0
2026-07-22,2026-07,Growify | MOF & BOF | Sale | India +intl,AU,0.0,0.0,0.0,0.0,0,Meta,0.0
2026-07-22,2026-07,Growify | MOF & BOF | Sale | India +intl,CA,715.79,3366.0,1.0,26.0,845,Meta,4.7024965422819545
2026-07-22,2026-07,Growify | MOF & BOF | Sale | India +intl,GB,389.4,0.0,0.0,19.0,310,Meta,0.0
2026-07-22,2026-07,Growify | MOF & BOF | Sale | India +intl,IN,214.11,1800.0,1.0,127.0,2944,Meta,8.406893652795292
2026-07-22,2026-07,Growify | MOF & BOF | Sale | India +intl,US,613.75,0.0,0.0,32.0,391,Meta,0.0
2026-07-22,2026-07,Growify | TOF | Sale | India,IN,19.25,0.0,0.0,8.0,235,Meta,0.0
2026-07-22,2026-07,Growify | TOF | Sales | Australia | EOSS,AU,0.0,0.0,0.0,0.0,0,Meta,0.0
2026-07-22,2026-07,Growify | TOF | Sales | India | Open,IN,149.17,0.0,0.0,120.0,2422,Meta,0.0
2026-07-23,2026-07,Conv | Tof | Multi Category | Ind | Direct | Growify |,IN,0.0,0.0,0.0,0.0,0,Meta,0.0
2026-07-23,2026-07,Conv | Tof | Multi Category | Ind | Direct | Growify | LAL,IN,0.0,0.0,0.0,0.0,0,Meta,0.0
2026-07-23,2026-07,Conv | Tof | Multicategory | CA | Direct | Growify,CA,0.0,0.0,0.0,0.0,0,Meta,0.0
2026-07-23,2026-07,Conv | Tof | Multicategory | INT | Direct | Growify,CA,0.0,0.0,0.0,0.0,0,Meta,0.0
2026-07-23,2026-07,Conv | Tof | Multicategory | INT | Direct | Growify,US,0.0,0.0,0.0,0.0,0,Meta,0.0
2026-07-23,2026-07,Conv | Tof | Multicategory | US | Direct | Growify,US,0.0,0.0,0.0,0.0,0,Meta,0.0
2026-07-23,2026-07,Growify | MOF & BOF | Sale | India +intl,AU,0.0,0.0,0.0,0.0,0,Meta,0.0
2026-07-23,2026-07,Growify | MOF & BOF | Sale | India +intl,CA,0.0,0.0,0.0,0.0,0,Meta,0.0
2026-07-23,2026-07,Growify | MOF & BOF | Sale | India +intl,GB,0.0,0.0,0.0,0.0,0,Meta,0.0
2026-07-23,2026-07,Growify | MOF & BOF | Sale | India +intl,IN,0.0,0.0,0.0,0.0,0,Meta,0.0
2026-07-23,2026-07,Growify | MOF & BOF | Sale | India +intl,US,0.0,6820.0,1.0,0.0,0,Meta,0.0
2026-07-23,2026-07,Growify | TOF | Sales | Australia | EOSS,AU,0.0,0.0,0.0,0.0,0,Meta,0.0
2026-07-23,2026-07,Growify | TOF | Sales | India | Open,IN,0.0,0.0,0.0,0.0,0,Meta,0.0
2026-07-24,2026-07,Conv | Tof | Multi Category | Ind | Direct | Growify |,IN,27208.63,37950.0,2.0,15861.0,303762,Meta,1.3947780538748182
2026-07-24,2026-07,Conv | Tof | Multi Category | Ind | Direct | Growify |,unknown,0.0,0.0,0.0,0.0,0,Meta,0.0
2026-07-24,2026-07,Conv | Tof | Multi Category | Ind | Direct | Growify | LAL,IN,3229.61,0.0,0.0,705.0,11616,Meta,0.0
2026-07-24,2026-07,Conv | Tof | Multicategory | CA | Direct | Growify,CA,6567.04,40450.0,1.0,361.0,7676,Meta,6.159548289640386
2026-07-24,2026-07,Conv | Tof | Multicategory | CA | Direct | Growify,US,62.69,0.0,0.0,0.0,89,Meta,0.0
2026-07-24,2026-07,Conv | Tof | Multicategory | CA | Direct | Growify,unknown,0.0,0.0,0.0,0.0,0,Meta,0.0
2026-07-24,2026-07,Conv | Tof | Multicategory | INT | Direct | Growify,CA,388.05,0.0,0.0,28.0,393,Meta,0.0
2026-07-24,2026-07,Conv | Tof | Multicategory | INT | Direct | Growify,GB,360.48,0.0,0.0,15.0,222,Meta,0.0
2026-07-24,2026-07,Conv | Tof | Multicategory | INT | Direct | Growify,US,371.27,0.0,0.0,14.0,154,Meta,0.0
2026-07-24,2026-07,Conv | Tof | Multicategory | US | Direct | Growify,US,4620.38,0.0,0.0,248.0,2494,Meta,0.0
2026-07-24,2026-07,Growify | MOF & BOF | Sale | India +intl,AU,0.0,0.0,0.0,0.0,0,Meta,0.0
2026-07-24,2026-07,Growify | MOF & BOF | Sale | India +intl,CA,3177.04,0.0,0.0,126.0,3706,Meta,0.0
2026-07-24,2026-07,Growify | MOF & BOF | Sale | India +intl,GB,4300.4,0.0,0.0,178.0,3491,Meta,0.0
2026-07-24,2026-07,Growify | MOF & BOF | Sale | India +intl,IN,12671.380000000001,3480.0,1.0,4495.0,62865,Meta,0.27463464910688495
2026-07-24,2026-07,Growify | MOF & BOF | Sale | India +intl,US,3613.64,0.0,0.0,141.0,1874,Meta,0.0
2026-07-24,2026-07,Growify | TOF | Sale | India,IN,297.1,0.0,0.0,65.0,2014,Meta,0.0
2026-07-24,2026-07,Growify | TOF | Sales | Australia | EOSS,AU,0.0,0.0,0.0,0.0,0,Meta,0.0
2026-07-24,2026-07,Growify | TOF | Sales | India | Open,IN,3828.7700000000004,9570.0,1.0,1289.0,22006,Meta,2.499497227569167
2026-07-25,2026-07,Conv | Tof | Multi Category | Ind | Direct | Growify |,IN,16076.699999,68335.0,3.0,5786.0,122188,Meta,4.250561371690121
2026-07-25,2026-07,Conv | Tof | Multi Category | Ind | Direct | Growify | LAL,IN,3761.29,19781.92,3.0,597.0,10580,Meta,5.259344533391469
2026-07-25,2026-07,Conv | Tof | Multicategory | CA | Direct | Growify,CA,9138.67,0.0,0.0,360.0,9601,Meta,0.0
2026-07-25,2026-07,Conv | Tof | Multicategory | CA | Direct | Growify,US,168.39999899999998,0.0,0.0,0.0,115,Meta,0.0
2026-07-25,2026-07,Conv | Tof | Multicategory | CA | Direct | Growify,unknown,0.0,0.0,0.0,0.0,0,Meta,0.0
2026-07-25,2026-07,Conv | Tof | Multicategory | INT | Direct | Growify,CA,554.379999,0.0,0.0,17.0,435,Meta,0.0
2026-07-25,2026-07,Conv | Tof | Multicategory | INT | Direct | Growify,GB,446.73,0.0,0.0,8.0,230,Meta,0.0
2026-07-25,2026-07,Conv | Tof | Multicategory | INT | Direct | Growify,US,492.51,0.0,0.0,11.0,220,Meta,0.0
2026-07-25,2026-07,Conv | Tof | Multicategory | US | Direct | Growify,US,6811.72,68638.6,1.0,245.0,3189,Meta,10.07654454381566
2026-07-25,2026-07,Growify | MOF & BOF | Sale | India +intl,AU,0.0,0.0,0.0,0.0,0,Meta,0.0
2026-07-25,2026-07,Growify | MOF & BOF | Sale | India +intl,CA,4118.16,0.0,0.0,230.0,4828,Meta,0.0
2026-07-25,2026-07,Growify | MOF & BOF | Sale | India +intl,GB,5134.88,0.0,0.0,155.0,3693,Meta,0.0
2026-07-25,2026-07,Growify | MOF & BOF | Sale | India +intl,IN,13311.25,42810.0,7.0,4174.0,62745,Meta,3.2160766269133254
2026-07-25,2026-07,Growify | MOF & BOF | Sale | India +intl,US,3978.1,0.0,0.0,145.0,2386,Meta,0.0
2026-07-25,2026-07,Growify | MOF & BOF | Sale | India +intl,unknown,0.0,0.0,0.0,0.0,0,Meta,0.0
2026-07-25,2026-07,Growify | TOF | Sale | India,IN,342.12,0.0,0.0,39.0,1697,Meta,0.0
2026-07-25,2026-07,Growify | TOF | Sales | India | Open,IN,4290.389999999999,10800.0,2.0,1075.0,17047,Meta,2.5172536762392235
2026-07-26,2026-07,Conv | Tof | Multi Category | Ind | Direct | Growify |,IN,20847.06,10320.0,4.0,6584.0,124468,Meta,0.49503383210870017
2026-07-26,2026-07,Conv | Tof | Multi Category | Ind | Direct | Growify | LAL,IN,2668.24,1920.0,1.0,550.0,9068,Meta,0.7195754504842143
2026-07-26,2026-07,Conv | Tof | Multicategory | CA | Direct | Growify,CA,5429.42,0.0,0.0,165.0,4776,Meta,0.0
2026-07-26,2026-07,Conv | Tof | Multicategory | CA | Direct | Growify,US,51.96,0.0,0.0,0.0,68,Meta,0.0
2026-07-26,2026-07,Conv | Tof | Multicategory | CA | Direct | Growify,unknown,0.0,0.0,0.0,0.0,0,Meta,0.0
2026-07-26,2026-07,Conv | Tof | Multicategory | INT | Direct | Growify,CA,474.63,0.0,0.0,16.0,319,Meta,0.0
2026-07-26,2026-07,Conv | Tof | Multicategory | INT | Direct | Growify,GB,123.02,0.0,0.0,6.0,117,Meta,0.0
2026-07-26,2026-07,Conv | Tof | Multicategory | INT | Direct | Growify,US,353.3,0.0,0.0,16.0,141,Meta,0.0
2026-07-26,2026-07,Conv | Tof | Multicategory | US | Direct | Growify,US,4930.18,71055.92,3.0,153.0,1937,Meta,14.412439302418978
2026-07-26,2026-07,Growify | MOF & BOF | Sale | India +intl,AU,0.0,0.0,0.0,0.0,0,Meta,0.0
2026-07-26,2026-07,Growify | MOF & BOF | Sale | India +intl,CA,2321.64,3366.0,1.0,100.0,2125,Meta,1.449837184059544
2026-07-26,2026-07,Growify | MOF & BOF | Sale | India +intl,GB,3339.45,0.0,0.0,113.0,2698,Meta,0.0
2026-07-26,2026-07,Growify | MOF & BOF | Sale | India +intl,IN,10142.710000000001,6600.0,2.0,3855.0,57961,Meta,0.6507136652827498
2026-07-26,2026-07,Growify | MOF & BOF | Sale | India +intl,US,1987.65,0.0,0.0,58.0,997,Meta,0.0
2026-07-26,2026-07,Growify | TOF | Sale | India,IN,213.92,0.0,0.0,30.0,1103,Meta,0.0
2026-07-26,2026-07,Growify | TOF | Sales | India | Open,IN,2665.68,2400.0,1.0,616.0,7778,Meta,0.9003331232556047
2026-07-27,2026-07,Conv | Tof | Multi Category | Ind | Direct | Growify |,IN,64.19999899999999,62216.33,2.0,27.0,545,Meta,969.1017284906812
2026-07-27,2026-07,Conv | Tof | Multi Category | Ind | Direct | Growify | LAL,IN,4.65,0.0,0.0,2.0,41,Meta,0.0
2026-07-27,2026-07,Conv | Tof | Multicategory | CA | Direct | Growify,CA,48.48,0.0,0.0,5.0,92,Meta,0.0
2026-07-27,2026-07,Conv | Tof | Multicategory | INT | Direct | Growify,CA,0.0,0.0,0.0,0.0,0,Meta,0.0
2026-07-27,2026-07,Conv | Tof | Multicategory | INT | Direct | Growify,US,0.0,0.0,0.0,0.0,0,Meta,0.0
2026-07-27,2026-07,Conv | Tof | Multicategory | US | Direct | Growify,US,98.58,0.0,0.0,2.0,35,Meta,0.0
2026-07-27,2026-07,Growify | MOF & BOF | Sale | India +intl,CA,70.12,0.0,0.0,1.0,50,Meta,0.0
2026-07-27,2026-07,Growify | MOF & BOF | Sale | India +intl,GB,62.88,0.0,0.0,3.0,65,Meta,0.0
2026-07-27,2026-07,Growify | MOF & BOF | Sale | India +intl,IN,13.19,0.0,0.0,8.0,142,Meta,0.0
2026-07-27,2026-07,Growify | MOF & BOF | Sale | India +intl,US,42.29,0.0,0.0,2.0,21,Meta,0.0
2026-07-27,2026-07,Growify | TOF | Sale | India,IN,0.0,0.0,0.0,0.0,1,Meta,0.0
2026-07-27,2026-07,Growify | TOF | Sales | India | Open,IN,22.669999999999998,6600.0,1.0,0.0,24,Meta,291.1336568151743
2026-07-28,2026-07,Conv | Tof | Multi Category | Ind | Direct | Growify |,AU,0.0,0.0,0.0,0.0,0,Meta,0.0
2026-07-28,2026-07,Conv | Tof | Multi Category | Ind | Direct | Growify |,IN,1742.05,12595.92,4.0,652.0,12752,Meta,7.230515771648346
2026-07-28,2026-07,Conv | Tof | Multi Category | Ind | Direct | Growify | LAL,IN,148.66,0.0,0.0,41.0,452,Meta,0.0
2026-07-28,2026-07,Conv | Tof | Multicategory | CA | Direct | Growify,CA,337.45,0.0,0.0,12.0,403,Meta,0.0
2026-07-28,2026-07,Conv | Tof | Multicategory | CA | Direct | Growify,US,1.4,0.0,0.0,0.0,3,Meta,0.0
2026-07-28,2026-07,Conv | Tof | Multicategory | INT | Direct | Growify,CA,10.95,0.0,0.0,0.0,16,Meta,0.0
2026-07-28,2026-07,Conv | Tof | Multicategory | INT | Direct | Growify,GB,11.78,0.0,0.0,1.0,6,Meta,0.0
2026-07-28,2026-07,Conv | Tof | Multicategory | INT | Direct | Growify,US,4.41,0.0,0.0,0.0,3,Meta,0.0
2026-07-28,2026-07,Conv | Tof | Multicategory | US | Direct | Growify,US,475.96,0.0,0.0,18.0,168,Meta,0.0
2026-07-28,2026-07,Growify | MOF & BOF | Sale | India +intl,CA,23.04,0.0,0.0,1.0,27,Meta,0.0
2026-07-28,2026-07,Growify | MOF & BOF | Sale | India +intl,GB,30.47,0.0,0.0,0.0,35,Meta,0.0
2026-07-28,2026-07,Growify | MOF & BOF | Sale | India +intl,IN,496.38,0.0,0.0,189.0,2230,Meta,0.0
2026-07-28,2026-07,Growify | MOF & BOF | Sale | India +intl,US,118.72,0.0,0.0,7.0,60,Meta,0.0
2026-07-28,2026-07,Growify | TOF | Sale | India,IN,0.06,0.0,0.0,0.0,3,Meta,0.0
2026-07-28,2026-07,Growify | TOF | Sales | India | Open,IN,139.8,0.0,0.0,42.0,497,Meta,0.0
2026-07-29,2026-07,Conv | Tof | Multi Category | Ind | Direct | Growify |,IN,30122.79,7420.0,2.0,9934.0,158707,Meta,0.24632512459835226
2026-07-29,2026-07,Conv | Tof | Multi Category | Ind | Direct | Growify | LAL,IN,3895.38,0.0,0.0,567.0,10248,Meta,0.0
2026-07-29,2026-07,Conv | Tof | Multicategory | CA | Direct | Growify,CA,7951.1,0.0,0.0,393.0,9876,Meta,0.0
2026-07-29,2026-07,Conv | Tof | Multicategory | CA | Direct | Growify,US,105.25999999999999,0.0,0.0,0.0,115,Meta,0.0
2026-07-29,2026-07,Conv | Tof | Multicategory | CA | Direct | Growify,unknown,0.0,0.0,0.0,0.0,0,Meta,0.0
2026-07-29,2026-07,Conv | Tof | Multicategory | INT | Direct | Growify,CA,589.4,0.0,0.0,25.0,614,Meta,0.0
2026-07-29,2026-07,Conv | Tof | Multicategory | INT | Direct | Growify,GB,289.65,0.0,0.0,7.0,165,Meta,0.0
2026-07-29,2026-07,Conv | Tof | Multicategory | INT | Direct | Growify,US,483.36,0.0,0.0,14.0,227,Meta,0.0
2026-07-29,2026-07,Conv | Tof | Multicategory | US | Direct | Growify,US,6630.64,5400.0,1.0,310.0,2945,Meta,0.814401023128989
2026-07-29,2026-07,Growify | MOF & BOF | Sale | India +intl,AU,212.39,0.0,0.0,11.0,229,Meta,0.0
2026-07-29,2026-07,Growify | MOF & BOF | Sale | India +intl,CA,2299.949999,0.0,0.0,148.0,3057,Meta,0.0
2026-07-29,2026-07,Growify | MOF & BOF | Sale | India +intl,GB,3541.21,0.0,0.0,102.0,2643,Meta,0.0
2026-07-29,2026-07,Growify | MOF & BOF | Sale | India +intl,IN,13860.26,14670.0,4.0,4833.0,69891,Meta,1.0584217034889678
2026-07-29,2026-07,Growify | MOF & BOF | Sale | India +intl,US,2561.2899989999996,0.0,0.0,92.0,1532,Meta,0.0
2026-07-29,2026-07,Growify | MOF & BOF | Sale | India +intl,unknown,0.0,0.0,0.0,0.0,0,Meta,0.0
2026-07-29,2026-07,Growify | TOF | Sale | India,IN,314.13,0.0,0.0,40.0,1159,Meta,0.0
2026-07-29,2026-07,Growify | TOF | Sales | India | Open,IN,3412.7400000000002,0.0,0.0,1152.0,11125,Meta,0.0
2026-07-30,2026-07,Conv | Tof | Multi Category | Ind | Direct | Growify |,IN,24941.260000000002,62773.5,7.0,6255.0,113138,Meta,2.5168535992167196
2026-07-30,2026-07,Conv | Tof | Multi Category | Ind | Direct | Growify | LAL,IN,3820.33,8880.0,2.0,569.0,9219,Meta,2.3244065303259145
2026-07-30,2026-07,Conv | Tof | Multicategory | CA | Direct | Growify,CA,7758.62,12100.0,1.0,334.0,7975,Meta,1.5595556941827284
2026-07-30,2026-07,Conv | Tof | Multicategory | CA | Direct | Growify,US,109.55,0.0,0.0,0.0,71,Meta,0.0
2026-07-30,2026-07,Conv | Tof | Multicategory | CA | Direct | Growify,unknown,0.0,0.0,0.0,0.0,0,Meta,0.0
2026-07-30,2026-07,Conv | Tof | Multicategory | INT | Direct | Growify,CA,478.65999999999997,0.0,0.0,15.0,424,Meta,0.0
2026-07-30,2026-07,Conv | Tof | Multicategory | INT | Direct | Growify,GB,300.62,0.0,0.0,4.0,223,Meta,0.0
2026-07-30,2026-07,Conv | Tof | Multicategory | INT | Direct | Growify,US,481.99,0.0,0.0,5.0,224,Meta,0.0
2026-07-30,2026-07,Conv | Tof | Multicategory | US | Direct | Growify,US,6659.97,0.0,0.0,266.0,3130,Meta,0.0
2026-07-30,2026-07,Growify | MOF & BOF | Sale | India +intl,AU,2331.24,0.0,0.0,127.0,2126,Meta,0.0
2026-07-30,2026-07,Growify | MOF & BOF | Sale | India +intl,CA,655.44,0.0,0.0,26.0,686,Meta,0.0
2026-07-30,2026-07,Growify | MOF & BOF | Sale | India +intl,GB,399.31,0.0,0.0,23.0,333,Meta,0.0
2026-07-30,2026-07,Growify | MOF & BOF | Sale | India +intl,IN,12492.34,7200.0,2.0,3505.0,55605,Meta,0.5763531892343629
2026-07-30,2026-07,Growify | MOF & BOF | Sale | India +intl,US,1035.71,0.0,0.0,41.0,733,Meta,0.0
2026-07-30,2026-07,Growify | TOF | Sale | India,IN,299.39,0.0,0.0,44.0,976,Meta,0.0
2026-07-30,2026-07,Growify | TOF | Sales | India | Open,IN,3744.11,0.0,0.0,1033.0,10791,Meta,0.0
2026-07-31,2026-07,Conv | Tof | Multi Category | Ind | Direct | Growify |,IN,19945.42,39342.42,7.0,6151.0,125973,Meta,1.9725039633158892
2026-07-31,2026-07,Conv | Tof | Multi Category | Ind | Direct | Growify | LAL,IN,4274.29,4800.0,2.0,584.0,11365,Meta,1.1229935264102342
2026-07-31,2026-07,Conv | Tof | Multicategory | CA | Direct | Growify,CA,7358.929999999999,0.0,0.0,310.0,8250,Meta,0.0
2026-07-31,2026-07,Conv | Tof | Multicategory | CA | Direct | Growify,US,83.09,0.0,0.0,0.0,91,Meta,0.0
2026-07-31,2026-07,Conv | Tof | Multicategory | CA | Direct | Growify,unknown,0.0,0.0,0.0,0.0,0,Meta,0.0
2026-07-31,2026-07,Conv | Tof | Multicategory | INT | Direct | Growify,CA,520.1,0.0,0.0,19.0,505,Meta,0.0
2026-07-31,2026-07,Conv | Tof | Multicategory | INT | Direct | Growify,GB,260.779999,0.0,0.0,8.0,168,Meta,0.0
2026-07-31,2026-07,Conv | Tof | Multicategory | INT | Direct | Growify,US,529.52,0.0,0.0,4.0,177,Meta,0.0
2026-07-31,2026-07,Conv | Tof | Multicategory | US | Direct | Growify,US,6786.53,0.0,0.0,233.0,3332,Meta,0.0
2026-07-31,2026-07,Growify | MOF & BOF | Sale | India +intl,AU,2001.653651,0.0,0.0,122.0,1957,Meta,0.0
2026-07-31,2026-07,Growify | MOF & BOF | Sale | India +intl,CA,675.120521,0.0,0.0,38.0,745,Meta,0.0
2026-07-31,2026-07,Growify | MOF & BOF | Sale | India +intl,GB,439.101314,0.0,0.0,12.0,430,Meta,0.0
2026-07-31,2026-07,Growify | MOF & BOF | Sale | India +intl,IN,10603.689999999999,0.0,0.0,2828.0,43342,Meta,0.0
2026-07-31,2026-07,Growify | MOF & BOF | Sale | India +intl,US,1083.814514,0.0,0.0,27.0,698,Meta,0.0
2026-07-31,2026-07,Growify | TOF | Sale | India,IN,297.76,0.0,0.0,29.0,944,Meta,0.0
2026-07-31,2026-07,Growify | TOF | Sales | India | Open,IN,3891.48,4500.0,1.0,959.0,12509,Meta,1.1563723827438404
2026-08-01,2026-08,Conv | Tof | Multi Category | Ind | Direct | Growify |,IN,17182.94,1800.0,1.0,5298.0,98867,Meta,0.10475506519838865
2026-08-01,2026-08,Conv | Tof | Multi Category | Ind | Direct | Growify | LAL,IN,3631.02,0.0,0.0,555.0,9930,Meta,0.0
2026-08-01,2026-08,Conv | Tof | Multicategory | CA | Direct | Growify,CA,8426.17,0.0,0.0,398.0,10868,Meta,0.0
2026-08-01,2026-08,Conv | Tof | Multicategory | CA | Direct | Growify,US,60.77,0.0,0.0,0.0,103,Meta,0.0
2026-08-01,2026-08,Conv | Tof | Multicategory | CA | Direct | Growify,unknown,0.0,0.0,0.0,0.0,0,Meta,0.0
2026-08-01,2026-08,Conv | Tof | Multicategory | INT | Direct | Growify,CA,495.27000000000004,0.0,0.0,25.0,654,Meta,0.0
2026-08-01,2026-08,Conv | Tof | Multicategory | INT | Direct | Growify,GB,196.81,0.0,0.0,4.0,170,Meta,0.0
2026-08-01,2026-08,Conv | Tof | Multicategory | INT | Direct | Growify,US,663.29,0.0,0.0,12.0,233,Meta,0.0
2026-08-01,2026-08,Conv | Tof | Multicategory | US | Direct | Growify,US,3637.2,0.0,0.0,159.0,2168,Meta,0.0
2026-08-01,2026-08,Growify | MOF & BOF | Sale | India +intl,AU,1940.0662,0.0,0.0,123.0,2055,Meta,0.0
2026-08-01,2026-08,Growify | MOF & BOF | Sale | India +intl,CA,783.741113,0.0,0.0,47.0,815,Meta,0.0
2026-08-01,2026-08,Growify | MOF & BOF | Sale | India +intl,GB,666.971805,0.0,0.0,15.0,449,Meta,0.0
2026-08-01,2026-08,Growify | MOF & BOF | Sale | India +intl,IN,7548.66,0.0,0.0,2516.0,37844,Meta,0.0
2026-08-01,2026-08,Growify | MOF & BOF | Sale | India +intl,US,1010.760882,0.0,0.0,41.0,842,Meta,0.0
2026-08-01,2026-08,Growify | TOF | Sale | India,IN,273.57,0.0,0.0,31.0,1104,Meta,0.0
2026-08-01,2026-08,Growify | TOF | Sales | India | Open,IN,3579.07,6600.0,1.0,1531.0,18214,Meta,1.8440544610750838
2026-08-02,2026-08,Conv | Tof | Multi Category | Ind | Direct | Growify |,IN,18444.55,119725.9,5.0,6414.0,105738,Meta,6.491126105001206
2026-08-02,2026-08,Conv | Tof | Multi Category | Ind | Direct | Growify |,unknown,0.0,0.0,0.0,0.0,0,Meta,0.0
2026-08-02,2026-08,Conv | Tof | Multi Category | Ind | Direct | Growify | LAL,IN,2086.96,8220.0,2.0,259.0,5629,Meta,3.9387434354276074
2026-08-02,2026-08,Conv | Tof | Multicategory | CA | Direct | Growify,CA,4864.4400000000005,25190.0,1.0,212.0,5534,Meta,5.178396691088799
2026-08-02,2026-08,Conv | Tof | Multicategory | CA | Direct | Growify,IN,0.45,0.0,0.0,0.0,2,Meta,0.0
2026-08-02,2026-08,Conv | Tof | Multicategory | CA | Direct | Growify,US,30.22,0.0,0.0,0.0,58,Meta,0.0
2026-08-02,2026-08,Conv | Tof | Multicategory | CA | Direct | Growify,unknown,0.0,0.0,0.0,0.0,0,Meta,0.0
2026-08-02,2026-08,Conv | Tof | Multicategory | INT | Direct | Growify,CA,361.55,0.0,0.0,28.0,392,Meta,0.0
2026-08-02,2026-08,Conv | Tof | Multicategory | INT | Direct | Growify,GB,199.21,0.0,0.0,3.0,143,Meta,0.0
2026-08-02,2026-08,Conv | Tof | Multicategory | INT | Direct | Growify,US,303.66,0.0,0.0,14.0,121,Meta,0.0
2026-08-02,2026-08,Conv | Tof | Multicategory | US | Direct | Growify,US,4149.31,28615.92,1.0,203.0,2261,Meta,6.896549064784264
2026-08-02,2026-08,Growify | MOF & BOF | Sale | India +intl,AU,1341.11,0.0,0.0,67.0,1494,Meta,0.0
2026-08-02,2026-08,Growify | MOF & BOF | Sale | India +intl,CA,505.21,0.0,0.0,26.0,534,Meta,0.0
2026-08-02,2026-08,Growify | MOF & BOF | Sale | India +intl,GB,401.66,0.0,0.0,13.0,367,Meta,0.0
2026-08-02,2026-08,Growify | MOF & BOF | Sale | India +intl,IN,6710.26,0.0,0.0,2027.0,34907,Meta,0.0
2026-08-02,2026-08,Growify | MOF & BOF | Sale | India +intl,US,890.72,0.0,0.0,24.0,459,Meta,0.0
2026-08-02,2026-08,Growify | TOF | Sale | India,IN,192.12,0.0,0.0,32.0,691,Meta,0.0
2026-08-02,2026-08,Growify | TOF | Sales | India | Open,IN,1871.2,0.0,0.0,650.0,9413,Meta,0.0
2026-08-03,2026-08,Conv | Tof | Multi Category | Ind | Direct | Growify |,IN,19772.67,18900.0,4.0,13031.0,217655,Meta,0.9558648376774609
2026-08-03,2026-08,Conv | Tof | Multi Category | Ind | Direct | Growify |,unknown,0.0,0.0,0.0,0.0,0,Meta,0.0
2026-08-03,2026-08,Conv | Tof | Multi Category | Ind | Direct | Growify | LAL,IN,2085.37,0.0,0.0,336.0,6359,Meta,0.0
2026-08-03,2026-08,Conv | Tof | Multi_Category | Ind | Direct | Growify,IN,1191.05,7514.1,1.0,211.0,4187,Meta,6.308803156878385
2026-08-03,2026-08,Conv | Tof | Multicategory | CA | Direct | Growify,CA,4136.35,0.0,0.0,207.0,5811,Meta,0.0
2026-08-03,2026-08,Conv | Tof | Multicategory | CA | Direct | Growify,US,53.37,0.0,0.0,0.0,102,Meta,0.0
2026-08-03,2026-08,Conv | Tof | Multicategory | CA | Direct | Growify,unknown,0.0,0.0,0.0,0.0,0,Meta,0.0
2026-08-03,2026-08,Conv | Tof | Multicategory | INT | Direct | Growify,CA,183.56,0.0,0.0,13.0,278,Meta,0.0
2026-08-03,2026-08,Conv | Tof | Multicategory | INT | Direct | Growify,GB,203.56,0.0,0.0,5.0,161,Meta,0.0
2026-08-03,2026-08,Conv | Tof | Multicategory | INT | Direct | Growify,US,333.06,0.0,0.0,8.0,148,Meta,0.0
2026-08-03,2026-08,Conv | Tof | Multicategory | US | Direct | Growify,US,3170.88,0.0,0.0,120.0,1624,Meta,0.0
2026-08-03,2026-08,Growify | MOF & BOF | Sale | India +intl,AU,615.52,0.0,0.0,30.0,743,Meta,0.0
2026-08-03,2026-08,Growify | MOF & BOF | Sale | India +intl,CA,470.39,0.0,0.0,25.0,387,Meta,0.0
2026-08-03,2026-08,Growify | MOF & BOF | Sale | India +intl,GB,251.32,0.0,0.0,9.0,329,Meta,0.0
2026-08-03,2026-08,Growify | MOF & BOF | Sale | India +intl,IN,6673.99,1800.0,1.0,3072.0,50175,Meta,0.2697037304520984
2026-08-03,2026-08,Growify | MOF & BOF | Sale | India +intl,US,369.11,0.0,0.0,15.0,264,Meta,0.0
2026-08-03,2026-08,Growify | TOF | Sale | India,IN,155.5,0.0,0.0,6.0,391,Meta,0.0
2026-08-03,2026-08,Growify | TOF | Sales | India | Open,IN,1939.21,7800.0,2.0,835.0,9338,Meta,4.022256485888583
2026-08-04,2026-08,Conv | Tof | Multi Category | Ind | Direct | Growify |,IN,20934.07,93620.0,7.0,10866.0,196072,Meta,4.472135614335865
2026-08-04,2026-08,Conv | Tof | Multi Category | Ind | Direct | Growify | LAL,IN,3248.03,2400.0,1.0,567.0,9188,Meta,0.7389094312552531
2026-08-04,2026-08,Conv | Tof | Multi_Category | Ind | Direct | Growify,IN,2476.219999,3366.0,1.0,422.0,9304,Meta,1.359329946999592
2026-08-04,2026-08,Conv | Tof | Multicategory | CA | Direct | Growify,CA,4666.67,0.0,0.0,233.0,5501,Meta,0.0
2026-08-04,2026-08,Conv | Tof | Multicategory | CA | Direct | Growify,US,65.6,0.0,0.0,0.0,84,Meta,0.0
2026-08-04,2026-08,Conv | Tof | Multicategory | CA | Direct | Growify,unknown,0.0,0.0,0.0,0.0,0,Meta,0.0
2026-08-04,2026-08,Conv | Tof | Multicategory | INT | Direct | Growify,CA,383.44,0.0,0.0,26.0,428,Meta,0.0
2026-08-04,2026-08,Conv | Tof | Multicategory | INT | Direct | Growify,GB,149.57,0.0,0.0,6.0,114,Meta,0.0
2026-08-04,2026-08,Conv | Tof | Multicategory | INT | Direct | Growify,US,414.0,0.0,0.0,5.0,169,Meta,0.0
2026-08-04,2026-08,Conv | Tof | Multicategory | US | Direct | Growify,US,3383.63,0.0,0.0,185.0,1935,Meta,0.0
2026-08-04,2026-08,Growify | MOF & BOF | Sale | India +intl,AU,919.75,0.0,0.0,58.0,892,Meta,0.0
2026-08-04,2026-08,Growify | MOF & BOF | Sale | India +intl,CA,727.6,0.0,0.0,40.0,716,Meta,0.0
2026-08-04,2026-08,Growify | MOF & BOF | Sale | India +intl,GB,542.01,0.0,0.0,31.0,392,Meta,0.0
2026-08-04,2026-08,Growify | MOF & BOF | Sale | India +intl,IN,10475.79,10880.1,2.0,3588.0,60072,Meta,1.038594702642951
2026-08-04,2026-08,Growify | MOF & BOF | Sale | India +intl,US,957.92,18450.0,1.0,42.0,516,Meta,19.260481042258228
2026-08-04,2026-08,Growify | TOF | Sale | India,IN,10.0,0.0,0.0,1.0,47,Meta,0.0
2026-08-04,2026-08,Growify | TOF | Sales | India | Open,IN,2980.37,3000.0,1.0,1301.0,13336,Meta,1.0065864305438588
2026-08-05,2026-08,Conv | Tof | Multi Category | Ind | Direct | Growify |,IN,20650.010000000002,34100.0,2.0,17568.0,303649,Meta,1.6513309194523391
2026-08-05,2026-08,Conv | Tof | Multi Category | Ind | Direct | Growify | LAL,IN,2698.5,4200.0,1.0,293.0,5278,Meta,1.556420233463035
2026-08-05,2026-08,Conv | Tof | Multi_Category | Ind | Direct | Growify,IN,2338.6400000000003,0.0,0.0,495.0,8299,Meta,0.0
2026-08-05,2026-08,Conv | Tof | Multicategory | CA | Direct | Growify,CA,4650.06,0.0,0.0,213.0,5611,Meta,0.0
2026-08-05,2026-08,Conv | Tof | Multicategory | CA | Direct | Growify,US,66.94,0.0,0.0,0.0,68,Meta,0.0
2026-08-05,2026-08,Conv | Tof | Multicategory | CA | Direct | Growify,unknown,0.0,0.0,0.0,0.0,0,Meta,0.0
2026-08-05,2026-08,Conv | Tof | Multicategory | INT | Direct | Growify,CA,383.78,0.0,0.0,34.0,484,Meta,0.0
2026-08-05,2026-08,Conv | Tof | Multicategory | INT | Direct | Growify,GB,200.76,0.0,0.0,6.0,130,Meta,0.0
2026-08-05,2026-08,Conv | Tof | Multicategory | INT | Direct | Growify,US,373.39,11740.0,1.0,5.0,142,Meta,31.441656177187394
2026-08-05,2026-08,Conv | Tof | Multicategory | INT | Direct | Growify,unknown,0.0,0.0,0.0,0.0,0,Meta,0.0
2026-08-05,2026-08,Conv | Tof | Multicategory | US | Direct | Growify,US,3483.51,100034.8,1.0,157.0,1781,Meta,28.716667958467177
2026-08-05,2026-08,Growify | MOF & BOF | Sale | India +intl,AU,1483.4,0.0,0.0,62.0,982,Meta,0.0
2026-08-05,2026-08,Growify | MOF & BOF | Sale | India +intl,CA,598.88,0.0,0.0,23.0,607,Meta,0.0
2026-08-05,2026-08,Growify | MOF & BOF | Sale | India +intl,GB,532.34,0.0,0.0,14.0,410,Meta,0.0
2026-08-05,2026-08,Growify | MOF & BOF | Sale | India +intl,IN,8167.93,16500.0,1.0,2660.0,44931,Meta,2.0200956668335794
2026-08-05,2026-08,Growify | MOF & BOF | Sale | India +intl,US,773.04,0.0,0.0,21.0,563,Meta,0.0
2026-08-05,2026-08,Growify | TOF | Sale | India,IN,141.56,0.0,0.0,18.0,533,Meta,0.0
2026-08-05,2026-08,Growify | TOF | Sales | India | Open,IN,2354.1099999999997,0.0,0.0,1176.0,13075,Meta,0.0
2026-08-06,2026-08,Con | Tof | Multicategory | India | Direct | Growify,IN,7412.95,0.0,0.0,449.0,8182,Meta,0.0
2026-08-06,2026-08,Con | Tof | Multicategory | India | Direct | Growify | CBO,IN,2754.14,0.0,0.0,664.0,5269,Meta,0.0
2026-08-06,2026-08,Conv | Tof | Multi Category | Ind | Direct | Growify |,IN,21237.17,9570.0,1.0,24514.0,467556,Meta,0.45062501265469934
2026-08-06,2026-08,Conv | Tof | Multi Category | Ind | Direct | Growify | LAL,IN,2802.81,5520.0,2.0,300.0,4982,Meta,1.9694520855855373
2026-08-06,2026-08,Conv | Tof | Multi_Category | Ind | Direct | Growify,IN,2644.8799989999998,1800.0,1.0,432.0,10077,Meta,0.6805601769004871
2026-08-06,2026-08,Conv | Tof | Multicategory | CA | Direct | Growify,CA,5153.747618,0.0,0.0,227.0,6033,Meta,0.0
2026-08-06,2026-08,Conv | Tof | Multicategory | CA | Direct | Growify,IN,0.0,0.0,0.0,0.0,0,Meta,0.0
2026-08-06,2026-08,Conv | Tof | Multicategory | CA | Direct | Growify,US,84.55238200000001,0.0,0.0,0.0,63,Meta,0.0
2026-08-06,2026-08,Conv | Tof | Multicategory | CA | Direct | Growify,unknown,0.0,0.0,0.0,0.0,0,Meta,0.0
2026-08-06,2026-08,Conv | Tof | Multicategory | INT | Direct | Growify,CA,459.01,0.0,0.0,24.0,404,Meta,0.0
2026-08-06,2026-08,Conv | Tof | Multicategory | INT | Direct | Growify,GB,262.91,0.0,0.0,5.0,130,Meta,0.0
2026-08-06,2026-08,Conv | Tof | Multicategory | INT | Direct | Growify,US,343.52,0.0,0.0,13.0,138,Meta,0.0
2026-08-06,2026-08,Conv | Tof | Multicategory | US | Direct | Growify,US,6681.88,0.0,0.0,232.0,3286,Meta,0.0
2026-08-06,2026-08,Growify | MOF & BOF | Sale | India +intl,AU,1123.72,0.0,0.0,47.0,975,Meta,0.0
2026-08-06,2026-08,Growify | MOF & BOF | Sale | India +intl,CA,411.81,0.0,0.0,29.0,548,Meta,0.0
2026-08-06,2026-08,Growify | MOF & BOF | Sale | India +intl,GB,575.79,0.0,0.0,20.0,508,Meta,0.0
2026-08-06,2026-08,Growify | MOF & BOF | Sale | India +intl,IN,9805.39,3780.0,2.0,3467.0,58406,Meta,0.38550225947157635
2026-08-06,2026-08,Growify | MOF & BOF | Sale | India +intl,US,717.02,5520.0,3.0,29.0,435,Meta,7.698530027056428
2026-08-06,2026-08,Growify | TOF | Sale | India,IN,320.3,0.0,0.0,37.0,1011,Meta,0.0
2026-08-06,2026-08,Growify | TOF | Sales | India | Open,IN,2824.21,0.0,0.0,1543.0,17526,Meta,0.0
2026-08-07,2026-08,Con | Tof | Multicategory | India | Direct | Growify,IN,5930.889999,12870.0,1.0,431.0,8212,Meta,2.1699947229117376
2026-08-07,2026-08,Con | Tof | Multicategory | India | Direct | Growify | CBO,IN,2941.13,0.0,0.0,583.0,6040,Meta,0.0
2026-08-07,2026-08,Conv | Tof | Multi Category | Ind | Direct | Growify |,IN,19870.47,17970.0,3.0,18661.0,342295,Meta,0.9043570685544932
2026-08-07,2026-08,Conv | Tof | Multi Category | Ind | Direct | Growify | LAL,IN,2896.12,9300.0,1.0,305.0,5408,Meta,3.211192906371283
2026-08-07,2026-08,Conv | Tof | Multi_Category | Ind | Direct | Growify,IN,2958.96,1920.0,1.0,502.0,10851,Meta,0.6488766323302781
2026-08-07,2026-08,Conv | Tof | Multicategory | CA | Direct | Growify,CA,6543.38503,0.0,0.0,294.0,7858,Meta,0.0
2026-08-07,2026-08,Conv | Tof | Multicategory | CA | Direct | Growify,US,102.99497,0.0,0.0,0.0,103,Meta,0.0
2026-08-07,2026-08,Conv | Tof | Multicategory | CA | Direct | Growify,unknown,0.0,0.0,0.0,0.0,0,Meta,0.0
2026-08-07,2026-08,Conv | Tof | Multicategory | INT | Direct | Growify,CA,343.39,0.0,0.0,19.0,391,Meta,0.0
2026-08-07,2026-08,Conv | Tof | Multicategory | INT | Direct | Growify,GB,236.35,0.0,0.0,17.0,142,Meta,0.0
2026-08-07,2026-08,Conv | Tof | Multicategory | INT | Direct | Growify,US,294.68,0.0,0.0,7.0,118,Meta,0.0
2026-08-07,2026-08,Conv | Tof | Multicategory | INT | Direct | Growify,unknown,0.0,0.0,0.0,0.0,0,Meta,0.0
2026-08-07,2026-08,Conv | Tof | Multicategory | US | Direct | Growify,US,7171.05,0.0,0.0,282.0,3523,Meta,0.0
2026-08-07,2026-08,Growify | MOF & BOF | Sale | India +intl,AU,1301.8,0.0,0.0,68.0,1362,Meta,0.0
2026-08-07,2026-08,Growify | MOF & BOF | Sale | India +intl,CA,588.97,0.0,0.0,31.0,778,Meta,0.0
2026-08-07,2026-08,Growify | MOF & BOF | Sale | India +intl,GB,886.35,0.0,0.0,39.0,618,Meta,0.0
2026-08-07,2026-08,Growify | MOF & BOF | Sale | India +intl,IN,10844.15,16754.1,2.0,3491.0,58026,Meta,1.544989694904626
2026-08-07,2026-08,Growify | MOF & BOF | Sale | India +intl,US,885.23,0.0,0.0,36.0,530,Meta,0.0
2026-08-07,2026-08,Growify | MOF & BOF | Sale | India +intl,unknown,0.0,0.0,0.0,0.0,0,Meta,0.0
2026-08-07,2026-08,Growify | TOF | Sale | India,IN,297.25,0.0,0.0,25.0,944,Meta,0.0
2026-08-07,2026-08,Growify | TOF | Sales | India | Open,IN,2888.58,0.0,0.0,1293.0,16282,Meta,0.0
2026-08-08,2026-08,Con | Tof | Multicategory | India | Direct | Growify,IN,4603.32,3366.0,1.0,424.0,8503,Meta,0.7312113865644796
2026-08-08,2026-08,Con | Tof | Multicategory | India | Direct | Growify | CBO,IN,1805.49,2400.0,1.0,689.0,8603,Meta,1.3292790322848644
2026-08-08,2026-08,Conv | Tof | Multi Category | Ind | Direct | Growify |,IN,18365.579999999998,8976.0,2.0,14279.0,260813,Meta,0.4887403501550183
2026-08-08,2026-08,Conv | Tof | Multi Category | Ind | Direct | Growify |,unknown,0.0,0.0,0.0,0.0,0,Meta,0.0
2026-08-08,2026-08,Conv | Tof | Multi Category | Ind | Direct | Growify | LAL,IN,2631.56,0.0,0.0,298.0,5212,Meta,0.0
2026-08-08,2026-08,Conv | Tof | Multi_Category | Ind | Direct | Growify,IN,2242.73,0.0,0.0,303.0,8204,Meta,0.0
2026-08-08,2026-08,Conv | Tof | Multicategory | CA | Direct | Growify,CA,7157.59,0.0,0.0,306.0,8740,Meta,0.0
2026-08-08,2026-08,Conv | Tof | Multicategory | CA | Direct | Growify,US,213.32,0.0,0.0,0.0,122,Meta,0.0
2026-08-08,2026-08,Conv | Tof | Multicategory | CA | Direct | Growify,unknown,0.0,0.0,0.0,0.0,0,Meta,0.0
2026-08-08,2026-08,Conv | Tof | Multicategory | INT | Direct | Growify,CA,337.02,0.0,0.0,13.0,382,Meta,0.0
2026-08-08,2026-08,Conv | Tof | Multicategory | INT | Direct | Growify,GB,343.05,0.0,0.0,7.0,130,Meta,0.0
2026-08-08,2026-08,Conv | Tof | Multicategory | INT | Direct | Growify,US,152.3,0.0,0.0,5.0,97,Meta,0.0
2026-08-08,2026-08,Conv | Tof | Multicategory | US | Direct | Growify,US,7847.44,0.0,0.0,339.0,4104,Meta,0.0
2026-08-08,2026-08,Growify | MOF & BOF | Sale | India +intl,AU,939.58,0.0,0.0,53.0,1208,Meta,0.0
2026-08-08,2026-08,Growify | MOF & BOF | Sale | India +intl,CA,601.01,0.0,0.0,24.0,633,Meta,0.0
2026-08-08,2026-08,Growify | MOF & BOF | Sale | India +intl,GB,882.98,0.0,0.0,30.0,577,Meta,0.0
2026-08-08,2026-08,Growify | MOF & BOF | Sale | India +intl,IN,8917.75,8500.0,1.0,2257.0,38453,Meta,0.9531552241316475
2026-08-08,2026-08,Growify | MOF & BOF | Sale | India +intl,US,636.84,0.0,0.0,20.0,432,Meta,0.0
2026-08-08,2026-08,Growify | TOF | Sale | India,IN,281.6,0.0,0.0,39.0,1089,Meta,0.0
2026-08-08,2026-08,Growify | TOF | Sales | India | Open,IN,2620.54,18570.0,2.0,1025.0,13317,Meta,7.0863257191265925
2026-08-09,2026-08,Con | Tof | Multicategory | India | Direct | Growify,IN,6912.35,19424.1,1.0,666.0,15083,Meta,2.8100573611000597
2026-08-09,2026-08,Con | Tof | Multicategory | India | Direct | Growify | CBO,IN,3459.4300000000003,0.0,0.0,967.0,14710,Meta,0.0
2026-08-09,2026-08,Conv | Tof | Multi Category | Ind | Direct | Growify |,IN,20951.93,56361.1,11.0,12659.0,273073,Meta,2.6900194874648777
2026-08-09,2026-08,Conv | Tof | Multi Category | Ind | Direct | Growify | LAL,IN,3201.57,1920.0,1.0,338.0,5448,Meta,0.5997057693569092
2026-08-09,2026-08,Conv | Tof | Multi_Category | Ind | Direct | Growify,IN,3090.31,5940.0,1.0,441.0,13017,Meta,1.922137261310354
2026-08-09,2026-08,Conv | Tof | Multicategory | CA | Direct | Growify,CA,6142.110000000001,0.0,0.0,237.0,6379,Meta,0.0
2026-08-09,2026-08,Conv | Tof | Multicategory | CA | Direct | Growify,US,79.97999999999999,0.0,0.0,0.0,85,Meta,0.0
2026-08-09,2026-08,Conv | Tof | Multicategory | CA | Direct | Growify,unknown,0.0,0.0,0.0,0.0,0,Meta,0.0
2026-08-09,2026-08,Conv | Tof | Multicategory | INT | Direct | Growify,CA,369.879999,0.0,0.0,26.0,365,Meta,0.0
2026-08-09,2026-08,Conv | Tof | Multicategory | INT | Direct | Growify,GB,216.15,0.0,0.0,6.0,165,Meta,0.0
2026-08-09,2026-08,Conv | Tof | Multicategory | INT | Direct | Growify,US,312.44,0.0,0.0,5.0,100,Meta,0.0
2026-08-09,2026-08,Conv | Tof | Multicategory | US | Direct | Growify,US,8612.080000000002,0.0,0.0,313.0,4029,Meta,0.0
2026-08-09,2026-08,Growify | MOF & BOF | Sale | India +intl,AU,1252.11,0.0,0.0,58.0,1365,Meta,0.0
2026-08-09,2026-08,Growify | MOF & BOF | Sale | India +intl,CA,681.83,0.0,0.0,60.0,732,Meta,0.0
2026-08-09,2026-08,Growify | MOF & BOF | Sale | India +intl,GB,698.68,0.0,0.0,13.0,698,Meta,0.0
2026-08-09,2026-08,Growify | MOF & BOF | Sale | India +intl,IN,9873.400000000001,0.0,0.0,2011.0,38276,Meta,0.0
2026-08-09,2026-08,Growify | MOF & BOF | Sale | India +intl,US,875.54,0.0,0.0,30.0,444,Meta,0.0
2026-08-09,2026-08,Growify | TOF | Sale | India,IN,246.59,0.0,0.0,27.0,821,Meta,0.0
2026-08-09,2026-08,Growify | TOF | Sales | India | Open,IN,2769.51,0.0,0.0,922.0,14513,Meta,0.0
2026-08-09,2026-08,Growify | TOF | Sales | India | Open,TZ,0.0,0.0,0.0,0.0,0,Meta,0.0
2026-08-10,2026-08,Con | Tof | Multicategory | India | Direct | Growify,IN,2810.44,0.0,0.0,218.0,4902,Meta,0.0
2026-08-10,2026-08,Con | Tof | Multicategory | India | Direct | Growify | CBO,IN,883.86,0.0,0.0,151.0,2386,Meta,0.0
2026-08-10,2026-08,Conv | Tof | Multi Category | Ind | Direct | Growify |,IN,18524.82,19465.0,2.0,6690.0,136974,Meta,1.0507524499563288
2026-08-10,2026-08,Conv | Tof | Multi Category | Ind | Direct | Growify |,unknown,0.0,0.0,0.0,0.0,0,Meta,0.0
2026-08-10,2026-08,Conv | Tof | Multi Category | Ind | Direct | Growify | LAL,IN,2595.84,13020.0,2.0,346.0,5136,Meta,5.015717455621301
2026-08-10,2026-08,Conv | Tof | Multi_Category | Ind | Direct | Growify,IN,2993.62,21614.1,3.0,423.0,11008,Meta,7.2200546495547195
2026-08-10,2026-08,Conv | Tof | Multicategory | CA | Direct | Growify,CA,4067.5,35800.0,1.0,151.0,4256,Meta,8.801475107559927
2026-08-10,2026-08,Conv | Tof | Multicategory | CA | Direct | Growify,IN,3.03,0.0,0.0,0.0,1,Meta,0.0
2026-08-10,2026-08,Conv | Tof | Multicategory | CA | Direct | Growify,US,25.38,0.0,0.0,0.0,44,Meta,0.0
2026-08-10,2026-08,Conv | Tof | Multicategory | INT | Direct | Growify,CA,500.18,0.0,0.0,35.0,587,Meta,0.0
2026-08-10,2026-08,Conv | Tof | Multicategory | INT | Direct | Growify,GB,285.18,0.0,0.0,14.0,193,Meta,0.0
2026-08-10,2026-08,Conv | Tof | Multicategory | INT | Direct | Growify,US,207.53,0.0,0.0,5.0,94,Meta,0.0
2026-08-10,2026-08,Conv | Tof | Multicategory | US | Direct | Growify,US,8243.95,0.0,0.0,323.0,4096,Meta,0.0
2026-08-10,2026-08,Growify | MOF & BOF | Sale | India +intl,AU,953.89,0.0,0.0,53.0,980,Meta,0.0
2026-08-10,2026-08,Growify | MOF & BOF | Sale | India +intl,CA,614.35,0.0,0.0,66.0,731,Meta,0.0
2026-08-10,2026-08,Growify | MOF & BOF | Sale | India +intl,GB,527.48,0.0,0.0,27.0,549,Meta,0.0
2026-08-10,2026-08,Growify | MOF & BOF | Sale | India +intl,IN,8920.63,5166.0,2.0,2143.0,38151,Meta,0.5791070810021266
2026-08-10,2026-08,Growify | MOF & BOF | Sale | India +intl,US,803.71,11740.0,1.0,37.0,385,Meta,14.60725883714275
2026-08-10,2026-08,Growify | TOF | Sale | India,IN,72.82,0.0,0.0,10.0,194,Meta,0.0
2026-08-10,2026-08,Growify | TOF | Sales | India | Open,IN,2577.4700000000003,0.0,0.0,721.0,9241,Meta,0.0
2026-08-11,2026-08,Con | Tof | Multicategory | India | Direct | Growify,IN,0.0,0.0,0.0,0.0,0,Meta,0.0
2026-08-11,2026-08,Con | Tof | Multicategory | India | Direct | Growify | CBO,IN,0.0,0.0,0.0,0.0,0,Meta,0.0
2026-08-11,2026-08,Conv | Tof | Multi Category | Ind | Direct | Growify |,IN,19708.65,14766.0,4.0,5990.0,120099,Meta,0.7492141775311855
2026-08-11,2026-08,Conv | Tof | Multi Category | Ind | Direct | Growify | LAL,IN,2858.6800000000003,4800.0,2.0,252.0,3711,Meta,1.6790966460044494
2026-08-11,2026-08,Conv | Tof | Multi_Category | Ind | Direct | Growify,IN,2441.7799999999997,0.0,0.0,340.0,5942,Meta,0.0
2026-08-11,2026-08,Conv | Tof | Multicategory | CA | Direct | Growify,CA,1905.455345,0.0,0.0,49.0,2706,Meta,0.0
2026-08-11,2026-08,Conv | Tof | Multicategory | CA | Direct | Growify,US,21.444655,0.0,0.0,0.0,33,Meta,0.0
2026-08-11,2026-08,Conv | Tof | Multicategory | CA | Direct | Growify,unknown,0.0,0.0,0.0,0.0,0,Meta,0.0
2026-08-11,2026-08,Conv | Tof | Multicategory | INT | Direct | Growify,CA,784.59,0.0,0.0,54.0,875,Meta,0.0
2026-08-11,2026-08,Conv | Tof | Multicategory | INT | Direct | Growify,GB,301.22,0.0,0.0,17.0,251,Meta,0.0
2026-08-11,2026-08,Conv | Tof | Multicategory | INT | Direct | Growify,US,249.08,0.0,0.0,7.0,84,Meta,0.0
2026-08-11,2026-08,Conv | Tof | Multicategory | US | Direct | Growify,US,8164.55,0.0,0.0,392.0,4285,Meta,0.0
2026-08-11,2026-08,Growify | MOF & BOF | Sale | India +intl,AU,895.544296,0.0,0.0,54.0,852,Meta,0.0
2026-08-11,2026-08,Growify | MOF & BOF | Sale | India +intl,CA,1022.507892,0.0,0.0,63.0,1175,Meta,0.0
2026-08-11,2026-08,Growify | MOF & BOF | Sale | India +intl,GB,393.759126,0.0,0.0,25.0,404,Meta,0.0
2026-08-11,2026-08,Growify | MOF & BOF | Sale | India +intl,IN,9091.05,12570.0,2.0,2487.0,44604,Meta,1.3826785684821887
2026-08-11,2026-08,Growify | MOF & BOF | Sale | India +intl,US,551.968686,0.0,0.0,9.0,321,Meta,0.0
2026-08-11,2026-08,Growify | TOF | Sales | India | Open,IN,2585.32,0.0,0.0,632.0,8997,Meta,0.0
2026-08-12,2026-08,Con | Tof | Multicategory | India | Direct | Growify,IN,0.0,0.0,0.0,0.0,0,Meta,0.0
2026-08-12,2026-08,Con | Tof | Multicategory | India | Direct | Growify | CBO,IN,0.0,0.0,0.0,0.0,0,Meta,0.0
2026-08-12,2026-08,Conv | Tof | Multi Category | Ind | Direct | Growify |,IN,21618.92,60755.36,8.0,7688.0,165458,Meta,2.810286545303836
2026-08-12,2026-08,Conv | Tof | Multi Category | Ind | Direct | Growify |,PK,0.0,0.0,0.0,0.0,1,Meta,0.0
2026-08-12,2026-08,Conv | Tof | Multi Category | Ind | Direct | Growify | LAL,IN,2053.51,6565.92,1.0,195.0,3568,Meta,3.197413209577747
2026-08-12,2026-08,Conv | Tof | Multi_Category | Ind | Direct | Growify,IN,1837.5,9000.0,2.0,300.0,6114,Meta,4.8979591836734695
2026-08-12,2026-08,Conv | Tof | Multicategory | CA | Direct | Growify,CA,2082.18,0.0,0.0,56.0,3002,Meta,0.0
2026-08-12,2026-08,Conv | Tof | Multicategory | CA | Direct | Growify,US,14.58,0.0,0.0,0.0,35,Meta,0.0
2026-08-12,2026-08,Conv | Tof | Multicategory | INT | Direct | Growify,CA,1647.87,0.0,0.0,63.0,2094,Meta,0.0
2026-08-12,2026-08,Conv | Tof | Multicategory | INT | Direct | Growify,GB,432.3,0.0,0.0,32.0,353,Meta,0.0
2026-08-12,2026-08,Conv | Tof | Multicategory | INT | Direct | Growify,US,240.01,0.0,0.0,17.0,110,Meta,0.0
2026-08-12,2026-08,Conv | Tof | Multicategory | US | Direct | Growify,US,9242.35,34770.0,1.0,352.0,4822,Meta,3.7620302195870097
2026-08-12,2026-08,Growify | MOF & BOF | Sale | India +intl,AU,719.49841,0.0,0.0,46.0,830,Meta,0.0
2026-08-12,2026-08,Growify | MOF & BOF | Sale | India +intl,CA,906.035776,0.0,0.0,47.0,1141,Meta,0.0
2026-08-12,2026-08,Growify | MOF & BOF | Sale | India +intl,GB,525.08369,0.0,0.0,28.0,515,Meta,0.0
2026-08-12,2026-08,Growify | MOF & BOF | Sale | India +intl,IN,7423.24,4066.34,2.0,2333.0,45379,Meta,0.5477850642037709
2026-08-12,2026-08,Growify | MOF & BOF | Sale | India +intl,US,768.002124,0.0,0.0,13.0,285,Meta,0.0
2026-08-12,2026-08,Growify | TOF | Sales | India | Open,IN,2124.099999,0.0,0.0,818.0,11870,Meta,0.0
2026-08-13,2026-08,Con | Tof | Multicategory | India | Direct | Growify,IN,0.0,0.0,0.0,0.0,0,Meta,0.0
2026-08-13,2026-08,Con | Tof | Multicategory | India | Direct | Growify | CBO,IN,0.0,0.0,0.0,0.0,0,Meta,0.0
2026-08-13,2026-08,Conv | Tof | Multi Category | Ind | Direct | Growify |,IN,25096.889999,13800.0,3.0,9596.0,183893,Meta,0.5498689280046201
2026-08-13,2026-08,Conv | Tof | Multi Category | Ind | Direct | Growify |,PK,0.0,0.0,0.0,0.0,1,Meta,0.0
2026-08-13,2026-08,Conv | Tof | Multi Category | Ind | Direct | Growify |,unknown,0.01,0.0,0.0,0.0,1,Meta,0.0
2026-08-13,2026-08,Conv | Tof | Multi Category | Ind | Direct | Growify | LAL,IN,2982.55,0.0,0.0,299.0,4539,Meta,0.0
2026-08-13,2026-08,Conv | Tof | Multi_Category | Ind | Direct | Growify,IN,2943.1,0.0,0.0,391.0,7081,Meta,0.0
2026-08-13,2026-08,Conv | Tof | Multicategory | CA | Direct | Growify,CA,1755.35,0.0,0.0,38.0,2309,Meta,0.0
2026-08-13,2026-08,Conv | Tof | Multicategory | CA | Direct | Growify,US,15.98,0.0,0.0,0.0,21,Meta,0.0
2026-08-13,2026-08,Conv | Tof | Multicategory | INT | Direct | Growify,CA,1740.4299999999998,0.0,0.0,37.0,1866,Meta,0.0
2026-08-13,2026-08,Conv | Tof | Multicategory | INT | Direct | Growify,GB,1653.05,0.0,0.0,78.0,1232,Meta,0.0
2026-08-13,2026-08,Conv | Tof | Multicategory | INT | Direct | Growify,US,1226.67,0.0,0.0,41.0,625,Meta,0.0
2026-08-13,2026-08,Conv | Tof | Multicategory | US | Direct | Growify,US,7433.360000000001,0.0,0.0,246.0,3738,Meta,0.0
2026-08-13,2026-08,Growify | MOF & BOF | Sale | India +intl,AU,917.17,0.0,0.0,44.0,982,Meta,0.0
2026-08-13,2026-08,Growify | MOF & BOF | Sale | India +intl,CA,895.18,0.0,0.0,58.0,1239,Meta,0.0
2026-08-13,2026-08,Growify | MOF & BOF | Sale | India +intl,GB,438.13,0.0,0.0,32.0,470,Meta,0.0
2026-08-13,2026-08,Growify | MOF & BOF | Sale | India +intl,IN,9111.73,0.0,0.0,2917.0,52610,Meta,0.0
2026-08-13,2026-08,Growify | MOF & BOF | Sale | India +intl,US,422.73,0.0,0.0,6.0,257,Meta,0.0
2026-08-13,2026-08,Growify | TOF | Sales | India | Open,IN,2711.71,21450.0,1.0,1128.0,16618,Meta,7.91013788347574
2026-08-14,2026-08,Con | Tof | Multicategory | India | Direct | Growify,IN,0.0,0.0,0.0,0.0,0,Meta,0.0
2026-08-14,2026-08,Con | Tof | Multicategory | India | Direct | Growify | CBO,IN,0.0,0.0,0.0,0.0,0,Meta,0.0
2026-08-14,2026-08,Conv | Tof | Multi Category | Ind | Direct | Growify |,IN,25393.27,28167.0,6.0,8983.0,169824,Meta,1.109230910394762
2026-08-14,2026-08,Conv | Tof | Multi Category | Ind | Direct | Growify | LAL,IN,2347.01,0.0,0.0,249.0,4350,Meta,0.0
2026-08-14,2026-08,Conv | Tof | Multi_Category | Ind | Direct | Growify,IN,2174.6000000000004,0.0,0.0,459.0,6177,Meta,0.0
2026-08-14,2026-08,Conv | Tof | Multicategory | CA | Direct | Growify,CA,2086.23,0.0,0.0,79.0,2662,Meta,0.0
2026-08-14,2026-08,Conv | Tof | Multicategory | CA | Direct | Growify,US,178.92000000000002,0.0,0.0,0.0,27,Meta,0.0
2026-08-14,2026-08,Conv | Tof | Multicategory | INT | Direct | Growify,CA,1767.2900000000002,0.0,0.0,76.0,1636,Meta,0.0
2026-08-14,2026-08,Conv | Tof | Multicategory | INT | Direct | Growify,GB,1166.76,0.0,0.0,62.0,975,Meta,0.0
2026-08-14,2026-08,Conv | Tof | Multicategory | INT | Direct | Growify,US,1635.41,0.0,0.0,75.0,990,Meta,0.0
2026-08-14,2026-08,Conv | Tof | Multicategory | US | Direct | Growify,US,4616.27,0.0,0.0,186.0,2174,Meta,0.0
2026-08-14,2026-08,Conv | Tof | Multicategory | US | Direct | Growify,unknown,0.0,0.0,0.0,0.0,0,Meta,0.0
2026-08-14,2026-08,Growify | MOF & BOF | Sale | India +intl,AU,820.601015,0.0,0.0,50.0,943,Meta,0.0
2026-08-14,2026-08,Growify | MOF & BOF | Sale | India +intl,CA,1385.448463,0.0,0.0,74.0,1446,Meta,0.0
2026-08-14,2026-08,Growify | MOF & BOF | Sale | India +intl,GB,438.750342,0.0,0.0,25.0,477,Meta,0.0
2026-08-14,2026-08,Growify | MOF & BOF | Sale | India +intl,IN,8498.26,3720.0,2.0,3011.0,52907,Meta,0.4377366660940004
2026-08-14,2026-08,Growify | MOF & BOF | Sale | India +intl,US,549.80018,0.0,0.0,24.0,404,Meta,0.0
2026-08-14,2026-08,Growify | TOF | Sales | India | Open,IN,2383.98,8700.0,1.0,867.0,15126,Meta,3.6493594744922357
2026-08-15,2026-08,Con | Tof | Multicategory | India | Direct | Growify,IN,0.0,0.0,0.0,0.0,0,Meta,0.0
2026-08-15,2026-08,Con | Tof | Multicategory | India | Direct | Growify | CBO,IN,0.0,0.0,0.0,0.0,0,Meta,0.0
2026-08-15,2026-08,Conv | Tof | Multi Category | Ind | Direct | Growify |,IN,25844.14,22424.0,5.0,8985.0,162384,Meta,0.8676628434917936
2026-08-15,2026-08,Conv | Tof | Multi Category | Ind | Direct | Growify | LAL,IN,2429.59,0.0,0.0,314.0,4545,Meta,0.0
2026-08-15,2026-08,Conv | Tof | Multi_Category | Ind | Direct | Growify,IN,2402.38,1800.0,1.0,306.0,5493,Meta,0.7492569868214021
2026-08-15,2026-08,Conv | Tof | Multicategory | CA | Direct | Growify,CA,2031.12,0.0,0.0,49.0,2693,Meta,0.0
2026-08-15,2026-08,Conv | Tof | Multicategory | CA | Direct | Growify,US,17.85,0.0,0.0,0.0,33,Meta,0.0
2026-08-15,2026-08,Conv | Tof | Multicategory | CA | Direct | Growify,unknown,0.0,0.0,0.0,0.0,0,Meta,0.0
2026-08-15,2026-08,Conv | Tof | Multicategory | INT | Direct | Growify,CA,1851.6100000000001,0.0,0.0,80.0,1959,Meta,0.0
2026-08-15,2026-08,Conv | Tof | Multicategory | INT | Direct | Growify,GB,1006.43,0.0,0.0,61.0,927,Meta,0.0
2026-08-15,2026-08,Conv | Tof | Multicategory | INT | Direct | Growify,US,1327.9,0.0,0.0,55.0,778,Meta,0.0
2026-08-15,2026-08,Conv | Tof | Multicategory | US | Direct | Growify,CA,0.0,0.0,0.0,0.0,0,Meta,0.0
2026-08-15,2026-08,Conv | Tof | Multicategory | US | Direct | Growify,IN,0.0,0.0,0.0,0.0,0,Meta,0.0
2026-08-15,2026-08,Conv | Tof | Multicategory | US | Direct | Growify,US,4530.35,45590.0,2.0,246.0,2628,Meta,10.063240147008509
2026-08-15,2026-08,Growify | MOF & BOF | Sale | India +intl,AU,927.84,0.0,0.0,50.0,935,Meta,0.0
2026-08-15,2026-08,Growify | MOF & BOF | Sale | India +intl,CA,957.02,1800.0,1.0,68.0,1271,Meta,1.8808384359783494
2026-08-15,2026-08,Growify | MOF & BOF | Sale | India +intl,GB,434.94,0.0,0.0,18.0,419,Meta,0.0
2026-08-15,2026-08,Growify | MOF & BOF | Sale | India +intl,IN,8681.69,0.0,0.0,3281.0,56930,Meta,0.0
2026-08-15,2026-08,Growify | MOF & BOF | Sale | India +intl,US,534.6,0.0,0.0,19.0,397,Meta,0.0
2026-08-15,2026-08,Growify | TOF | Sales | India | Open,IN,2330.8900000000003,0.0,0.0,1213.0,19017,Meta,0.0
2026-08-16,2026-08,Conv | Tof | Multi Category | Ind | Direct | Growify |,IN,28122.46,75567.0,9.0,14093.0,237923,Meta,2.687069338884294
2026-08-16,2026-08,Conv | Tof | Multi Category | Ind | Direct | Growify |,unknown,0.0,0.0,0.0,0.0,0,Meta,0.0
2026-08-16,2026-08,Conv | Tof | Multi Category | Ind | Direct | Growify | LAL,IN,3125.2200000000003,6420.0,2.0,389.0,7556,Meta,2.054255380421218
2026-08-16,2026-08,Conv | Tof | Multi_Category | Ind | Direct | Growify,IN,3288.77,0.0,0.0,512.0,9488,Meta,0.0
2026-08-16,2026-08,Conv | Tof | Multicategory | CA | Direct | Growify,CA,2069.06,0.0,0.0,65.0,2555,Meta,0.0
2026-08-16,2026-08,Conv | Tof | Multicategory | CA | Direct | Growify,US,25.450000000000003,0.0,0.0,0.0,25,Meta,0.0
2026-08-16,2026-08,Conv | Tof | Multicategory | INT | Direct | Growify,CA,2163.36,0.0,0.0,106.0,2799,Meta,0.0
2026-08-16,2026-08,Conv | Tof | Multicategory | INT | Direct | Growify,GB,1002.33,0.0,0.0,55.0,1112,Meta,0.0
2026-08-16,2026-08,Conv | Tof | Multicategory | INT | Direct | Growify,US,2011.37,0.0,0.0,47.0,896,Meta,0.0
2026-08-16,2026-08,Conv | Tof | Multicategory | US | Direct | Growify,US,5738.01,0.0,0.0,262.0,3645,Meta,0.0
2026-08-16,2026-08,Growify | MOF & BOF | Sale | India +intl,AU,1191.695915,0.0,0.0,51.0,1503,Meta,0.0
2026-08-16,2026-08,Growify | MOF & BOF | Sale | India +intl,CA,1093.425938,0.0,0.0,52.0,1523,Meta,0.0
2026-08-16,2026-08,Growify | MOF & BOF | Sale | India +intl,GB,926.306996,0.0,0.0,32.0,681,Meta,0.0
2026-08-16,2026-08,Growify | MOF & BOF | Sale | India +intl,IN,10683.15,14220.0,4.0,6079.0,123707,Meta,1.331068083851673
2026-08-16,2026-08,Growify | MOF & BOF | Sale | India +intl,US,519.931151,0.0,0.0,12.0,378,Meta,0.0
2026-08-16,2026-08,Growify | TOF | Sales | India | Open,IN,2922.43,0.0,0.0,2567.0,45994,Meta,0.0
2026-08-17,2026-08,Conv | Tof | Multi Category | Ind | Direct | Growify |,AE,0.0,0.0,0.0,0.0,0,Meta,0.0
2026-08-17,2026-08,Conv | Tof | Multi Category | Ind | Direct | Growify |,IN,24251.019998,9998.0,2.0,11461.0,201681,Meta,0.4122713189311024
2026-08-17,2026-08,Conv | Tof | Multi Category | Ind | Direct | Growify |,PK,0.010001,0.0,0.0,0.0,1,Meta,0.0
2026-08-17,2026-08,Conv | Tof | Multi Category | Ind | Direct | Growify |,unknown,0.0,0.0,0.0,0.0,0,Meta,0.0
2026-08-17,2026-08,Conv | Tof | Multi Category | Ind | Direct | Growify | LAL,IN,2836.6000000000004,0.0,0.0,534.0,8909,Meta,0.0
2026-08-17,2026-08,Conv | Tof | Multi_Category | Ind | Direct | Growify,IN,2418.6800000000003,4165.92,1.0,454.0,6943,Meta,1.7223940331089684
2026-08-17,2026-08,Conv | Tof | Multicategory | CA | Direct | Growify,CA,1630.941472,0.0,0.0,61.0,2115,Meta,0.0
2026-08-17,2026-08,Conv | Tof | Multicategory | CA | Direct | Growify,US,13.808527999999999,0.0,0.0,0.0,25,Meta,0.0
2026-08-17,2026-08,Conv | Tof | Multicategory | INT | Direct | Growify,CA,2297.73,0.0,0.0,133.0,2898,Meta,0.0
2026-08-17,2026-08,Conv | Tof | Multicategory | INT | Direct | Growify,GB,968.68,0.0,0.0,48.0,988,Meta,0.0
2026-08-17,2026-08,Conv | Tof | Multicategory | INT | Direct | Growify,US,1639.69,0.0,0.0,41.0,906,Meta,0.0
2026-08-17,2026-08,Conv | Tof | Multicategory | US | Direct | Growify,US,5148.74,0.0,0.0,319.0,3214,Meta,0.0
2026-08-17,2026-08,Growify | MOF & BOF | Sale | India +intl,AU,821.037301,0.0,0.0,37.0,995,Meta,0.0
2026-08-17,2026-08,Growify | MOF & BOF | Sale | India +intl,CA,1142.080859,0.0,0.0,68.0,1296,Meta,0.0
2026-08-17,2026-08,Growify | MOF & BOF | Sale | India +intl,GB,594.762687,0.0,0.0,28.0,649,Meta,0.0
2026-08-17,2026-08,Growify | MOF & BOF | Sale | India +intl,IN,9038.86,24060.0,3.0,4489.0,73020,Meta,2.661840099304558
2026-08-17,2026-08,Growify | MOF & BOF | Sale | India +intl,SG,0.0,0.0,0.0,0.0,0,Meta,0.0
2026-08-17,2026-08,Growify | MOF & BOF | Sale | India +intl,US,576.159153,0.0,0.0,24.0,370,Meta,0.0
2026-08-17,2026-08,Growify | TOF | Sales | India | Open,IN,2690.61,0.0,0.0,2147.0,37383,Meta,0.0
2026-08-18,2026-08,Conv | Tof | Multi Category | Ind | Direct | Growify |,CA,0.11,0.0,0.0,0.0,1,Meta,0.0
2026-08-18,2026-08,Conv | Tof | Multi Category | Ind | Direct | Growify |,IN,20558.929999,13999.0,4.0,9434.0,171582,Meta,0.6809206510592195
2026-08-18,2026-08,Conv | Tof | Multi Category | Ind | Direct | Growify |,PK,0.0,0.0,0.0,0.0,1,Meta,0.0
2026-08-18,2026-08,Conv | Tof | Multi Category | Ind | Direct | Growify | LAL,IN,2453.07,0.0,0.0,534.0,7036,Meta,0.0
2026-08-18,2026-08,Conv | Tof | Multi_Category | Ind | Direct | Growify,IN,3138.38,14190.0,2.0,671.0,9016,Meta,4.521440998222013
2026-08-18,2026-08,Conv | Tof | Multicategory | CA | Direct | Growify,CA,1662.61,0.0,0.0,62.0,1950,Meta,0.0
2026-08-18,2026-08,Conv | Tof | Multicategory | CA | Direct | Growify,US,14.34,0.0,0.0,0.0,21,Meta,0.0
2026-08-18,2026-08,Conv | Tof | Multicategory | INT | Direct | Growify,CA,1902.06,0.0,0.0,112.0,2184,Meta,0.0
2026-08-18,2026-08,Conv | Tof | Multicategory | INT | Direct | Growify,GB,1017.08,0.0,0.0,47.0,897,Meta,0.0
2026-08-18,2026-08,Conv | Tof | Multicategory | INT | Direct | Growify,US,1207.78,0.0,0.0,29.0,699,Meta,0.0
2026-08-18,2026-08,Conv | Tof | Multicategory | US | Direct | Growify,US,4350.35,0.0,0.0,229.0,2700,Meta,0.0
2026-08-18,2026-08,Growify | MOF & BOF | Sale | India +intl,AU,778.87,0.0,0.0,32.0,873,Meta,0.0
2026-08-18,2026-08,Growify | MOF & BOF | Sale | India +intl,CA,976.08,0.0,0.0,50.0,1049,Meta,0.0
2026-08-18,2026-08,Growify | MOF & BOF | Sale | India +intl,GB,318.75,0.0,0.0,26.0,399,Meta,0.0
2026-08-18,2026-08,Growify | MOF & BOF | Sale | India +intl,IN,7303.92,35950.0,3.0,3867.0,63689,Meta,4.9220144798957275
2026-08-18,2026-08,Growify | MOF & BOF | Sale | India +intl,US,393.95,0.0,0.0,15.0,256,Meta,0.0
2026-08-18,2026-08,Growify | TOF | Sales | India | Open,IN,2503.0099999999998,3366.0,1.0,2609.0,46537,Meta,1.344780883815886
2026-08-19,2026-08,Conv | Tof | Multi Category | Ind | Direct | Growify |,IN,20570.510000000002,11798.0,3.0,9665.0,173864,Meta,0.5735394990206854
2026-08-19,2026-08,Conv | Tof | Multi Category | Ind | Direct | Growify |,PK,0.14,0.0,0.0,0.0,1,Meta,0.0
2026-08-19,2026-08,Conv | Tof | Multi Category | Ind | Direct | Growify | LAL,IN,2950.59,9570.0,1.0,602.0,8879,Meta,3.243419112787612
2026-08-19,2026-08,Conv | Tof | Multi_Category | Ind | Direct | Growify,IN,2399.73,0.0,0.0,579.0,8071,Meta,0.0
2026-08-19,2026-08,Conv | Tof | Multicategory | CA | Direct | Growify,CA,1700.4399999999998,0.0,0.0,87.0,2768,Meta,0.0
2026-08-19,2026-08,Conv | Tof | Multicategory | CA | Direct | Growify,US,12.32,0.0,0.0,0.0,24,Meta,0.0
2026-08-19,2026-08,Conv | Tof | Multicategory | INT | Direct | Growify,CA,2115.4,0.0,0.0,145.0,2659,Meta,0.0
2026-08-19,2026-08,Conv | Tof | Multicategory | INT | Direct | Growify,GB,821.37,0.0,0.0,38.0,828,Meta,0.0
2026-08-19,2026-08,Conv | Tof | Multicategory | INT | Direct | Growify,US,1527.21,0.0,0.0,39.0,784,Meta,0.0
2026-08-19,2026-08,Conv | Tof | Multicategory | US | Direct | Growify,US,5353.19,21450.0,1.0,270.0,3031,Meta,4.0069565997097065
2026-08-19,2026-08,Growify | MOF & BOF | Sale | India +intl,AU,1022.39,0.0,0.0,62.0,1178,Meta,0.0
2026-08-19,2026-08,Growify | MOF & BOF | Sale | India +intl,CA,933.73,0.0,0.0,73.0,1426,Meta,0.0
2026-08-19,2026-08,Growify | MOF & BOF | Sale | India +intl,GB,527.57,0.0,0.0,27.0,599,Meta,0.0
2026-08-19,2026-08,Growify | MOF & BOF | Sale | India +intl,IN,9614.01,18150.0,2.0,5290.0,76944,Meta,1.887869889879457
2026-08-19,2026-08,Growify | MOF & BOF | Sale | India +intl,US,515.539999,0.0,0.0,37.0,406,Meta,0.0
2026-08-19,2026-08,Growify | MOF & BOF | Sale | India +intl,unknown,0.0,0.0,0.0,1.0,0,Meta,0.0
2026-08-19,2026-08,Growify | TOF | Sales | India | Open,IN,2406.2,7399.0,2.0,2691.0,35579,Meta,3.074972986451667
2026-08-20,2026-08,Conv | Tof | Multi Category | Ind | Direct | Growify |,IN,19756.719999,28740.0,4.0,6574.0,109025,Meta,1.4546949089451433
2026-08-20,2026-08,Conv | Tof | Multi Category | Ind | Direct | Growify | LAL,IN,2608.19,0.0,0.0,523.0,8375,Meta,0.0
2026-08-20,2026-08,Conv | Tof | Multi_Category | Ind | Direct | Growify,IN,2643.08,9300.0,1.0,528.0,6615,Meta,3.518622213478215
2026-08-20,2026-08,Conv | Tof | Multicategory | CA | Direct | Growify,CA,1651.38,0.0,0.0,79.0,2131,Meta,0.0
2026-08-20,2026-08,Conv | Tof | Multicategory | CA | Direct | Growify,US,10.879999999999999,0.0,0.0,0.0,17,Meta,0.0
2026-08-20,2026-08,Conv | Tof | Multicategory | INT | Direct | Growify,AU,802.3,0.0,0.0,71.0,786,Meta,0.0
2026-08-20,2026-08,Conv | Tof | Multicategory | INT | Direct | Growify,CA,1781.99,0.0,0.0,126.0,2350,Meta,0.0
2026-08-20,2026-08,Conv | Tof | Multicategory | INT | Direct | Growify,GB,1173.67,0.0,0.0,97.0,1064,Meta,0.0
2026-08-20,2026-08,Conv | Tof | Multicategory | INT | Direct | Growify,US,935.49,0.0,0.0,26.0,502,Meta,0.0
2026-08-20,2026-08,Conv | Tof | Multicategory | US | Direct | Growify,IN,0.0,0.0,0.0,0.0,0,Meta,0.0
2026-08-20,2026-08,Conv | Tof | Multicategory | US | Direct | Growify,US,4806.16,0.0,0.0,183.0,2695,Meta,0.0
2026-08-20,2026-08,Growify | MOF & BOF | Sale | India +intl,AU,968.95,0.0,0.0,76.0,931,Meta,0.0
2026-08-20,2026-08,Growify | MOF & BOF | Sale | India +intl,CA,1002.57,0.0,0.0,71.0,1151,Meta,0.0
2026-08-20,2026-08,Growify | MOF & BOF | Sale | India +intl,GB,380.14,0.0,0.0,14.0,417,Meta,0.0
2026-08-20,2026-08,Growify | MOF & BOF | Sale | India +intl,IN,7719.5599999999995,14731.0,3.0,3920.0,53589,Meta,1.908269383229096
2026-08-20,2026-08,Growify | MOF & BOF | Sale | India +intl,US,741.92,0.0,0.0,17.0,398,Meta,0.0
2026-08-20,2026-08,Growify | TOF | Sales | India | Open,IN,2535.509999,7500.0,1.0,2971.0,36697,Meta,2.957984785292894
2026-08-21,2026-08,Conv | Tof | Multi Category | Ind | Direct | Growify |,IN,19977.08,28039.0,5.0,6116.0,99003,Meta,1.403558478015806
2026-08-21,2026-08,Conv | Tof | Multi Category | Ind | Direct | Growify | LAL,IN,2087.9,0.0,0.0,425.0,5960,Meta,0.0
2026-08-21,2026-08,Conv | Tof | Multi_Category | Ind | Direct | Growify,IN,1910.45,0.0,0.0,302.0,5905,Meta,0.0
2026-08-21,2026-08,Conv | Tof | Multicategory | CA | Direct | Growify,CA,765.98,0.0,0.0,20.0,796,Meta,0.0
2026-08-21,2026-08,Conv | Tof | Multicategory | INT | Direct | Growify,AU,2758.47,0.0,0.0,242.0,2848,Meta,0.0
2026-08-21,2026-08,Conv | Tof | Multicategory | INT | Direct | Growify,CA,1630.67,0.0,0.0,97.0,1792,Meta,0.0
2026-08-21,2026-08,Conv | Tof | Multicategory | INT | Direct | Growify,GB,1601.81,0.0,0.0,131.0,1566,Meta,0.0
2026-08-21,2026-08,Conv | Tof | Multicategory | INT | Direct | Growify,US,0.0,0.0,0.0,0.0,0,Meta,0.0
2026-08-21,2026-08,Conv | Tof | Multicategory | US | Direct | Growify,US,5496.5,77355.0,2.0,315.0,3416,Meta,14.073501319021195
2026-08-21,2026-08,Growify | MOF & BOF | Sale | India +intl,AU,653.2,0.0,0.0,51.0,599,Meta,0.0
2026-08-21,2026-08,Growify | MOF & BOF | Sale | India +intl,CA,1103.75,0.0,0.0,55.0,1136,Meta,0.0
2026-08-21,2026-08,Growify | MOF & BOF | Sale | India +intl,GB,313.52,0.0,0.0,22.0,255,Meta,0.0
2026-08-21,2026-08,Growify | MOF & BOF | Sale | India +intl,IN,6625.05,25386.0,4.0,2855.0,40036,Meta,3.8318201372065115
2026-08-21,2026-08,Growify | MOF & BOF | Sale | India +intl,US,810.38,0.0,0.0,17.0,322,Meta,0.0
2026-08-21,2026-08,Growify | TOF | Sales | India | Open,IN,2127.25,1800.0,1.0,2138.0,29916,Meta,0.8461628863556234
2026-08-22,2026-08,Conv | Tof | Multi Category | Ind | Direct | Growify |,AU,0.0,0.0,0.0,0.0,0,Meta,0.0
2026-08-22,2026-08,Conv | Tof | Multi Category | Ind | Direct | Growify |,IN,15526.5,19064.92,3.0,3804.0,58089,Meta,1.2278955334428234
2026-08-22,2026-08,Conv | Tof | Multi Category | Ind | Direct | Growify | LAL,IN,2410.12,0.0,0.0,470.0,6282,Meta,0.0
2026-08-22,2026-08,Conv | Tof | Multi_Category | Ind | Direct | Growify,IN,1701.78,9500.0,1.0,242.0,4924,Meta,5.582390203199004
2026-08-22,2026-08,Conv | Tof | Multicategory | CA | Direct | Growify,CA,0.0,0.0,0.0,0.0,0,Meta,0.0
2026-08-22,2026-08,Conv | Tof | Multicategory | INT | Direct | Growify,AU,2250.94,0.0,0.0,256.0,2621,Meta,0.0
2026-08-22,2026-08,Conv | Tof | Multicategory | INT | Direct | Growify,CA,1536.34,0.0,0.0,112.0,1822,Meta,0.0
2026-08-22,2026-08,Conv | Tof | Multicategory | INT | Direct | Growify,GB,1720.94,0.0,0.0,142.0,1479,Meta,0.0
2026-08-22,2026-08,Conv | Tof | Multicategory | INT | Direct | Growify,IN,0.0,0.0,0.0,0.0,0,Meta,0.0
2026-08-22,2026-08,Conv | Tof | Multicategory | INT | Direct | Growify,US,0.0,0.0,0.0,0.0,0,Meta,0.0
2026-08-22,2026-08,Conv | Tof | Multicategory | US | Direct | Growify,US,5956.33,0.0,0.0,369.0,3329,Meta,0.0
2026-08-22,2026-08,Growify | MOF & BOF | Sale | India +intl,AU,603.77,6000.0,1.0,47.0,631,Meta,9.937559004256588
2026-08-22,2026-08,Growify | MOF & BOF | Sale | India +intl,CA,827.09,0.0,0.0,38.0,1025,Meta,0.0
2026-08-22,2026-08,Growify | MOF & BOF | Sale | India +intl,GB,249.52,0.0,0.0,39.0,262,Meta,0.0
2026-08-22,2026-08,Growify | MOF & BOF | Sale | India +intl,IN,6156.7699999999995,0.0,0.0,2026.0,27255,Meta,0.0
2026-08-22,2026-08,Growify | MOF & BOF | Sale | India +intl,US,490.79,0.0,0.0,30.0,235,Meta,0.0
2026-08-22,2026-08,Growify | MOF & BOF | Sale | India +intl,unknown,0.0,0.0,0.0,0.0,0,Meta,0.0
2026-08-22,2026-08,Growify | TOF | Sales | India | Open,IN,2307.25,41669.1,2.0,2129.0,26595,Meta,18.06007151370679
2026-08-23,2026-08,Conv | Tof | Multi Category | Ind | Direct | Growify |,IN,18971.269999,16940.5,3.0,4856.0,70192,Meta,0.8929555059251677
2026-08-23,2026-08,Conv | Tof | Multi Category | Ind | Direct | Growify | LAL,IN,2614.02,4999.0,1.0,443.0,5850,Meta,1.9123801654157198
2026-08-23,2026-08,Conv | Tof | Multi_Category | Ind | Direct | Growify,IN,2343.4300000000003,37950.0,1.0,357.0,8057,Meta,16.194211049615305
2026-08-23,2026-08,Conv | Tof | Multicategory | CA | Direct | Growify,CA,0.0,0.0,0.0,0.0,0,Meta,0.0
2026-08-23,2026-08,Conv | Tof | Multicategory | INT | Direct | Growify,AU,2418.74,0.0,0.0,213.0,2678,Meta,0.0
2026-08-23,2026-08,Conv | Tof | Multicategory | INT | Direct | Growify,CA,1925.4399999999998,0.0,0.0,154.0,2328,Meta,0.0
2026-08-23,2026-08,Conv | Tof | Multicategory | INT | Direct | Growify,GB,1795.74,0.0,0.0,161.0,1712,Meta,0.0
2026-08-23,2026-08,Conv | Tof | Multicategory | US | Direct | Growify,US,6744.96,0.0,0.0,423.0,3914,Meta,0.0
2026-08-23,2026-08,Growify | MOF & BOF | Sale | India +intl,AU,600.53,0.0,0.0,35.0,750,Meta,0.0
2026-08-23,2026-08,Growify | MOF & BOF | Sale | India +intl,CA,1216.61,0.0,0.0,98.0,1525,Meta,0.0
2026-08-23,2026-08,Growify | MOF & BOF | Sale | India +intl,GB,382.5,0.0,0.0,20.0,322,Meta,0.0
2026-08-23,2026-08,Growify | MOF & BOF | Sale | India +intl,IN,5633.59,29760.0,4.0,1710.0,26196,Meta,5.282599550198008
2026-08-23,2026-08,Growify | MOF & BOF | Sale | India +intl,US,729.73,0.0,0.0,21.0,467,Meta,0.0
2026-08-23,2026-08,Growify | TOF | Sales | India | Open,IN,2403.19,10500.0,1.0,1899.0,22820,Meta,4.36919261481614
2026-08-24,2026-08,Conv | Tof | Multi Category | Ind | Direct | Growify |,IN,14697.61,5430.0,2.0,3800.0,55245,Meta,0.36944782178871255
2026-08-24,2026-08,Conv | Tof | Multi Category | Ind | Direct | Growify | LAL,IN,2140.17,86350.0,1.0,318.0,5539,Meta,40.347262133381925
2026-08-24,2026-08,Conv | Tof | Multi_Category | Ind | Direct | Growify,IN,2134.549999,0.0,0.0,483.0,8125,Meta,0.0
2026-08-24,2026-08,Conv | Tof | Multicategory | CA | Direct | Growify,CA,0.0,0.0,0.0,0.0,0,Meta,0.0
2026-08-24,2026-08,Conv | Tof | Multicategory | INT | Direct | Growify,AU,842.6,0.0,0.0,61.0,783,Meta,0.0
2026-08-24,2026-08,Conv | Tof | Multicategory | INT | Direct | Growify,CA,965.99,0.0,0.0,93.0,1250,Meta,0.0
2026-08-24,2026-08,Conv | Tof | Multicategory | INT | Direct | Growify,GB,1552.78,0.0,0.0,110.0,1569,Meta,0.0
2026-08-24,2026-08,Conv | Tof | Multicategory | INT | Direct | Growify,US,0.0,0.0,0.0,0.0,0,Meta,0.0
2026-08-24,2026-08,Conv | Tof | Multicategory | US | Direct | Growify,US,4084.48,0.0,0.0,187.0,1990,Meta,0.0
2026-08-24,2026-08,Growify | MOF & BOF | Sale | India +intl,AU,640.57,0.0,0.0,30.0,417,Meta,0.0
2026-08-24,2026-08,Growify | MOF & BOF | Sale | India +intl,CA,1059.46,0.0,0.0,52.0,1083,Meta,0.0
2026-08-24,2026-08,Growify | MOF & BOF | Sale | India +intl,GB,160.88,0.0,0.0,8.0,143,Meta,0.0
2026-08-24,2026-08,Growify | MOF & BOF | Sale | India +intl,IN,3287.8100000000004,17929.0,3.0,932.0,16462,Meta,5.453173997280864
2026-08-24,2026-08,Growify | MOF & BOF | Sale | India +intl,US,362.72,0.0,0.0,14.0,284,Meta,0.0
2026-08-24,2026-08,Growify | TOF | Sales | India | Open,IN,2031.62,28200.0,3.0,1374.0,15715,Meta,13.880548527775865
2026-08-25,2026-08,Conv | Tof | Multi Category | Ind | Direct | Growify |,IN,13101.89,6360.0,2.0,4472.0,61214,Meta,0.4854261484411791
2026-08-25,2026-08,Conv | Tof | Multi Category | Ind | Direct | Growify | LAL,IN,2028.6000000000001,0.0,0.0,351.0,6074,Meta,0.0
2026-08-25,2026-08,Conv | Tof | Multi_Category | Ind | Direct | Growify,IN,1898.62,2400.0,1.0,328.0,7735,Meta,1.2640760131042548
2026-08-25,2026-08,Conv | Tof | Multicategory | CA | Direct | Growify,CA,0.0,0.0,0.0,0.0,0,Meta,0.0
2026-08-25,2026-08,Conv | Tof | Multicategory | INT | Direct | Growify,AU,0.0,0.0,0.0,0.0,0,Meta,0.0
2026-08-25,2026-08,Conv | Tof | Multicategory | INT | Direct | Growify,CA,0.0,0.0,0.0,0.0,0,Meta,0.0
2026-08-25,2026-08,Conv | Tof | Multicategory | INT | Direct | Growify,GB,1885.92,0.0,0.0,110.0,1686,Meta,0.0
2026-08-25,2026-08,Conv | Tof | Multicategory | US | Direct | Growify,US,4004.28,27580.0,1.0,201.0,1836,Meta,6.8876302356478565
2026-08-25,2026-08,Growify | MOF & BOF | Sale | India +intl,AU,566.76,0.0,0.0,28.0,501,Meta,0.0
2026-08-25,2026-08,Growify | MOF & BOF | Sale | India +intl,CA,747.06,0.0,0.0,54.0,976,Meta,0.0
2026-08-25,2026-08,Growify | MOF & BOF | Sale | India +intl,GB,56.82,0.0,0.0,4.0,95,Meta,0.0
2026-08-25,2026-08,Growify | MOF & BOF | Sale | India +intl,IN,2679.28,0.0,0.0,1059.0,16732,Meta,0.0
2026-08-25,2026-08,Growify | MOF & BOF | Sale | India +intl,US,300.32,0.0,0.0,15.0,113,Meta,0.0
2026-08-25,2026-08,Growify | MOF & BOF | Sale | India +intl,unknown,0.0,0.0,0.0,0.0,0,Meta,0.0
2026-08-25,2026-08,Growify | TOF | Sales | India | Open,IN,1898.41,0.0,0.0,1490.0,16704,Meta,0.0
2026-08-26,2026-08,Conv | Tof | Multi Category | Ind | Direct | Growify |,IN,13122.759999999998,11526.0,3.0,6079.0,90600,Meta,0.8783213287448678
2026-08-26,2026-08,Conv | Tof | Multi Category | Ind | Direct | Growify | LAL,IN,2028.62,0.0,0.0,347.0,5034,Meta,0.0
2026-08-26,2026-08,Conv | Tof | Multi_Category | Ind | Direct | Growify,IN,1984.19,0.0,0.0,330.0,7837,Meta,0.0
2026-08-26,2026-08,Conv | Tof | Multicategory | INT | Direct | Growify,AU,0.0,0.0,0.0,0.0,0,Meta,0.0
2026-08-26,2026-08,Conv | Tof | Multicategory | INT | Direct | Growify,CA,0.0,0.0,0.0,0.0,0,Meta,0.0
2026-08-26,2026-08,Conv | Tof | Multicategory | INT | Direct | Growify,GB,615.49,0.0,0.0,54.0,551,Meta,0.0
2026-08-26,2026-08,Conv | Tof | Multicategory | US | Direct | Growify,US,4759.3099999999995,0.0,0.0,235.0,2480,Meta,0.0
2026-08-26,2026-08,Growify | MOF & BOF | Sale | India +intl,AU,1027.97,0.0,0.0,54.0,949,Meta,0.0
2026-08-26,2026-08,Growify | MOF & BOF | Sale | India +intl,CA,1729.48,0.0,0.0,98.0,1716,Meta,0.0
2026-08-26,2026-08,Growify | MOF & BOF | Sale | India +intl,GB,387.419999,0.0,0.0,17.0,332,Meta,0.0
2026-08-26,2026-08,Growify | MOF & BOF | Sale | India +intl,IN,4006.0600000000004,33938.0,4.0,1433.0,21713,Meta,8.471665426878278
2026-08-26,2026-08,Growify | MOF & BOF | Sale | India +intl,US,1067.0900000000001,0.0,0.0,31.0,403,Meta,0.0
2026-08-26,2026-08,Growify | MOF & BOF | Sale | India +intl,unknown,0.0,0.0,0.0,0.0,0,Meta,0.0
2026-08-26,2026-08,Growify | TOF | Sales | India | Open,IN,1533.5900000000001,0.0,0.0,1808.0,22259,Meta,0.0
2026-08-27,2026-08,Conv | Tof | Multi Category | Ind | Direct | Growify |,IN,4943.96,4999.0,1.0,1446.0,25623,Meta,1.011132776155147
2026-08-27,2026-08,Conv | Tof | Multi Category | Ind | Direct | Growify | LAL,IN,579.2900000000001,0.0,0.0,95.0,1774,Meta,0.0
2026-08-27,2026-08,Conv | Tof | Multi_Category | Ind | Direct | Growify,IN,790.52,0.0,0.0,149.0,2423,Meta,0.0
2026-08-27,2026-08,Conv | Tof | Multicategory | INT | Direct | Growify,AU,0.0,0.0,0.0,0.0,0,Meta,0.0
2026-08-27,2026-08,Conv | Tof | Multicategory | INT | Direct | Growify,CA,0.0,0.0,0.0,0.0,0,Meta,0.0
2026-08-27,2026-08,Conv | Tof | Multicategory | INT | Direct | Growify,GB,0.0,0.0,0.0,0.0,0,Meta,0.0
2026-08-27,2026-08,Conv | Tof | Multicategory | US | Direct | Growify,US,3633.53,0.0,0.0,117.0,1726,Meta,0.0
2026-08-27,2026-08,Growify | MOF & BOF | Sale | India +intl,AU,903.182742,0.0,0.0,45.0,744,Meta,0.0
2026-08-27,2026-08,Growify | MOF & BOF | Sale | India +intl,CA,1244.15692,0.0,0.0,81.0,1550,Meta,0.0
2026-08-27,2026-08,Growify | MOF & BOF | Sale | India +intl,GB,154.306989,0.0,0.0,3.0,160,Meta,0.0
2026-08-27,2026-08,Growify | MOF & BOF | Sale | India +intl,IN,1382.17,0.0,0.0,250.0,5527,Meta,0.0
2026-08-27,2026-08,Growify | MOF & BOF | Sale | India +intl,US,1031.033348,0.0,0.0,22.0,356,Meta,0.0
2026-08-27,2026-08,Growify | MOF & BOF | Sale | India +intl,unknown,0.0,0.0,0.0,0.0,0,Meta,0.0
2026-08-27,2026-08,Growify | TOF | Sales | India | Open,IN,862.6099999999999,24280.0,1.0,659.0,8930,Meta,28.14713485816302
